district,week_start,week_of_year,lst_celsius,rainfall_mm,ndwi_index,humidity_proxy_pct,population_density,dengue_cases,lst_lag2,rainfall_lag2,ndwi_lag2,humidity_lag2,lst_lag4,rainfall_lag4,ndwi_lag4,humidity_lag4,lst_lag6,rainfall_lag6,ndwi_lag6,humidity_lag6,rainfall_roll4,ndwi_roll4,humidity_roll4,month,is_monsoon_season,is_post_monsoon,cases_lag1,cases_lag4,cases_roll4,target_cases_4wk_ahead
Bhubaneswar,2019-02-18,8,25.76,0.0,-0.194,40.4,2100.9,3,27.07,0.0,-0.194,40.2,23.9,0.75,-0.183,40.1,21.47,0.0,-0.203,40.1,1.725,-0.17975000000000002,40.275000000000006,2,0,0,4.0,3.0,3.0,4.0
Bhubaneswar,2019-02-25,9,25.47,2.66,-0.163,40.6,2098.6,2,24.84,4.48,-0.142,40.3,23.05,2.42,-0.189,40.2,22.58,0.0,-0.228,40.1,1.7850000000000001,-0.17325,40.375,2,0,0,3.0,3.0,2.75,4.0
Bhubaneswar,2019-03-04,10,29.46,0.0,-0.179,40.8,2106.9,3,25.76,0.0,-0.194,40.4,27.07,0.0,-0.194,40.2,23.9,0.75,-0.183,40.1,1.7850000000000001,-0.1695,40.525,3,0,0,2.0,2.0,3.0,6.0
Bhubaneswar,2019-03-11,11,29.28,0.75,-0.16,41.0,2100.9,5,25.47,2.66,-0.163,40.6,24.84,4.48,-0.142,40.3,23.05,2.42,-0.189,40.2,0.8525,-0.174,40.699999999999996,3,0,0,3.0,4.0,3.25,7.0
Bhubaneswar,2019-03-18,12,30.04,0.0,-0.202,41.3,2096.9,4,29.46,0.0,-0.179,40.8,25.76,0.0,-0.194,40.4,27.07,0.0,-0.194,40.2,0.8525,-0.17600000000000002,40.925,3,0,0,5.0,3.0,3.5,6.0
Bhubaneswar,2019-03-25,13,29.31,2.79,-0.243,41.6,2106.9,4,29.28,0.75,-0.16,41.0,25.47,2.66,-0.163,40.6,24.84,4.48,-0.142,40.3,0.885,-0.196,41.175,3,0,0,4.0,2.0,4.0,6.0
Bhubaneswar,2019-04-01,14,29.83,0.0,-0.146,42.0,2105.3,6,30.04,0.0,-0.202,41.3,29.46,0.0,-0.179,40.8,25.76,0.0,-0.194,40.4,0.885,-0.18775,41.474999999999994,4,0,0,4.0,3.0,4.75,8.0
Bhubaneswar,2019-04-08,15,29.1,2.52,-0.116,42.5,2096.5,7,29.31,2.79,-0.243,41.6,29.28,0.75,-0.16,41.0,25.47,2.66,-0.163,40.6,1.3275000000000001,-0.17675,41.849999999999994,4,0,0,6.0,5.0,5.25,6.0
Bhubaneswar,2019-04-15,16,30.95,6.0,-0.132,43.1,2099.6,6,29.83,0.0,-0.146,42.0,30.04,0.0,-0.202,41.3,29.46,0.0,-0.179,40.8,2.8275,-0.15925,42.300000000000004,4,0,0,7.0,4.0,5.75,8.0
Bhubaneswar,2019-04-22,17,31.32,3.66,-0.22,43.7,2100.0,6,29.1,2.52,-0.116,42.5,29.31,2.79,-0.243,41.6,29.28,0.75,-0.16,41.0,3.045,-0.1535,42.825,4,0,0,6.0,4.0,6.25,10.0
Bhubaneswar,2019-04-29,18,31.47,6.1,-0.127,44.5,2103.8,8,30.95,6.0,-0.132,43.1,29.83,0.0,-0.146,42.0,30.04,0.0,-0.202,41.3,4.57,-0.14875,43.45,4,0,0,6.0,6.0,6.75,9.0
Bhubaneswar,2019-05-06,19,31.57,2.61,-0.133,45.3,2098.9,6,31.32,3.66,-0.22,43.7,29.1,2.52,-0.116,42.5,29.31,2.79,-0.243,41.6,4.5925,-0.153,44.15,5,0,0,8.0,7.0,6.5,7.0
Bhubaneswar,2019-05-13,20,32.88,15.67,-0.1,46.2,2097.9,8,31.47,6.1,-0.127,44.5,30.95,6.0,-0.132,43.1,29.83,0.0,-0.146,42.0,7.01,-0.14500000000000002,44.925000000000004,5,0,0,6.0,6.0,7.0,10.0
Bhubaneswar,2019-05-20,21,32.59,12.45,-0.056,47.1,2105.9,10,31.57,2.61,-0.133,45.3,31.32,3.66,-0.22,43.7,29.1,2.52,-0.116,42.5,9.2075,-0.10400000000000001,45.775,5,0,0,8.0,6.0,8.0,10.0
Bhubaneswar,2019-05-27,22,30.69,14.9,-0.063,48.1,2102.0,9,32.88,15.67,-0.1,46.2,31.47,6.1,-0.127,44.5,30.95,6.0,-0.132,43.1,11.407499999999999,-0.08800000000000001,46.675,5,0,0,10.0,8.0,8.25,10.0
Bhubaneswar,2019-06-03,23,31.98,13.44,-0.066,49.1,2095.2,7,32.59,12.45,-0.056,47.1,31.57,2.61,-0.133,45.3,31.32,3.66,-0.22,43.7,14.114999999999998,-0.07125000000000001,47.625,6,1,0,9.0,6.0,8.5,11.0
Bhubaneswar,2019-06-10,24,33.05,9.22,-0.094,50.1,2102.5,10,30.69,14.9,-0.063,48.1,32.88,15.67,-0.1,46.2,31.47,6.1,-0.127,44.5,12.5025,-0.06975,48.6,6,1,0,7.0,8.0,9.0,10.0
Bhubaneswar,2019-06-17,25,32.13,23.49,-0.064,51.1,2099.1,10,31.98,13.44,-0.066,49.1,32.59,12.45,-0.056,47.1,31.57,2.61,-0.133,45.3,15.2625,-0.07175000000000001,49.6,6,1,0,10.0,10.0,9.0,12.0
Bhubaneswar,2019-06-24,26,34.53,20.4,-0.031,52.0,2110.3,10,33.05,9.22,-0.094,50.1,30.69,14.9,-0.063,48.1,32.88,15.67,-0.1,46.2,16.6375,-0.06375,50.575,6,1,0,10.0,9.0,9.25,12.0
Bhubaneswar,2019-07-01,27,31.84,25.99,0.02,52.9,2106.2,11,32.13,23.49,-0.064,51.1,31.98,13.44,-0.066,49.1,32.59,12.45,-0.056,47.1,19.775,-0.04225,51.525,7,1,0,10.0,7.0,10.25,12.0
Bhubaneswar,2019-07-08,28,32.53,25.21,0.021,53.6,2099.0,10,34.53,20.4,-0.031,52.0,33.05,9.22,-0.094,50.1,30.69,14.9,-0.063,48.1,23.7725,-0.0135,52.4,7,1,0,11.0,10.0,10.25,13.0
Bhubaneswar,2019-07-15,29,30.74,20.51,-0.051,54.2,2104.9,12,31.84,25.99,0.02,52.9,32.13,23.49,-0.064,51.1,31.98,13.44,-0.066,49.1,23.027499999999996,-0.010249999999999999,53.175,7,1,0,10.0,10.0,10.75,12.0
Bhubaneswar,2019-07-22,30,32.53,28.1,0.022,54.6,2102.7,12,32.53,25.21,0.021,53.6,34.53,20.4,-0.031,52.0,33.05,9.22,-0.094,50.1,24.9525,0.003000000000000001,53.825,7,1,0,12.0,10.0,11.25,15.0
Bhubaneswar,2019-07-29,31,32.15,23.94,0.017,54.9,2096.6,12,30.74,20.51,-0.051,54.2,31.84,25.99,0.02,52.9,32.13,23.49,-0.064,51.1,24.44,0.002250000000000001,54.325,7,1,0,12.0,11.0,11.5,14.0
Bhubaneswar,2019-08-05,32,30.33,24.92,-0.042,55.0,2101.9,13,32.53,28.1,0.022,54.6,32.53,25.21,0.021,53.6,34.53,20.4,-0.031,52.0,24.3675,-0.0135,54.675,8,1,0,12.0,10.0,12.25,13.0
Bhubaneswar,2019-08-12,33,29.14,28.16,0.035,54.9,2106.4,12,32.15,23.94,0.017,54.9,30.74,20.51,-0.051,54.2,31.84,25.99,0.02,52.9,26.28,0.008,54.85,8,1,0,13.0,12.0,12.25,13.0
Bhubaneswar,2019-08-19,34,25.81,14.38,-0.038,54.6,2103.6,15,30.33,24.92,-0.042,55.0,32.53,28.1,0.022,54.6,32.53,25.21,0.021,53.6,22.85,-0.006999999999999999,54.849999999999994,8,1,0,12.0,12.0,13.0,13.0
Bhubaneswar,2019-08-26,35,27.89,19.17,0.028,54.2,2095.3,14,29.14,28.16,0.035,54.9,32.15,23.94,0.017,54.9,30.74,20.51,-0.051,54.2,21.657500000000002,-0.0042499999999999994,54.675000000000004,8,1,0,15.0,12.0,13.5,12.0
Bhubaneswar,2019-09-02,36,27.64,10.71,-0.102,53.6,2096.8,13,25.81,14.38,-0.038,54.6,30.33,24.92,-0.042,55.0,32.53,28.1,0.022,54.6,18.105000000000004,-0.019249999999999996,54.324999999999996,9,1,1,14.0,13.0,13.5,12.0
Bhubaneswar,2019-09-09,37,22.03,10.13,-0.154,52.9,2097.2,13,27.89,19.17,0.028,54.2,29.14,28.16,0.035,54.9,32.15,23.94,0.017,54.9,13.597500000000002,-0.0665,53.825,9,1,1,13.0,12.0,13.75,9.0
Bhubaneswar,2019-09-16,38,24.41,20.17,0.003,52.0,2112.4,13,27.64,10.71,-0.102,53.6,25.81,14.38,-0.038,54.6,30.33,24.92,-0.042,55.0,15.045000000000002,-0.056249999999999994,53.175,9,1,1,13.0,15.0,13.25,7.0
Bhubaneswar,2019-09-23,39,24.87,1.93,-0.129,51.1,2095.6,12,22.03,10.13,-0.154,52.9,27.89,19.17,0.028,54.2,29.14,28.16,0.035,54.9,10.735000000000001,-0.0955,52.4,9,1,1,13.0,14.0,12.75,7.0
Bhubaneswar,2019-09-30,40,25.22,1.67,-0.206,50.1,2114.7,12,24.41,20.17,0.003,52.0,27.64,10.71,-0.102,53.6,25.81,14.38,-0.038,54.6,8.475000000000001,-0.1215,51.525000000000006,9,1,1,12.0,13.0,12.5,6.0
Bhubaneswar,2019-10-07,41,21.32,4.76,-0.161,49.1,2100.1,9,24.87,1.93,-0.129,51.1,22.03,10.13,-0.154,52.9,27.89,19.17,0.028,54.2,7.1325,-0.12325,50.575,10,0,1,12.0,13.0,11.5,7.0
Bhubaneswar,2019-10-14,42,21.24,9.7,-0.116,48.1,2109.1,7,25.22,1.67,-0.206,50.1,24.41,20.17,0.003,52.0,27.64,10.71,-0.102,53.6,4.515,-0.153,49.6,10,0,1,9.0,13.0,10.0,5.0
Bhubaneswar,2019-10-21,43,21.22,11.55,-0.107,47.1,2105.2,7,21.32,4.76,-0.161,49.1,24.87,1.93,-0.129,51.1,22.03,10.13,-0.154,52.9,6.92,-0.1475,48.6,10,0,1,7.0,12.0,8.75,6.0
Bhubaneswar,2019-10-28,44,22.95,5.0,-0.113,46.2,2107.8,6,21.24,9.7,-0.116,48.1,25.22,1.67,-0.206,50.1,24.41,20.17,0.003,52.0,7.7524999999999995,-0.12425000000000001,47.62500000000001,10,0,1,7.0,12.0,7.25,5.0
Bhubaneswar,2019-11-04,45,21.82,2.39,-0.15,45.3,2089.5,7,21.22,11.55,-0.107,47.1,21.32,4.76,-0.161,49.1,24.87,1.93,-0.129,51.1,7.16,-0.1215,46.675,11,0,1,6.0,9.0,6.75,5.0
Bhubaneswar,2019-11-11,46,22.69,2.65,-0.139,44.5,2099.8,5,22.95,5.0,-0.113,46.2,21.24,9.7,-0.116,48.1,25.22,1.67,-0.206,50.1,5.3975,-0.12725,45.775,11,0,1,7.0,7.0,6.25,4.0
Bhubaneswar,2019-11-18,47,22.83,4.09,-0.133,43.7,2097.5,6,21.82,2.39,-0.15,45.3,21.22,11.55,-0.107,47.1,21.32,4.76,-0.161,49.1,3.5324999999999998,-0.13375,44.925000000000004,11,0,1,5.0,7.0,6.0,6.0
Bhubaneswar,2019-11-25,48,20.6,3.58,-0.155,43.1,2103.9,5,22.69,2.65,-0.139,44.5,22.95,5.0,-0.113,46.2,21.24,9.7,-0.116,48.1,3.1775,-0.14425,44.15,11,0,1,6.0,6.0,5.75,5.0
Bhubaneswar,2019-12-02,49,22.53,3.01,-0.154,42.5,2109.2,5,22.83,4.09,-0.133,43.7,21.82,2.39,-0.15,45.3,21.22,11.55,-0.107,47.1,3.3324999999999996,-0.14525,43.45,12,0,0,5.0,7.0,5.25,4.0
Bhubaneswar,2019-12-09,50,21.13,0.0,-0.197,42.0,2094.9,4,20.6,3.58,-0.155,43.1,22.69,2.65,-0.139,44.5,22.95,5.0,-0.113,46.2,2.67,-0.15975,42.825,12,0,0,5.0,5.0,5.0,4.0
Bhubaneswar,2019-12-16,51,20.22,0.0,-0.245,41.6,2102.5,6,22.53,3.01,-0.154,42.5,22.83,4.09,-0.133,43.7,21.82,2.39,-0.15,45.3,1.6475,-0.18775,42.3,12,0,0,4.0,6.0,5.0,2.0
Bhubaneswar,2019-12-23,52,19.15,0.0,-0.189,41.3,2105.1,5,21.13,0.0,-0.197,42.0,20.6,3.58,-0.155,43.1,22.69,2.65,-0.139,44.5,0.7525,-0.19624999999999998,41.85,12,0,0,6.0,5.0,5.0,2.0
Bhubaneswar,2019-12-30,1,22.62,1.19,-0.212,40.0,2100.1,4,20.22,0.0,-0.245,41.6,22.53,3.01,-0.154,42.5,22.83,4.09,-0.133,43.7,0.2975,-0.21075000000000002,41.225,12,0,0,5.0,5.0,4.75,3.0
Bhubaneswar,2020-01-06,2,23.26,2.58,-0.208,40.1,2106.7,4,19.15,0.0,-0.189,41.3,21.13,0.0,-0.197,42.0,20.6,3.58,-0.155,43.1,0.9425,-0.2135,40.75,1,0,0,4.0,4.0,4.75,2.0
Bhubaneswar,2020-01-13,3,21.26,0.0,-0.171,40.1,2101.0,2,22.62,1.19,-0.212,40.0,20.22,0.0,-0.245,41.6,22.53,3.01,-0.154,42.5,0.9425,-0.195,40.375,1,0,0,4.0,6.0,3.75,3.0
Bhubaneswar,2020-01-20,4,24.64,5.9,-0.168,40.1,2103.6,2,23.26,2.58,-0.208,40.1,19.15,0.0,-0.189,41.3,21.13,0.0,-0.197,42.0,2.4175,-0.18974999999999997,40.075,1,0,0,2.0,5.0,3.0,2.0
Bhubaneswar,2020-01-27,5,24.06,0.0,-0.167,40.2,2106.6,3,21.26,0.0,-0.171,40.1,22.62,1.19,-0.212,40.0,20.22,0.0,-0.245,41.6,2.12,-0.1785,40.125,1,0,0,2.0,4.0,2.75,3.0
Bhubaneswar,2020-02-03,6,24.78,1.56,-0.216,40.2,2107.3,2,24.64,5.9,-0.168,40.1,23.26,2.58,-0.208,40.1,19.15,0.0,-0.189,41.3,1.8650000000000002,-0.1805,40.150000000000006,2,0,0,3.0,4.0,2.25,5.0
Bhubaneswar,2020-02-10,7,24.19,0.0,-0.158,40.3,2108.8,3,24.06,0.0,-0.167,40.2,21.26,0.0,-0.171,40.1,22.62,1.19,-0.212,40.0,1.8650000000000002,-0.17725,40.2,2,0,0,2.0,2.0,2.5,3.0
Bhubaneswar,2020-02-17,8,24.46,7.67,-0.183,40.4,2098.9,2,24.78,1.56,-0.216,40.2,24.64,5.9,-0.168,40.1,23.26,2.58,-0.208,40.1,2.3075,-0.181,40.275,2,0,0,3.0,2.0,2.5,3.0
Bhubaneswar,2020-02-24,9,26.55,3.34,-0.162,40.6,2105.1,3,24.19,0.0,-0.158,40.3,24.06,0.0,-0.167,40.2,21.26,0.0,-0.171,40.1,3.1425,-0.17975000000000002,40.375,2,0,0,2.0,3.0,2.5,19.0
Bhubaneswar,2020-03-02,10,27.14,1.74,-0.124,40.8,2109.8,5,24.46,7.67,-0.183,40.4,24.78,1.56,-0.216,40.2,24.64,5.9,-0.168,40.1,3.1875,-0.15675,40.525,3,0,0,3.0,2.0,3.25,4.0
Bhubaneswar,2020-03-09,11,26.46,0.0,-0.212,41.0,2105.2,3,26.55,3.34,-0.162,40.6,24.19,0.0,-0.158,40.3,24.06,0.0,-0.167,40.2,3.1875,-0.17025,40.7,3,0,0,5.0,3.0,3.25,6.0
Bhubaneswar,2020-03-16,12,29.56,0.72,-0.186,41.3,2109.4,3,27.14,1.74,-0.124,40.8,24.46,7.67,-0.183,40.4,24.78,1.56,-0.216,40.2,1.45,-0.17099999999999999,40.925,3,0,0,3.0,2.0,3.5,4.0
Bhubaneswar,2020-03-23,13,29.81,1.11,-0.183,41.6,2115.6,19,26.46,0.0,-0.212,41.0,26.55,3.34,-0.162,40.6,24.19,0.0,-0.158,40.3,0.8925000000000001,-0.17625000000000002,41.175,3,0,0,3.0,3.0,7.5,6.0
Bhubaneswar,2020-03-30,14,28.83,0.0,-0.222,42.0,2091.1,4,29.56,0.72,-0.186,41.3,27.14,1.74,-0.124,40.8,24.46,7.67,-0.183,40.4,0.4575,-0.20074999999999998,41.475,3,0,0,19.0,5.0,7.25,6.0
Bhubaneswar,2020-04-06,15,29.47,0.76,-0.223,42.5,2095.1,6,29.81,1.11,-0.183,41.6,26.46,0.0,-0.212,41.0,26.55,3.34,-0.162,40.6,0.6475,-0.2035,41.85,4,0,0,4.0,3.0,8.0,6.0
Bhubaneswar,2020-04-13,16,30.19,5.82,-0.188,43.1,2103.7,4,28.83,0.0,-0.222,42.0,29.56,0.72,-0.186,41.3,27.14,1.74,-0.124,40.8,1.9225,-0.20400000000000001,42.3,4,0,0,6.0,3.0,8.25,7.0
Bhubaneswar,2020-04-20,17,32.61,4.98,-0.162,43.7,2104.0,6,29.47,0.76,-0.223,42.5,29.81,1.11,-0.183,41.6,26.46,0.0,-0.212,41.0,2.89,-0.19874999999999998,42.825,4,0,0,4.0,19.0,5.0,7.0
Bhubaneswar,2020-04-27,18,29.81,6.02,-0.149,44.5,2105.2,6,30.19,5.82,-0.188,43.1,28.83,0.0,-0.222,42.0,29.56,0.72,-0.186,41.3,4.395,-0.1805,43.45,4,0,0,6.0,4.0,5.5,8.0
Bhubaneswar,2020-05-04,19,30.81,8.64,-0.163,45.3,2105.2,6,32.61,4.98,-0.162,43.7,29.47,0.76,-0.223,42.5,29.81,1.11,-0.183,41.6,6.365,-0.1655,44.150000000000006,5,0,0,6.0,6.0,5.5,8.0
Bhubaneswar,2020-05-11,20,29.67,10.71,-0.113,46.2,2106.7,7,29.81,6.02,-0.149,44.5,30.19,5.82,-0.188,43.1,28.83,0.0,-0.222,42.0,7.5875,-0.14675,44.925,5,0,0,6.0,4.0,6.25,8.0
Bhubaneswar,2020-05-18,21,32.28,8.77,-0.121,47.1,2107.0,7,30.81,8.64,-0.163,45.3,32.61,4.98,-0.162,43.7,29.47,0.76,-0.223,42.5,8.535,-0.1365,45.775,5,0,0,7.0,6.0,6.5,9.0
Bhubaneswar,2020-05-25,22,33.42,10.93,-0.086,48.1,2113.0,8,29.67,10.71,-0.113,46.2,29.81,6.02,-0.149,44.5,30.19,5.82,-0.188,43.1,9.762500000000001,-0.12075,46.675,5,0,0,7.0,6.0,7.0,11.0
Bhubaneswar,2020-06-01,23,34.26,16.47,-0.055,49.1,2101.7,8,32.28,8.77,-0.121,47.1,30.81,8.64,-0.163,45.3,32.61,4.98,-0.162,43.7,11.72,-0.09375,47.625,6,1,0,8.0,6.0,7.5,11.0
Bhubaneswar,2020-06-08,24,34.29,16.21,-0.059,50.1,2113.8,8,33.42,10.93,-0.086,48.1,29.67,10.71,-0.113,46.2,29.81,6.02,-0.149,44.5,13.095,-0.08025,48.6,6,1,0,8.0,7.0,7.75,11.0
Bhubaneswar,2020-06-15,25,31.13,12.27,-0.027,51.1,2099.9,9,34.26,16.47,-0.055,49.1,32.28,8.77,-0.121,47.1,30.81,8.64,-0.163,45.3,13.969999999999999,-0.05675,49.6,6,1,0,8.0,7.0,8.25,10.0
Bhubaneswar,2020-06-22,26,33.78,19.5,-0.021,52.0,2103.5,11,34.29,16.21,-0.059,50.1,33.42,10.93,-0.086,48.1,29.67,10.71,-0.113,46.2,16.1125,-0.0405,50.575,6,1,0,9.0,8.0,9.0,12.0
Bhubaneswar,2020-06-29,27,31.51,20.64,0.008,52.9,2112.2,11,31.13,12.27,-0.027,51.1,34.26,16.47,-0.055,49.1,32.28,8.77,-0.121,47.1,17.155,-0.024749999999999998,51.525,6,1,0,11.0,8.0,9.75,12.0
Bhubaneswar,2020-07-06,28,32.99,26.62,0.055,53.6,2101.4,11,33.78,19.5,-0.021,52.0,34.29,16.21,-0.059,50.1,33.42,10.93,-0.086,48.1,19.7575,0.00375,52.4,7,1,0,11.0,8.0,10.5,16.0
Bhubaneswar,2020-07-13,29,31.35,27.23,0.052,54.2,2105.2,10,31.51,20.64,0.008,52.9,31.13,12.27,-0.027,51.1,34.26,16.47,-0.055,49.1,23.497500000000002,0.0235,53.175000000000004,7,1,0,11.0,9.0,10.75,16.0
Bhubaneswar,2020-07-20,30,29.16,16.82,-0.026,54.6,2110.7,12,32.99,26.62,0.055,53.6,33.78,19.5,-0.021,52.0,34.29,16.21,-0.059,50.1,22.8275,0.02225,53.825,7,1,0,10.0,11.0,11.0,14.0
Bhubaneswar,2020-07-27,31,30.12,26.08,-0.015,54.9,2101.5,12,31.35,27.23,0.052,54.2,31.51,20.64,0.008,52.9,31.13,12.27,-0.027,51.1,24.1875,0.016499999999999997,54.325,7,1,0,12.0,11.0,11.25,12.0
Bhubaneswar,2020-08-03,32,28.61,23.46,-0.0,55.0,2104.9,16,29.16,16.82,-0.026,54.6,32.99,26.62,0.055,53.6,33.78,19.5,-0.021,52.0,23.3975,0.00275,54.675000000000004,8,1,0,12.0,11.0,12.5,12.0
Bhubaneswar,2020-08-10,33,28.0,30.11,0.057,54.9,2101.8,16,30.12,26.08,-0.015,54.9,31.35,27.23,0.052,54.2,31.51,20.64,0.008,52.9,24.1175,0.004000000000000002,54.849999999999994,8,1,0,16.0,10.0,14.0,13.0
Bhubaneswar,2020-08-17,34,25.9,18.98,0.009,54.6,2117.9,14,28.61,23.46,-0.0,55.0,29.16,16.82,-0.026,54.6,32.99,26.62,0.055,53.6,24.6575,0.01275,54.85,8,1,0,16.0,12.0,14.5,13.0
Bhubaneswar,2020-08-24,35,28.08,18.28,0.037,54.2,2109.8,12,28.0,30.11,0.057,54.9,30.12,26.08,-0.015,54.9,31.35,27.23,0.052,54.2,22.707500000000003,0.025750000000000002,54.675,8,1,0,14.0,12.0,14.5,11.0
Bhubaneswar,2020-08-31,36,26.28,16.89,-0.048,53.6,2109.5,12,25.9,18.98,0.009,54.6,28.61,23.46,-0.0,55.0,29.16,16.82,-0.026,54.6,21.064999999999998,0.01375,54.325,8,1,0,12.0,16.0,13.5,11.0
Bhubaneswar,2020-09-07,37,25.48,8.95,-0.069,52.9,2113.6,13,28.08,18.28,0.037,54.2,28.0,30.11,0.057,54.9,30.12,26.08,-0.015,54.9,15.774999999999999,-0.017750000000000002,53.825,9,1,1,12.0,16.0,12.75,10.0
Bhubaneswar,2020-09-14,38,25.62,14.01,-0.074,52.0,2113.1,13,26.28,16.89,-0.048,53.6,25.9,18.98,0.009,54.6,28.61,23.46,-0.0,55.0,14.5325,-0.0385,53.175,9,1,1,13.0,14.0,12.5,8.0
Bhubaneswar,2020-09-21,39,24.95,5.61,-0.091,51.1,2107.4,11,25.48,8.95,-0.069,52.9,28.08,18.28,0.037,54.2,28.0,30.11,0.057,54.9,11.365,-0.07050000000000001,52.400000000000006,9,1,1,13.0,12.0,12.25,8.0
Bhubaneswar,2020-09-28,40,24.95,9.95,-0.125,50.1,2116.4,11,25.62,14.01,-0.074,52.0,26.28,16.89,-0.048,53.6,25.9,18.98,0.009,54.6,9.629999999999999,-0.08975,51.525,9,1,1,11.0,12.0,12.0,9.0
Bhubaneswar,2020-10-05,41,21.6,3.3,-0.22,49.1,2109.5,10,24.95,5.61,-0.091,51.1,25.48,8.95,-0.069,52.9,28.08,18.28,0.037,54.2,8.2175,-0.1275,50.575,10,0,1,11.0,13.0,11.25,7.0
Bhubaneswar,2020-10-12,42,24.63,6.82,-0.183,48.1,2106.6,8,24.95,9.95,-0.125,50.1,25.62,14.01,-0.074,52.0,26.28,16.89,-0.048,53.6,6.420000000000001,-0.15475,49.6,10,0,1,10.0,13.0,10.0,5.0
Bhubaneswar,2020-10-19,43,23.12,2.11,-0.155,47.1,2100.0,8,21.6,3.3,-0.22,49.1,24.95,5.61,-0.091,51.1,25.48,8.95,-0.069,52.9,5.545,-0.17075,48.60000000000001,10,0,1,8.0,11.0,9.25,6.0
Bhubaneswar,2020-10-26,44,21.41,3.11,-0.124,46.2,2110.3,9,24.63,6.82,-0.183,48.1,24.95,9.95,-0.125,50.1,25.62,14.01,-0.074,52.0,3.835,-0.1705,47.625,10,0,1,8.0,11.0,8.75,5.0
Bhubaneswar,2020-11-02,45,21.23,4.59,-0.167,45.3,2101.8,7,23.12,2.11,-0.155,47.1,21.6,3.3,-0.22,49.1,24.95,5.61,-0.091,51.1,4.1575,-0.15725,46.675,11,0,1,9.0,10.0,8.0,5.0
Bhubaneswar,2020-11-09,46,20.99,1.99,-0.18,44.5,2103.6,5,21.41,3.11,-0.124,46.2,24.63,6.82,-0.183,48.1,24.95,9.95,-0.125,50.1,2.9499999999999997,-0.1565,45.775000000000006,11,0,1,7.0,8.0,7.25,6.0
Bhubaneswar,2020-11-16,47,20.91,3.46,-0.161,43.7,2106.3,6,21.23,4.59,-0.167,45.3,23.12,2.11,-0.155,47.1,21.6,3.3,-0.22,49.1,3.2874999999999996,-0.158,44.925,11,0,1,5.0,8.0,6.75,3.0
Bhubaneswar,2020-11-23,48,22.25,0.0,-0.225,43.1,2114.1,5,20.99,1.99,-0.18,44.5,21.41,3.11,-0.124,46.2,24.63,6.82,-0.183,48.1,2.51,-0.18325,44.15,11,0,1,6.0,9.0,5.75,5.0
Bhubaneswar,2020-11-30,49,22.19,0.0,-0.189,42.5,2100.2,5,20.91,3.46,-0.161,43.7,21.23,4.59,-0.167,45.3,23.12,2.11,-0.155,47.1,1.3625,-0.18875000000000003,43.45,11,0,1,5.0,7.0,5.25,5.0
Bhubaneswar,2020-12-07,50,20.01,0.0,-0.179,42.0,2113.0,6,22.25,0.0,-0.225,43.1,20.99,1.99,-0.18,44.5,21.41,3.11,-0.124,46.2,0.865,-0.1885,42.825,12,0,0,5.0,5.0,5.5,4.0
Bhubaneswar,2020-12-14,51,22.23,0.0,-0.199,41.6,2105.3,3,22.19,0.0,-0.189,42.5,20.91,3.46,-0.161,43.7,21.23,4.59,-0.167,45.3,0.0,-0.198,42.3,12,0,0,6.0,6.0,4.75,4.0
Bhubaneswar,2020-12-21,52,20.7,0.0,-0.186,41.3,2116.6,5,20.01,0.0,-0.179,42.0,22.25,0.0,-0.225,43.1,20.99,1.99,-0.18,44.5,0.0,-0.18825,41.85,12,0,0,3.0,5.0,4.75,3.0
Bhubaneswar,2020-12-28,53,21.62,4.7,-0.181,41.0,2103.3,5,22.23,0.0,-0.199,41.6,22.19,0.0,-0.189,42.5,20.91,3.46,-0.161,43.7,1.175,-0.18625000000000003,41.475,12,0,0,5.0,5.0,4.75,5.0
Bhubaneswar,2021-01-04,1,20.58,0.0,-0.159,40.0,2114.0,4,20.7,0.0,-0.186,41.3,20.01,0.0,-0.179,42.0,22.25,0.0,-0.225,43.1,1.175,-0.18125,40.975,1,0,0,5.0,6.0,4.25,4.0
Bhubaneswar,2021-01-11,2,22.63,0.46,-0.176,40.1,2111.1,4,21.62,4.7,-0.181,41.0,22.23,0.0,-0.199,41.6,22.19,0.0,-0.189,42.5,1.29,-0.17550000000000002,40.6,1,0,0,4.0,3.0,4.5,3.0
Bhubaneswar,2021-01-18,3,23.03,3.82,-0.218,40.1,2101.5,3,20.58,0.0,-0.159,40.0,20.7,0.0,-0.186,41.3,20.01,0.0,-0.179,42.0,2.245,-0.1835,40.3,1,0,0,4.0,5.0,4.0,3.0
Bhubaneswar,2021-01-25,4,23.6,3.64,-0.215,40.1,2120.6,5,22.63,0.46,-0.176,40.1,21.62,4.7,-0.181,41.0,22.23,0.0,-0.199,41.6,1.98,-0.19199999999999998,40.075,1,0,0,3.0,5.0,4.0,3.0
Bhubaneswar,2021-02-01,5,25.2,0.0,-0.191,40.2,2112.7,4,23.03,3.82,-0.218,40.1,20.58,0.0,-0.159,40.0,20.7,0.0,-0.186,41.3,1.98,-0.2,40.125,2,0,0,5.0,4.0,4.0,3.0
Bhubaneswar,2021-02-08,6,24.09,0.0,-0.184,40.2,2106.1,3,23.6,3.64,-0.215,40.1,22.63,0.46,-0.176,40.1,21.62,4.7,-0.181,41.0,1.865,-0.20199999999999999,40.150000000000006,2,0,0,4.0,4.0,3.75,3.0
Bhubaneswar,2021-02-15,7,25.39,0.0,-0.181,40.3,2111.9,3,25.2,0.0,-0.191,40.2,23.03,3.82,-0.218,40.1,20.58,0.0,-0.159,40.0,0.91,-0.19275,40.2,2,0,0,3.0,3.0,3.75,4.0
Bhubaneswar,2021-02-22,8,24.28,0.0,-0.207,40.4,2105.0,3,24.09,0.0,-0.184,40.2,23.6,3.64,-0.215,40.1,22.63,0.46,-0.176,40.1,0.0,-0.19075,40.275000000000006,2,0,0,3.0,5.0,3.25,4.0
Bhubaneswar,2021-03-01,9,26.71,0.77,-0.184,40.6,2110.4,3,25.39,0.0,-0.181,40.3,25.2,0.0,-0.191,40.2,23.03,3.82,-0.218,40.1,0.1925,-0.189,40.375,3,0,0,3.0,4.0,3.0,3.0
Bhubaneswar,2021-03-08,10,26.5,1.42,-0.15,40.8,2102.5,3,24.28,0.0,-0.207,40.4,24.09,0.0,-0.184,40.2,23.6,3.64,-0.215,40.1,0.5475,-0.1805,40.525,3,0,0,3.0,3.0,3.0,4.0
Bhubaneswar,2021-03-15,11,25.86,1.78,-0.157,41.0,2102.2,4,26.71,0.77,-0.184,40.6,25.39,0.0,-0.181,40.3,25.2,0.0,-0.191,40.2,0.9924999999999999,-0.1745,40.699999999999996,3,0,0,3.0,3.0,3.25,4.0
Bhubaneswar,2021-03-22,12,29.82,0.88,-0.156,41.3,2105.0,4,26.5,1.42,-0.15,40.8,24.28,0.0,-0.207,40.4,24.09,0.0,-0.184,40.2,1.2125,-0.16175,40.925,3,0,0,4.0,3.0,3.5,6.0
Bhubaneswar,2021-03-29,13,29.17,12.33,-0.113,41.6,2110.4,3,25.86,1.78,-0.157,41.0,26.71,0.77,-0.184,40.6,25.39,0.0,-0.181,40.3,4.1025,-0.144,41.175,3,0,0,4.0,3.0,3.5,6.0
Bhubaneswar,2021-04-05,14,29.28,0.0,-0.143,42.0,2112.1,4,29.82,0.88,-0.156,41.3,26.5,1.42,-0.15,40.8,24.28,0.0,-0.207,40.4,3.7475,-0.14225,41.474999999999994,4,0,0,3.0,3.0,3.75,7.0
Bhubaneswar,2021-04-12,15,30.78,1.21,-0.186,42.5,2115.0,4,29.17,12.33,-0.113,41.6,25.86,1.78,-0.157,41.0,26.71,0.77,-0.184,40.6,3.6049999999999995,-0.1495,41.849999999999994,4,0,0,4.0,4.0,3.75,7.0
Bhubaneswar,2021-04-19,16,30.3,4.14,-0.118,43.1,2109.4,6,29.28,0.0,-0.143,42.0,29.82,0.88,-0.156,41.3,26.5,1.42,-0.15,40.8,4.42,-0.13999999999999999,42.300000000000004,4,0,0,4.0,4.0,4.25,7.0
Bhubaneswar,2021-04-26,17,29.69,6.09,-0.194,43.7,2108.5,6,30.78,1.21,-0.186,42.5,29.17,12.33,-0.113,41.6,25.86,1.78,-0.157,41.0,2.86,-0.16025,42.825,4,0,0,6.0,3.0,5.0,8.0
Bhubaneswar,2021-05-03,18,33.33,4.46,-0.225,44.5,2095.0,7,30.3,4.14,-0.118,43.1,29.28,0.0,-0.143,42.0,29.82,0.88,-0.156,41.3,3.9749999999999996,-0.18075,43.45,5,0,0,6.0,4.0,5.75,9.0
Bhubaneswar,2021-05-10,19,31.14,7.36,-0.116,45.3,2105.0,7,29.69,6.09,-0.194,43.7,30.78,1.21,-0.186,42.5,29.17,12.33,-0.113,41.6,5.512499999999999,-0.16324999999999998,44.15,5,0,0,7.0,4.0,6.5,9.0
Bhubaneswar,2021-05-17,20,31.88,2.17,-0.14,46.2,2106.4,7,33.33,4.46,-0.225,44.5,30.3,4.14,-0.118,43.1,29.28,0.0,-0.143,42.0,5.02,-0.16875,44.925000000000004,5,0,0,7.0,6.0,6.75,8.0
Bhubaneswar,2021-05-24,21,34.26,8.08,-0.125,47.1,2110.5,8,31.14,7.36,-0.116,45.3,29.69,6.09,-0.194,43.7,30.78,1.21,-0.186,42.5,5.5175,-0.15150000000000002,45.775,5,0,0,7.0,6.0,7.25,10.0
Bhubaneswar,2021-05-31,22,32.48,15.14,-0.074,48.1,2110.9,9,31.88,2.17,-0.14,46.2,33.33,4.46,-0.225,44.5,30.3,4.14,-0.118,43.1,8.1875,-0.11375000000000002,46.675,5,0,0,8.0,7.0,7.75,10.0
Bhubaneswar,2021-06-07,23,35.41,24.91,0.021,49.1,2111.7,9,34.26,8.08,-0.125,47.1,31.14,7.36,-0.116,45.3,29.69,6.09,-0.194,43.7,12.575,-0.0795,47.625,6,1,0,9.0,7.0,8.25,13.0
Bhubaneswar,2021-06-14,24,33.31,12.85,-0.056,50.1,2113.2,8,32.48,15.14,-0.074,48.1,31.88,2.17,-0.14,46.2,33.33,4.46,-0.225,44.5,15.245,-0.058499999999999996,48.6,6,1,0,9.0,7.0,8.5,12.0
Bhubaneswar,2021-06-21,25,31.85,20.74,-0.086,51.1,2120.3,10,35.41,24.91,0.021,49.1,34.26,8.08,-0.125,47.1,31.14,7.36,-0.116,45.3,18.41,-0.04875,49.6,6,1,0,8.0,8.0,9.0,10.0
Bhubaneswar,2021-06-28,26,33.6,22.58,0.001,52.0,2114.0,10,33.31,12.85,-0.056,50.1,32.48,15.14,-0.074,48.1,31.88,2.17,-0.14,46.2,20.27,-0.03,50.575,6,1,0,10.0,9.0,9.25,11.0
Bhubaneswar,2021-07-05,27,31.85,18.97,-0.029,52.9,2110.2,13,31.85,20.74,-0.086,51.1,35.41,24.91,0.021,49.1,34.26,8.08,-0.125,47.1,18.785,-0.042499999999999996,51.525,7,1,0,10.0,9.0,10.25,12.0
Bhubaneswar,2021-07-12,28,33.53,24.09,0.005,53.6,2116.1,12,33.6,22.58,0.001,52.0,33.31,12.85,-0.056,50.1,32.48,15.14,-0.074,48.1,21.595,-0.02725,52.4,7,1,0,13.0,8.0,11.25,14.0
Bhubaneswar,2021-07-19,29,30.05,27.38,-0.018,54.2,2111.9,10,31.85,18.97,-0.029,52.9,31.85,20.74,-0.086,51.1,35.41,24.91,0.021,49.1,23.254999999999995,-0.010249999999999999,53.175,7,1,0,12.0,10.0,11.25,12.0
Bhubaneswar,2021-07-26,30,29.71,23.99,-0.024,54.6,2117.2,11,33.53,24.09,0.005,53.6,33.6,22.58,0.001,52.0,33.31,12.85,-0.056,50.1,23.6075,-0.0165,53.825,7,1,0,10.0,10.0,11.5,10.0
Bhubaneswar,2021-08-02,31,30.85,20.21,-0.022,54.9,2110.4,12,30.05,27.38,-0.018,54.2,31.85,18.97,-0.029,52.9,31.85,20.74,-0.086,51.1,23.9175,-0.01475,54.325,8,1,0,11.0,13.0,11.25,10.0
Bhubaneswar,2021-08-09,32,29.67,24.17,-0.01,55.0,2106.3,14,29.71,23.99,-0.024,54.6,33.53,24.09,0.005,53.6,33.6,22.58,0.001,52.0,23.9375,-0.0185,54.675,8,1,0,12.0,12.0,11.75,10.0
Bhubaneswar,2021-08-16,33,29.81,18.42,-0.035,54.9,2106.1,12,30.85,20.21,-0.022,54.9,30.05,27.38,-0.018,54.2,31.85,18.97,-0.029,52.9,21.6975,-0.02275,54.85,8,1,0,14.0,10.0,12.25,13.0
Bhubaneswar,2021-08-23,34,30.33,21.4,-0.041,54.6,2112.2,10,29.67,24.17,-0.01,55.0,29.71,23.99,-0.024,54.6,33.53,24.09,0.005,53.6,21.05,-0.027,54.849999999999994,8,1,0,12.0,11.0,12.0,13.0
Bhubaneswar,2021-08-30,35,28.47,23.66,0.006,54.2,2109.1,10,29.81,18.42,-0.035,54.9,30.85,20.21,-0.022,54.9,30.05,27.38,-0.018,54.2,21.9125,-0.02,54.675000000000004,8,1,0,10.0,12.0,11.5,11.0
Bhubaneswar,2021-09-06,36,27.14,16.33,-0.05,53.6,2103.7,10,30.33,21.4,-0.041,54.6,29.67,24.17,-0.01,55.0,29.71,23.99,-0.024,54.6,19.9525,-0.03,54.324999999999996,9,1,1,10.0,14.0,10.5,10.0
Bhubaneswar,2021-09-13,37,27.46,18.04,0.001,52.9,2110.4,13,28.47,23.66,0.006,54.2,29.81,18.42,-0.035,54.9,30.85,20.21,-0.022,54.9,19.8575,-0.021,53.825,9,1,1,10.0,12.0,10.75,9.0
Bhubaneswar,2021-09-20,38,25.08,18.38,-0.026,52.0,2112.4,13,27.14,16.33,-0.05,53.6,30.33,21.4,-0.041,54.6,29.67,24.17,-0.01,55.0,19.1025,-0.01725,53.175,9,1,1,13.0,10.0,11.5,9.0
Bhubaneswar,2021-09-27,39,25.29,12.2,-0.153,51.1,2111.7,11,27.46,18.04,0.001,52.9,28.47,23.66,0.006,54.2,29.81,18.42,-0.035,54.9,16.237499999999997,-0.057,52.4,9,1,1,13.0,10.0,11.75,9.0
Bhubaneswar,2021-10-04,40,26.81,5.91,-0.077,50.1,2111.8,10,25.08,18.38,-0.026,52.0,27.14,16.33,-0.05,53.6,30.33,21.4,-0.041,54.6,13.6325,-0.06375,51.525000000000006,10,0,1,11.0,10.0,11.75,7.0
Bhubaneswar,2021-10-11,41,24.84,12.43,-0.131,49.1,2105.4,9,25.29,12.2,-0.153,51.1,27.46,18.04,0.001,52.9,28.47,23.66,0.006,54.2,12.23,-0.09675,50.575,10,0,1,10.0,13.0,10.75,7.0
Bhubaneswar,2021-10-18,42,22.96,6.57,-0.137,48.1,2104.3,9,26.81,5.91,-0.077,50.1,25.08,18.38,-0.026,52.0,27.14,16.33,-0.05,53.6,9.2775,-0.12450000000000001,49.6,10,0,1,9.0,13.0,9.75,5.0
Bhubaneswar,2021-10-25,43,20.41,4.56,-0.123,47.1,2114.4,9,24.84,12.43,-0.131,49.1,25.29,12.2,-0.153,51.1,27.46,18.04,0.001,52.9,7.3675,-0.117,48.6,10,0,1,9.0,11.0,9.25,7.0
Bhubaneswar,2021-11-01,44,21.25,8.26,-0.123,46.2,2110.4,7,22.96,6.57,-0.137,48.1,26.81,5.91,-0.077,50.1,25.08,18.38,-0.026,52.0,7.955,-0.1285,47.62500000000001,11,0,1,9.0,10.0,8.5,4.0
Bhubaneswar,2021-11-08,45,21.59,7.24,-0.143,45.3,2115.8,7,20.41,4.56,-0.123,47.1,24.84,12.43,-0.131,49.1,25.29,12.2,-0.153,51.1,6.657500000000001,-0.1315,46.675,11,0,1,7.0,9.0,8.0,5.0
Bhubaneswar,2021-11-15,46,20.19,5.4,-0.133,44.5,2098.8,5,21.25,8.26,-0.123,46.2,22.96,6.57,-0.137,48.1,26.81,5.91,-0.077,50.1,6.365,-0.1305,45.775,11,0,1,7.0,9.0,7.0,4.0
Bhubaneswar,2021-11-22,47,21.95,0.0,-0.168,43.7,2109.1,7,21.59,7.24,-0.143,45.3,20.41,4.56,-0.123,47.1,24.84,12.43,-0.131,49.1,5.2250000000000005,-0.14175,44.925000000000004,11,0,1,5.0,9.0,6.5,5.0
Bhubaneswar,2021-11-29,48,20.35,0.0,-0.196,43.1,2110.6,4,20.19,5.4,-0.133,44.5,21.25,8.26,-0.123,46.2,22.96,6.57,-0.137,48.1,3.16,-0.16,44.15,11,0,1,7.0,7.0,5.75,4.0
Bhubaneswar,2021-12-06,49,22.69,3.02,-0.189,42.5,2118.6,5,21.95,0.0,-0.168,43.7,21.59,7.24,-0.143,45.3,20.41,4.56,-0.123,47.1,2.105,-0.17149999999999999,43.45,12,0,0,4.0,7.0,5.25,4.0
Bhubaneswar,2021-12-13,50,18.22,0.0,-0.219,42.0,2113.9,4,20.35,0.0,-0.196,43.1,20.19,5.4,-0.133,44.5,21.25,8.26,-0.123,46.2,0.755,-0.193,42.825,12,0,0,5.0,5.0,5.0,3.0
Bhubaneswar,2021-12-20,51,21.69,3.97,-0.114,41.6,2112.0,5,22.69,3.02,-0.189,42.5,21.95,0.0,-0.168,43.7,21.59,7.24,-0.143,45.3,1.7475,-0.17950000000000002,42.3,12,0,0,4.0,7.0,4.5,3.0
Bhubaneswar,2021-12-27,52,22.57,5.98,-0.194,41.3,2118.6,4,18.22,0.0,-0.219,42.0,20.35,0.0,-0.196,43.1,20.19,5.4,-0.133,44.5,3.2425,-0.179,41.85,12,0,0,5.0,4.0,4.5,4.0
Bhubaneswar,2022-01-03,1,20.7,0.17,-0.175,40.0,2112.8,4,21.69,3.97,-0.114,41.6,22.69,3.02,-0.189,42.5,21.95,0.0,-0.168,43.7,2.5300000000000002,-0.1755,41.225,1,0,0,4.0,5.0,4.25,2.0
Bhubaneswar,2022-01-10,2,21.85,3.35,-0.201,40.1,2113.3,3,22.57,5.98,-0.194,41.3,18.22,0.0,-0.219,42.0,20.35,0.0,-0.196,43.1,3.3675,-0.17099999999999999,40.75,1,0,0,4.0,4.0,4.0,5.0
Bhubaneswar,2022-01-17,3,24.5,0.0,-0.175,40.1,2106.7,3,20.7,0.17,-0.175,40.0,21.69,3.97,-0.114,41.6,22.69,3.02,-0.189,42.5,2.375,-0.18625,40.375,1,0,0,3.0,5.0,3.5,4.0
Bhubaneswar,2022-01-24,4,24.21,5.45,-0.216,40.1,2110.9,4,21.85,3.35,-0.201,40.1,22.57,5.98,-0.194,41.3,18.22,0.0,-0.219,42.0,2.2425,-0.19174999999999998,40.075,1,0,0,3.0,4.0,3.5,3.0
Bhubaneswar,2022-01-31,5,24.48,0.0,-0.16,40.2,2107.0,2,24.5,0.0,-0.175,40.1,20.7,0.17,-0.175,40.0,21.69,3.97,-0.114,41.6,2.2,-0.188,40.125,1,0,0,4.0,4.0,3.0,2.0
Bhubaneswar,2022-02-07,6,23.86,0.0,-0.197,40.2,2114.5,5,24.21,5.45,-0.216,40.1,21.85,3.35,-0.201,40.1,22.57,5.98,-0.194,41.3,1.3625000000000003,-0.187,40.150000000000006,2,0,0,2.0,3.0,3.5,3.0
Bhubaneswar,2022-02-14,7,23.16,2.37,-0.237,40.3,2113.7,4,24.48,0.0,-0.16,40.2,24.5,0.0,-0.175,40.1,20.7,0.17,-0.175,40.0,1.9550000000000003,-0.2025,40.2,2,0,0,5.0,3.0,3.75,2.0
Bhubaneswar,2022-02-21,8,26.27,6.31,-0.137,40.4,2109.6,3,23.86,0.0,-0.197,40.2,24.21,5.45,-0.216,40.1,21.85,3.35,-0.201,40.1,2.17,-0.18275000000000002,40.275,2,0,0,4.0,4.0,3.5,5.0
Bhubaneswar,2022-02-28,9,27.02,0.0,-0.201,40.6,2122.6,2,23.16,2.37,-0.237,40.3,24.48,0.0,-0.16,40.2,24.5,0.0,-0.175,40.1,2.17,-0.193,40.375,2,0,0,3.0,2.0,3.5,4.0
Bhubaneswar,2022-03-07,10,26.73,0.0,-0.192,40.8,2114.7,3,26.27,6.31,-0.137,40.4,23.86,0.0,-0.197,40.2,24.21,5.45,-0.216,40.1,2.17,-0.19174999999999998,40.525,3,0,0,2.0,5.0,3.0,5.0
Bhubaneswar,2022-03-14,11,25.88,0.0,-0.203,41.0,2105.2,2,27.02,0.0,-0.201,40.6,23.16,2.37,-0.237,40.3,24.48,0.0,-0.16,40.2,1.5775,-0.18325000000000002,40.7,3,0,0,3.0,4.0,2.5,5.0
Bhubaneswar,2022-03-21,12,27.53,6.69,-0.133,41.3,2108.8,5,26.73,0.0,-0.192,40.8,26.27,6.31,-0.137,40.4,23.86,0.0,-0.197,40.2,1.6725,-0.18225000000000002,40.925,3,0,0,2.0,3.0,3.0,5.0
Bhubaneswar,2022-03-28,13,29.4,1.67,-0.205,41.6,2112.4,4,25.88,0.0,-0.203,41.0,27.02,0.0,-0.201,40.6,23.16,2.37,-0.237,40.3,2.09,-0.18325,41.175,3,0,0,5.0,2.0,3.5,5.0
Bhubaneswar,2022-04-04,14,28.87,0.0,-0.238,42.0,2110.6,5,27.53,6.69,-0.133,41.3,26.73,0.0,-0.192,40.8,26.27,6.31,-0.137,40.4,2.09,-0.19474999999999998,41.475,4,0,0,4.0,3.0,4.0,6.0
Bhubaneswar,2022-04-11,15,32.3,0.0,-0.167,42.5,2107.4,5,29.4,1.67,-0.205,41.6,25.88,0.0,-0.203,41.0,27.02,0.0,-0.201,40.6,2.09,-0.18575,41.85,4,0,0,5.0,2.0,4.75,7.0
Bhubaneswar,2022-04-18,16,30.93,2.23,-0.169,43.1,2113.6,5,28.87,0.0,-0.238,42.0,27.53,6.69,-0.133,41.3,26.73,0.0,-0.192,40.8,0.975,-0.19475,42.3,4,0,0,5.0,5.0,4.75,9.0
Bhubaneswar,2022-04-25,17,32.52,5.63,-0.165,43.7,2107.6,5,32.3,0.0,-0.167,42.5,29.4,1.67,-0.205,41.6,25.88,0.0,-0.203,41.0,1.9649999999999999,-0.18475000000000003,42.825,4,0,0,5.0,4.0,5.0,8.0
Bhubaneswar,2022-05-02,18,32.1,6.03,-0.151,44.5,2118.4,6,30.93,2.23,-0.169,43.1,28.87,0.0,-0.238,42.0,27.53,6.69,-0.133,41.3,3.4725,-0.163,43.45,5,0,0,5.0,5.0,5.25,10.0
Bhubaneswar,2022-05-09,19,33.7,6.65,-0.124,45.3,2110.8,7,32.52,5.63,-0.165,43.7,32.3,0.0,-0.167,42.5,29.4,1.67,-0.205,41.6,5.135,-0.15225,44.150000000000006,5,0,0,6.0,5.0,5.75,9.0
Bhubaneswar,2022-05-16,20,32.74,4.14,-0.207,46.2,2111.0,9,32.1,6.03,-0.151,44.5,30.93,2.23,-0.169,43.1,28.87,0.0,-0.238,42.0,5.6125,-0.16175,44.925,5,0,0,7.0,5.0,6.75,10.0
Bhubaneswar,2022-05-23,21,35.13,6.53,-0.091,47.1,2120.3,8,33.7,6.65,-0.124,45.3,32.52,5.63,-0.165,43.7,32.3,0.0,-0.167,42.5,5.8375,-0.14325,45.775,5,0,0,9.0,5.0,7.5,10.0
Bhubaneswar,2022-05-30,22,31.54,15.9,-0.107,48.1,2111.8,10,32.74,4.14,-0.207,46.2,32.1,6.03,-0.151,44.5,30.93,2.23,-0.169,43.1,8.305,-0.13224999999999998,46.675,5,0,0,8.0,6.0,8.5,11.0
Bhubaneswar,2022-06-06,23,34.01,12.22,-0.079,49.1,2123.3,9,35.13,6.53,-0.091,47.1,33.7,6.65,-0.124,45.3,32.52,5.63,-0.165,43.7,9.697500000000002,-0.121,47.625,6,1,0,10.0,7.0,9.0,11.0
Bhubaneswar,2022-06-13,24,31.79,16.34,-0.084,50.1,2115.5,10,31.54,15.9,-0.107,48.1,32.74,4.14,-0.207,46.2,32.1,6.03,-0.151,44.5,12.7475,-0.09025,48.6,6,1,0,9.0,9.0,9.25,11.0
Bhubaneswar,2022-06-20,25,33.44,21.0,0.037,51.1,2114.6,10,34.01,12.22,-0.079,49.1,35.13,6.53,-0.091,47.1,33.7,6.65,-0.124,45.3,16.365000000000002,-0.05825000000000001,49.6,6,1,0,10.0,8.0,9.75,14.0
Bhubaneswar,2022-06-27,26,32.5,17.07,-0.016,52.0,2117.3,11,31.79,16.34,-0.084,50.1,31.54,15.9,-0.107,48.1,32.74,4.14,-0.207,46.2,16.6575,-0.0355,50.575,6,1,0,10.0,10.0,10.0,31.0
Bhubaneswar,2022-07-04,27,32.3,15.87,-0.063,52.9,2121.1,11,33.44,21.0,0.037,51.1,34.01,12.22,-0.079,49.1,35.13,6.53,-0.091,47.1,17.57,-0.0315,51.525,7,1,0,11.0,9.0,10.5,13.0
Bhubaneswar,2022-07-11,28,31.5,20.61,-0.064,53.6,2119.9,11,32.5,17.07,-0.016,52.0,31.79,16.34,-0.084,50.1,31.54,15.9,-0.107,48.1,18.6375,-0.0265,52.4,7,1,0,11.0,10.0,10.75,11.0
Bhubaneswar,2022-07-18,29,30.8,26.01,0.038,54.2,2110.6,14,32.3,15.87,-0.063,52.9,33.44,21.0,0.037,51.1,34.01,12.22,-0.079,49.1,19.89,-0.026249999999999996,53.175000000000004,7,1,0,11.0,10.0,11.75,14.0
Bhubaneswar,2022-07-25,30,30.34,26.79,0.037,54.6,2108.3,31,31.5,20.61,-0.064,53.6,32.5,17.07,-0.016,52.0,31.79,16.34,-0.084,50.1,22.32,-0.013000000000000001,53.825,7,1,0,14.0,11.0,16.75,16.0
Bhubaneswar,2022-08-01,31,30.04,19.61,-0.046,54.9,2116.8,13,30.8,26.01,0.038,54.2,32.3,15.87,-0.063,52.9,33.44,21.0,0.037,51.1,23.255,-0.00875,54.325,8,1,0,31.0,11.0,17.25,13.0
Bhubaneswar,2022-08-08,32,30.31,26.66,-0.008,55.0,2125.5,11,30.34,26.79,0.037,54.6,31.5,20.61,-0.064,53.6,32.5,17.07,-0.016,52.0,24.7675,0.0052499999999999995,54.675000000000004,8,1,0,13.0,11.0,17.25,11.0
Bhubaneswar,2022-08-15,33,30.8,26.53,0.023,54.9,2106.6,14,30.04,19.61,-0.046,54.9,30.8,26.01,0.038,54.2,32.3,15.87,-0.063,52.9,24.8975,0.0014999999999999996,54.849999999999994,8,1,0,11.0,14.0,17.25,11.0
Bhubaneswar,2022-08-22,34,28.53,24.18,-0.003,54.6,2120.1,16,30.31,26.66,-0.008,55.0,30.34,26.79,0.037,54.6,31.5,20.61,-0.064,53.6,24.244999999999997,-0.0085,54.85,8,1,0,14.0,31.0,13.5,13.0
Bhubaneswar,2022-08-29,35,27.72,21.25,-0.035,54.2,2109.5,13,30.8,26.53,0.023,54.9,30.04,19.61,-0.046,54.9,30.8,26.01,0.038,54.2,24.655,-0.005750000000000002,54.675,8,1,0,16.0,13.0,13.5,11.0
Bhubaneswar,2022-09-05,36,26.8,15.88,-0.022,53.6,2128.4,11,28.53,24.18,-0.003,54.6,30.31,26.66,-0.008,55.0,30.34,26.79,0.037,54.6,21.96,-0.009250000000000001,54.325,9,1,1,13.0,11.0,13.5,10.0
Bhubaneswar,2022-09-12,37,26.65,23.11,0.004,52.9,2112.1,11,27.72,21.25,-0.035,54.2,30.8,26.53,0.023,54.9,30.04,19.61,-0.046,54.9,21.105,-0.014000000000000002,53.825,9,1,1,11.0,14.0,12.75,9.0
Bhubaneswar,2022-09-19,38,23.86,11.53,-0.098,52.0,2110.4,13,26.8,15.88,-0.022,53.6,28.53,24.18,-0.003,54.6,30.31,26.66,-0.008,55.0,17.9425,-0.037750000000000006,53.175,9,1,1,11.0,16.0,12.0,8.0
Bhubaneswar,2022-09-26,39,25.07,16.43,-0.012,51.1,2109.9,11,26.65,23.11,0.004,52.9,27.72,21.25,-0.035,54.2,30.8,26.53,0.023,54.9,16.7375,-0.032,52.400000000000006,9,1,1,13.0,13.0,11.5,7.0
Bhubaneswar,2022-10-03,40,21.69,3.54,-0.147,50.1,2118.4,10,23.86,11.53,-0.098,52.0,26.8,15.88,-0.022,53.6,28.53,24.18,-0.003,54.6,13.6525,-0.06325,51.525,10,0,1,11.0,11.0,11.25,7.0
Bhubaneswar,2022-10-10,41,23.17,7.7,-0.172,49.1,2117.1,9,25.07,16.43,-0.012,51.1,26.65,23.11,0.004,52.9,27.72,21.25,-0.035,54.2,9.8,-0.10725,50.575,10,0,1,10.0,11.0,10.75,7.0
Bhubaneswar,2022-10-17,42,23.26,3.14,-0.124,48.1,2116.5,8,21.69,3.54,-0.147,50.1,23.86,11.53,-0.098,52.0,26.8,15.88,-0.022,53.6,7.7025,-0.11374999999999999,49.6,10,0,1,9.0,13.0,9.5,5.0
Bhubaneswar,2022-10-24,43,21.85,0.41,-0.177,47.1,2109.1,7,23.17,7.7,-0.172,49.1,25.07,16.43,-0.012,51.1,26.65,23.11,0.004,52.9,3.6975000000000002,-0.15499999999999997,48.60000000000001,10,0,1,8.0,11.0,8.5,6.0
Bhubaneswar,2022-10-31,44,22.72,12.14,-0.161,46.2,2107.4,7,23.26,3.14,-0.124,48.1,21.69,3.54,-0.147,50.1,23.86,11.53,-0.098,52.0,5.8475,-0.1585,47.625,10,0,1,7.0,10.0,7.75,6.0
Bhubaneswar,2022-11-07,45,21.93,4.18,-0.095,45.3,2105.6,7,21.85,0.41,-0.177,47.1,23.17,7.7,-0.172,49.1,25.07,16.43,-0.012,51.1,4.9675,-0.13924999999999998,46.675,11,0,1,7.0,9.0,7.25,4.0
Bhubaneswar,2022-11-14,46,21.32,0.46,-0.191,44.5,2124.1,5,22.72,12.14,-0.161,46.2,23.26,3.14,-0.124,48.1,21.69,3.54,-0.147,50.1,4.2975,-0.156,45.775000000000006,11,0,1,7.0,8.0,6.5,5.0
Bhubaneswar,2022-11-21,47,20.57,0.0,-0.199,43.7,2122.9,6,21.93,4.18,-0.095,45.3,21.85,0.41,-0.177,47.1,23.17,7.7,-0.172,49.1,4.195,-0.1615,44.925,11,0,1,5.0,7.0,6.25,4.0
Bhubaneswar,2022-11-28,48,20.92,6.28,-0.167,43.1,2113.3,6,21.32,0.46,-0.191,44.5,22.72,12.14,-0.161,46.2,23.26,3.14,-0.124,48.1,2.73,-0.163,44.15,11,0,1,6.0,7.0,6.0,5.0
Bhubaneswar,2022-12-05,49,21.55,0.0,-0.163,42.5,2117.1,4,20.57,0.0,-0.199,43.7,21.93,4.18,-0.095,45.3,21.85,0.41,-0.177,47.1,1.685,-0.18,43.45,12,0,0,6.0,7.0,5.25,6.0
Bhubaneswar,2022-12-12,50,20.43,0.0,-0.188,42.0,2109.0,5,20.92,6.28,-0.167,43.1,21.32,0.46,-0.191,44.5,22.72,12.14,-0.161,46.2,1.57,-0.17925,42.825,12,0,0,4.0,5.0,5.25,4.0
Bhubaneswar,2022-12-19,51,22.47,0.0,-0.215,41.6,2123.2,4,21.55,0.0,-0.163,42.5,20.57,0.0,-0.199,43.7,21.93,4.18,-0.095,45.3,1.57,-0.18325,42.3,12,0,0,5.0,6.0,4.75,5.0
Bhubaneswar,2022-12-26,52,20.25,0.0,-0.281,41.3,2124.0,5,20.43,0.0,-0.188,42.0,20.92,6.28,-0.167,43.1,21.32,0.46,-0.191,44.5,0.0,-0.21175,41.85,12,0,0,4.0,6.0,4.5,3.0
Bhubaneswar,2023-01-02,1,20.34,4.95,-0.161,40.0,2122.2,6,22.47,0.0,-0.215,41.6,21.55,0.0,-0.163,42.5,20.57,0.0,-0.199,43.7,1.2375,-0.21125,41.225,1,0,0,5.0,4.0,5.0,2.0
Bhubaneswar,2023-01-09,2,20.65,0.0,-0.189,40.1,2118.5,4,20.25,0.0,-0.281,41.3,20.43,0.0,-0.188,42.0,20.92,6.28,-0.167,43.1,1.2375,-0.2115,40.75,1,0,0,6.0,5.0,4.75,3.0
Bhubaneswar,2023-01-16,3,22.89,0.0,-0.177,40.1,2108.1,5,20.34,4.95,-0.161,40.0,22.47,0.0,-0.215,41.6,21.55,0.0,-0.163,42.5,1.2375,-0.202,40.375,1,0,0,4.0,4.0,5.0,3.0
Bhubaneswar,2023-01-23,4,23.4,4.06,-0.175,40.1,2117.1,3,20.65,0.0,-0.189,40.1,20.25,0.0,-0.281,41.3,20.43,0.0,-0.188,42.0,2.2525,-0.1755,40.075,1,0,0,5.0,5.0,4.5,3.0
Bhubaneswar,2023-01-30,5,24.64,0.0,-0.164,40.2,2119.7,2,22.89,0.0,-0.177,40.1,20.34,4.95,-0.161,40.0,22.47,0.0,-0.215,41.6,1.015,-0.17625,40.125,1,0,0,3.0,6.0,3.5,3.0
Bhubaneswar,2023-02-06,6,24.96,6.7,-0.227,40.2,2121.9,3,23.4,4.06,-0.175,40.1,20.65,0.0,-0.189,40.1,20.25,0.0,-0.281,41.3,2.69,-0.18575,40.150000000000006,2,0,0,2.0,4.0,3.25,4.0
Bhubaneswar,2023-02-13,7,22.6,4.25,-0.172,40.3,2113.8,3,24.64,0.0,-0.164,40.2,22.89,0.0,-0.177,40.1,20.34,4.95,-0.161,40.0,3.7525,-0.1845,40.2,2,0,0,3.0,5.0,2.75,4.0
Bhubaneswar,2023-02-20,8,26.08,1.59,-0.178,40.4,2108.0,3,24.96,6.7,-0.227,40.2,23.4,4.06,-0.175,40.1,20.65,0.0,-0.189,40.1,3.135,-0.18525,40.275000000000006,2,0,0,3.0,3.0,2.75,4.0
Bhubaneswar,2023-02-27,9,28.19,3.34,-0.148,40.6,2115.1,3,22.6,4.25,-0.172,40.3,24.64,0.0,-0.164,40.2,22.89,0.0,-0.177,40.1,3.9699999999999998,-0.18125,40.375,2,0,0,3.0,2.0,3.0,4.0
Bhubaneswar,2023-03-06,10,28.09,0.0,-0.197,40.8,2119.2,4,26.08,1.59,-0.178,40.4,24.96,6.7,-0.227,40.2,23.4,4.06,-0.175,40.1,2.295,-0.17375000000000002,40.525,3,0,0,3.0,3.0,3.25,6.0
Bhubaneswar,2023-03-13,11,28.24,0.0,-0.235,41.0,2115.3,4,28.19,3.34,-0.148,40.6,22.6,4.25,-0.172,40.3,24.64,0.0,-0.164,40.2,1.2325,-0.1895,40.699999999999996,3,0,0,4.0,3.0,3.5,5.0
Bhubaneswar,2023-03-20,12,28.24,0.0,-0.206,41.3,2126.8,4,28.09,0.0,-0.197,40.8,26.08,1.59,-0.178,40.4,24.96,6.7,-0.227,40.2,0.835,-0.1965,40.925,3,0,0,4.0,3.0,3.75,6.0
Bhubaneswar,2023-03-27,13,31.05,5.87,-0.182,41.6,2114.1,4,28.24,0.0,-0.235,41.0,28.19,3.34,-0.148,40.6,22.6,4.25,-0.172,40.3,1.4675,-0.205,41.175,3,0,0,4.0,3.0,4.0,6.0
Bhubaneswar,2023-04-03,14,29.74,2.53,-0.145,42.0,2120.7,6,28.24,0.0,-0.206,41.3,28.09,0.0,-0.197,40.8,26.08,1.59,-0.178,40.4,2.1,-0.192,41.474999999999994,4,0,0,4.0,4.0,4.5,7.0
Bhubaneswar,2023-04-10,15,32.88,10.36,-0.124,42.5,2117.9,5,31.05,5.87,-0.182,41.6,28.24,0.0,-0.235,41.0,28.19,3.34,-0.148,40.6,4.6899999999999995,-0.16424999999999998,41.849999999999994,4,0,0,6.0,4.0,4.75,8.0
Bhubaneswar,2023-04-17,16,31.39,2.75,-0.156,43.1,2116.8,6,29.74,2.53,-0.145,42.0,28.24,0.0,-0.206,41.3,28.09,0.0,-0.197,40.8,5.3774999999999995,-0.15175,42.300000000000004,4,0,0,5.0,4.0,5.25,7.0
Bhubaneswar,2023-04-24,17,33.95,0.44,-0.145,43.7,2108.5,6,32.88,10.36,-0.124,42.5,31.05,5.87,-0.182,41.6,28.24,0.0,-0.235,41.0,4.02,-0.14250000000000002,42.825,4,0,0,6.0,4.0,5.75,9.0
Bhubaneswar,2023-05-01,18,31.84,4.75,-0.203,44.5,2125.6,7,31.39,2.75,-0.156,43.1,29.74,2.53,-0.145,42.0,28.24,0.0,-0.206,41.3,4.575,-0.157,43.45,5,0,0,6.0,6.0,6.0,10.0
Bhubaneswar,2023-05-08,19,34.48,3.83,-0.161,45.3,2109.6,8,33.95,0.44,-0.145,43.7,32.88,10.36,-0.124,42.5,31.05,5.87,-0.182,41.6,2.9425,-0.16625,44.15,5,0,0,7.0,5.0,6.75,10.0
Bhubaneswar,2023-05-15,20,32.66,13.29,-0.114,46.2,2119.5,7,31.84,4.75,-0.203,44.5,31.39,2.75,-0.156,43.1,29.74,2.53,-0.145,42.0,5.5775,-0.15575,44.925000000000004,5,0,0,8.0,6.0,7.0,10.0
Bhubaneswar,2023-05-22,21,33.0,4.01,-0.125,47.1,2120.1,9,34.48,3.83,-0.161,45.3,33.95,0.44,-0.145,43.7,32.88,10.36,-0.124,42.5,6.469999999999999,-0.15075,45.775,5,0,0,7.0,6.0,7.75,12.0
Bhubaneswar,2023-05-29,22,31.93,13.1,-0.133,48.1,2114.6,10,32.66,13.29,-0.114,46.2,31.84,4.75,-0.203,44.5,31.39,2.75,-0.156,43.1,8.5575,-0.13325,46.675,5,0,0,9.0,7.0,8.5,11.0
Bhubaneswar,2023-06-05,23,33.84,16.59,-0.071,49.1,2118.3,10,33.0,4.01,-0.125,47.1,34.48,3.83,-0.161,45.3,33.95,0.44,-0.145,43.7,11.747499999999999,-0.11075,47.625,6,1,0,10.0,8.0,9.0,11.0
Bhubaneswar,2023-06-12,24,32.91,20.47,0.02,50.1,2111.6,10,31.93,13.1,-0.133,48.1,32.66,13.29,-0.114,46.2,31.84,4.75,-0.203,44.5,13.5425,-0.07725,48.6,6,1,0,10.0,7.0,9.75,13.0
Bhubaneswar,2023-06-19,25,31.23,19.52,-0.035,51.1,2115.9,12,33.84,16.59,-0.071,49.1,33.0,4.01,-0.125,47.1,34.48,3.83,-0.161,45.3,17.42,-0.05475,49.6,6,1,0,10.0,9.0,10.5,12.0
Bhubaneswar,2023-06-26,26,33.1,22.71,0.021,52.0,2122.7,11,32.91,20.47,0.02,50.1,31.93,13.1,-0.133,48.1,32.66,13.29,-0.114,46.2,19.822499999999998,-0.016249999999999997,50.575,6,1,0,12.0,10.0,10.75,12.0
Bhubaneswar,2023-07-03,27,31.63,24.96,-0.008,52.9,2118.2,11,31.23,19.52,-0.035,51.1,33.84,16.59,-0.071,49.1,33.0,4.01,-0.125,47.1,21.915,-0.0004999999999999996,51.525,7,1,0,11.0,10.0,11.0,13.0
Bhubaneswar,2023-07-10,28,34.18,25.91,-0.007,53.6,2120.1,13,33.1,22.71,0.021,52.0,32.91,20.47,0.02,50.1,31.93,13.1,-0.133,48.1,23.275,-0.0072499999999999995,52.4,7,1,0,11.0,10.0,11.75,13.0
Bhubaneswar,2023-07-17,29,30.03,26.07,-0.004,54.2,2119.9,12,31.63,24.96,-0.008,52.9,31.23,19.52,-0.035,51.1,33.84,16.59,-0.071,49.1,24.9125,0.0005000000000000011,53.175,7,1,0,13.0,12.0,11.75,12.0
Bhubaneswar,2023-07-24,30,29.87,29.42,0.051,54.6,2117.8,12,34.18,25.91,-0.007,53.6,33.1,22.71,0.021,52.0,32.91,20.47,0.02,50.1,26.59,0.008,53.825,7,1,0,12.0,11.0,12.0,14.0
Bhubaneswar,2023-07-31,31,30.63,27.75,0.054,54.9,2115.0,13,30.03,26.07,-0.004,54.2,31.63,24.96,-0.008,52.9,31.23,19.52,-0.035,51.1,27.2875,0.0235,54.325,7,1,0,12.0,11.0,12.5,16.0
Bhubaneswar,2023-08-07,32,29.46,22.68,0.005,55.0,2120.3,13,29.87,29.42,0.051,54.6,34.18,25.91,-0.007,53.6,33.1,22.71,0.021,52.0,26.48,0.026500000000000003,54.675,8,1,0,13.0,13.0,12.5,15.0
Bhubaneswar,2023-08-14,33,28.57,20.4,-0.028,54.9,2128.7,12,30.63,27.75,0.054,54.9,30.03,26.07,-0.004,54.2,31.63,24.96,-0.008,52.9,25.0625,0.020499999999999997,54.85,8,1,0,13.0,12.0,12.5,12.0
Bhubaneswar,2023-08-21,34,28.59,18.14,-0.053,54.6,2117.0,14,29.46,22.68,0.005,55.0,29.87,29.42,0.051,54.6,34.18,25.91,-0.007,53.6,22.2425,-0.005499999999999998,54.849999999999994,8,1,0,12.0,12.0,13.0,11.0
Bhubaneswar,2023-08-28,35,27.14,24.85,-0.009,54.2,2115.0,16,28.57,20.4,-0.028,54.9,30.63,27.75,0.054,54.9,30.03,26.07,-0.004,54.2,21.5175,-0.021249999999999995,54.675000000000004,8,1,0,14.0,13.0,13.75,10.0
Bhubaneswar,2023-09-04,36,27.23,18.44,0.066,53.6,2124.0,15,28.59,18.14,-0.053,54.6,29.46,22.68,0.005,55.0,29.87,29.42,0.051,54.6,20.457500000000003,-0.005999999999999995,54.324999999999996,9,1,1,16.0,13.0,14.25,12.0
Bhubaneswar,2023-09-11,37,26.91,11.37,-0.036,52.9,2125.1,12,27.14,24.85,-0.009,54.2,28.57,20.4,-0.028,54.9,30.63,27.75,0.054,54.9,18.2,-0.007999999999999995,53.825,9,1,1,15.0,12.0,14.25,13.0
Bhubaneswar,2023-09-18,38,26.2,13.22,-0.042,52.0,2115.9,11,27.23,18.44,0.066,53.6,28.59,18.14,-0.053,54.6,29.46,22.68,0.005,55.0,16.97,-0.005249999999999996,53.175,9,1,1,12.0,14.0,13.5,9.0
Bhubaneswar,2023-09-25,39,24.05,8.4,-0.045,51.1,2120.1,10,26.91,11.37,-0.036,52.9,27.14,24.85,-0.009,54.2,28.57,20.4,-0.028,54.9,12.857500000000002,-0.014249999999999995,52.4,9,1,1,11.0,16.0,12.0,7.0
Bhubaneswar,2023-10-02,40,23.13,9.64,-0.107,50.1,2127.5,12,26.2,13.22,-0.042,52.0,27.23,18.44,0.066,53.6,28.59,18.14,-0.053,54.6,10.6575,-0.057499999999999996,51.525000000000006,10,0,1,10.0,15.0,11.25,8.0
Bhubaneswar,2023-10-09,41,25.27,9.02,-0.107,49.1,2124.0,13,24.05,8.4,-0.045,51.1,26.91,11.37,-0.036,52.9,27.14,24.85,-0.009,54.2,10.07,-0.07525,50.575,10,0,1,12.0,12.0,11.5,7.0
Bhubaneswar,2023-10-16,42,24.01,4.86,-0.112,48.1,2122.7,9,23.13,9.64,-0.107,50.1,26.2,13.22,-0.042,52.0,27.23,18.44,0.066,53.6,7.98,-0.09275,49.6,10,0,1,13.0,11.0,11.0,6.0
Bhubaneswar,2023-10-23,43,20.55,9.16,-0.091,47.1,2114.9,7,25.27,9.02,-0.107,49.1,24.05,8.4,-0.045,51.1,26.91,11.37,-0.036,52.9,8.170000000000002,-0.10424999999999998,48.6,10,0,1,9.0,10.0,10.25,7.0
Bhubaneswar,2023-10-30,44,22.16,0.0,-0.181,46.2,2115.9,8,24.01,4.86,-0.112,48.1,23.13,9.64,-0.107,50.1,26.2,13.22,-0.042,52.0,5.760000000000001,-0.12275,47.62500000000001,10,0,1,7.0,12.0,9.25,6.0
Bhubaneswar,2023-11-06,45,23.42,3.37,-0.222,45.3,2123.8,7,20.55,9.16,-0.091,47.1,25.27,9.02,-0.107,49.1,24.05,8.4,-0.045,51.1,4.3475,-0.1515,46.675,11,0,1,8.0,13.0,7.75,6.0
Bhubaneswar,2023-11-13,46,20.3,2.68,-0.161,44.5,2112.2,6,22.16,0.0,-0.181,46.2,24.01,4.86,-0.112,48.1,23.13,9.64,-0.107,50.1,3.8025000000000007,-0.16375,45.775,11,0,1,7.0,9.0,7.0,4.0
Bhubaneswar,2023-11-20,47,21.43,0.0,-0.155,43.7,2119.3,7,23.42,3.37,-0.222,45.3,20.55,9.16,-0.091,47.1,25.27,9.02,-0.107,49.1,1.5125000000000006,-0.17975000000000002,44.925000000000004,11,0,1,6.0,7.0,7.0,4.0
Bhubaneswar,2023-11-27,48,21.39,1.91,-0.232,43.1,2120.9,6,20.3,2.68,-0.161,44.5,22.16,0.0,-0.181,46.2,24.01,4.86,-0.112,48.1,1.9900000000000004,-0.1925,44.15,11,0,1,7.0,8.0,6.5,4.0
Chennai,2019-02-18,8,29.01,0.0,-0.202,40.4,26902.9,4,23.27,0.0,-0.2,40.2,23.48,3.53,-0.208,40.1,25.07,0.0,-0.209,40.1,0.8375,-0.19825,40.275000000000006,2,0,0,4.0,2.0,3.25,6.0
Chennai,2019-02-25,9,27.45,0.0,-0.23,40.6,26905.2,3,28.11,3.35,-0.168,40.3,25.6,0.0,-0.223,40.2,26.46,0.24,-0.184,40.1,0.8375,-0.2,40.375,2,0,0,4.0,2.0,3.5,5.0
Chennai,2019-03-04,10,26.97,0.0,-0.205,40.8,26904.3,3,29.01,0.0,-0.202,40.4,23.27,0.0,-0.2,40.2,23.48,3.53,-0.208,40.1,0.8375,-0.20124999999999998,40.525,3,0,0,3.0,3.0,3.5,6.0
Chennai,2019-03-11,11,29.44,5.5,-0.167,41.0,26905.5,4,27.45,0.0,-0.23,40.6,28.11,3.35,-0.168,40.3,25.6,0.0,-0.223,40.2,1.375,-0.201,40.699999999999996,3,0,0,3.0,4.0,3.5,5.0
Chennai,2019-03-18,12,29.68,2.93,-0.196,41.3,26904.1,6,26.97,0.0,-0.205,40.8,29.01,0.0,-0.202,40.4,23.27,0.0,-0.2,40.2,2.1075,-0.1995,40.925,3,0,0,4.0,4.0,4.0,7.0
Chennai,2019-03-25,13,32.16,0.0,-0.22,41.6,26910.4,5,29.44,5.5,-0.167,41.0,27.45,0.0,-0.23,40.6,28.11,3.35,-0.168,40.3,2.1075,-0.197,41.175,3,0,0,6.0,3.0,4.5,8.0
Chennai,2019-04-01,14,31.1,0.0,-0.198,42.0,26904.5,6,29.68,2.93,-0.196,41.3,26.97,0.0,-0.205,40.8,29.01,0.0,-0.202,40.4,2.1075,-0.19524999999999998,41.474999999999994,4,0,0,5.0,3.0,5.25,8.0
Chennai,2019-04-08,15,34.96,0.92,-0.191,42.5,26916.5,5,32.16,0.0,-0.22,41.6,29.44,5.5,-0.167,41.0,27.45,0.0,-0.23,40.6,0.9625,-0.20125,41.849999999999994,4,0,0,6.0,4.0,5.5,10.0
Chennai,2019-04-15,16,31.81,6.54,-0.123,43.1,26912.3,7,31.1,0.0,-0.198,42.0,29.68,2.93,-0.196,41.3,26.97,0.0,-0.205,40.8,1.865,-0.183,42.300000000000004,4,0,0,5.0,6.0,5.75,9.0
Chennai,2019-04-22,17,33.48,2.98,-0.128,43.7,26915.8,8,34.96,0.92,-0.191,42.5,32.16,0.0,-0.22,41.6,29.44,5.5,-0.167,41.0,2.61,-0.16,42.825,4,0,0,7.0,5.0,6.5,9.0
Chennai,2019-04-29,18,35.17,4.96,-0.157,44.5,26916.2,8,31.81,6.54,-0.123,43.1,31.1,0.0,-0.198,42.0,29.68,2.93,-0.196,41.3,3.85,-0.14975,43.45,4,0,0,8.0,6.0,7.0,10.0
Chennai,2019-05-06,19,33.99,4.42,-0.172,45.3,26921.3,10,33.48,2.98,-0.128,43.7,34.96,0.92,-0.191,42.5,32.16,0.0,-0.22,41.6,4.725,-0.145,44.15,5,0,0,8.0,5.0,8.25,12.0
Chennai,2019-05-13,20,34.28,13.47,-0.123,46.2,26919.3,9,35.17,4.96,-0.157,44.5,31.81,6.54,-0.123,43.1,31.1,0.0,-0.198,42.0,6.4575000000000005,-0.145,44.925000000000004,5,0,0,10.0,7.0,8.75,11.0
Chennai,2019-05-20,21,36.24,12.64,-0.087,47.1,26924.5,9,33.99,4.42,-0.172,45.3,33.48,2.98,-0.128,43.7,34.96,0.92,-0.191,42.5,8.8725,-0.13474999999999998,45.775,5,0,0,9.0,8.0,9.0,10.0
Chennai,2019-05-27,22,38.41,7.26,-0.078,48.1,26920.6,10,34.28,13.47,-0.123,46.2,35.17,4.96,-0.157,44.5,31.81,6.54,-0.123,43.1,9.4475,-0.11499999999999999,46.675,5,0,0,9.0,8.0,9.5,12.0
Chennai,2019-06-03,23,34.39,9.12,-0.123,49.1,26923.8,12,36.24,12.64,-0.087,47.1,33.99,4.42,-0.172,45.3,33.48,2.98,-0.128,43.7,10.622499999999999,-0.10275000000000001,47.625,6,1,0,10.0,10.0,10.0,12.0
Chennai,2019-06-10,24,34.3,12.34,-0.129,50.1,26930.1,11,38.41,7.26,-0.078,48.1,34.28,13.47,-0.123,46.2,35.17,4.96,-0.157,44.5,10.34,-0.10425000000000001,48.6,6,1,0,12.0,9.0,10.5,12.0
Chennai,2019-06-17,25,35.41,19.81,-0.077,51.1,26928.1,10,34.39,9.12,-0.123,49.1,36.24,12.64,-0.087,47.1,33.99,4.42,-0.172,45.3,12.1325,-0.10175000000000001,49.6,6,1,0,11.0,9.0,10.75,12.0
Chennai,2019-06-24,26,34.32,16.65,-0.041,52.0,26919.0,12,34.3,12.34,-0.129,50.1,38.41,7.26,-0.078,48.1,34.28,13.47,-0.123,46.2,14.48,-0.0925,50.575,6,1,0,10.0,10.0,11.25,14.0
Chennai,2019-07-01,27,35.73,23.2,-0.02,52.9,26925.3,12,35.41,19.81,-0.077,51.1,34.39,9.12,-0.123,49.1,36.24,12.64,-0.087,47.1,18.0,-0.06675,51.525,7,1,0,12.0,12.0,11.25,13.0
Chennai,2019-07-08,28,33.82,21.12,-0.006,53.6,26933.1,12,34.32,16.65,-0.041,52.0,34.3,12.34,-0.129,50.1,38.41,7.26,-0.078,48.1,20.195,-0.036,52.4,7,1,0,12.0,11.0,11.5,13.0
Chennai,2019-07-15,29,33.82,19.85,-0.023,54.2,26928.3,12,35.73,23.2,-0.02,52.9,35.41,19.81,-0.077,51.1,34.39,9.12,-0.123,49.1,20.205,-0.0225,53.175,7,1,0,12.0,10.0,12.0,14.0
Chennai,2019-07-22,30,33.16,22.94,0.025,54.6,26923.8,14,33.82,21.12,-0.006,53.6,34.32,16.65,-0.041,52.0,34.3,12.34,-0.129,50.1,21.777500000000003,-0.006,53.825,7,1,0,12.0,12.0,12.5,16.0
Chennai,2019-07-29,31,31.88,19.98,0.019,54.9,26933.1,13,33.82,19.85,-0.023,54.2,35.73,23.2,-0.02,52.9,35.41,19.81,-0.077,51.1,20.9725,0.00375,54.325,7,1,0,14.0,12.0,12.75,14.0
Chennai,2019-08-05,32,31.61,18.5,-0.008,55.0,26933.6,13,33.16,22.94,0.025,54.6,33.82,21.12,-0.006,53.6,34.32,16.65,-0.041,52.0,20.3175,0.0032499999999999994,54.675,8,1,0,13.0,12.0,13.0,13.0
Chennai,2019-08-12,33,30.71,19.89,-0.012,54.9,26931.2,14,31.88,19.98,0.019,54.9,33.82,19.85,-0.023,54.2,35.73,23.2,-0.02,52.9,20.3275,0.005999999999999999,54.85,8,1,0,13.0,12.0,13.5,13.0
Chennai,2019-08-19,34,31.26,24.18,0.053,54.6,26930.0,16,31.61,18.5,-0.008,55.0,33.16,22.94,0.025,54.6,33.82,21.12,-0.006,53.6,20.6375,0.012999999999999998,54.849999999999994,8,1,0,14.0,14.0,14.0,15.0
Chennai,2019-08-26,35,27.82,18.8,-0.066,54.2,26952.2,14,30.71,19.89,-0.012,54.9,31.88,19.98,0.019,54.9,33.82,19.85,-0.023,54.2,20.3425,-0.008250000000000004,54.675000000000004,8,1,0,16.0,13.0,14.25,14.0
Chennai,2019-09-02,36,27.51,13.95,-0.111,53.6,26934.4,13,31.26,24.18,0.053,54.6,31.61,18.5,-0.008,55.0,33.16,22.94,0.025,54.6,19.205,-0.034,54.324999999999996,9,1,1,14.0,13.0,14.25,11.0
Chennai,2019-09-09,37,29.41,11.72,-0.026,52.9,26933.9,13,27.82,18.8,-0.066,54.2,30.71,19.89,-0.012,54.9,31.88,19.98,0.019,54.9,17.162499999999998,-0.037500000000000006,53.825,9,1,1,13.0,14.0,14.0,10.0
Chennai,2019-09-16,38,27.66,11.96,-0.11,52.0,26938.6,15,27.51,13.95,-0.111,53.6,31.26,24.18,0.053,54.6,31.61,18.5,-0.008,55.0,14.107500000000002,-0.07825,53.175,9,1,1,13.0,16.0,13.75,9.0
Chennai,2019-09-23,39,26.02,7.04,-0.117,51.1,26943.8,14,29.41,11.72,-0.026,52.9,27.82,18.8,-0.066,54.2,30.71,19.89,-0.012,54.9,11.1675,-0.091,52.4,9,1,1,15.0,14.0,13.75,9.0
Chennai,2019-09-30,40,25.32,11.29,-0.113,50.1,26939.3,11,27.66,11.96,-0.11,52.0,27.51,13.95,-0.111,53.6,31.26,24.18,0.053,54.6,10.502500000000001,-0.0915,51.525000000000006,9,1,1,14.0,13.0,13.25,7.0
Chennai,2019-10-07,41,26.02,8.07,-0.099,49.1,26944.3,10,26.02,7.04,-0.117,51.1,29.41,11.72,-0.026,52.9,27.82,18.8,-0.066,54.2,9.59,-0.10975,50.575,10,0,1,11.0,13.0,12.5,8.0
Chennai,2019-10-14,42,25.83,4.6,-0.131,48.1,26939.7,9,25.32,11.29,-0.113,50.1,27.66,11.96,-0.11,52.0,27.51,13.95,-0.111,53.6,7.75,-0.115,49.6,10,0,1,10.0,15.0,11.0,6.0
Chennai,2019-10-21,43,25.68,0.0,-0.167,47.1,26943.4,9,26.02,8.07,-0.099,49.1,26.02,7.04,-0.117,51.1,29.41,11.72,-0.026,52.9,5.99,-0.1275,48.6,10,0,1,9.0,14.0,9.75,7.0
Chennai,2019-10-28,44,25.46,1.69,-0.194,46.2,26945.1,7,25.83,4.6,-0.131,48.1,25.32,11.29,-0.113,50.1,27.66,11.96,-0.11,52.0,3.59,-0.14775000000000002,47.62500000000001,10,0,1,9.0,11.0,8.75,5.0
Chennai,2019-11-04,45,22.07,0.0,-0.159,45.3,26954.8,8,25.68,0.0,-0.167,47.1,26.02,8.07,-0.099,49.1,26.02,7.04,-0.117,51.1,1.5724999999999998,-0.16275,46.675,11,0,1,7.0,10.0,8.25,6.0
Chennai,2019-11-11,46,23.64,6.36,-0.191,44.5,26946.7,6,25.46,1.69,-0.194,46.2,25.83,4.6,-0.131,48.1,25.32,11.29,-0.113,50.1,2.0125,-0.17775000000000002,45.775,11,0,1,8.0,9.0,7.5,5.0
Chennai,2019-11-18,47,24.24,0.0,-0.144,43.7,26954.2,7,22.07,0.0,-0.159,45.3,25.68,0.0,-0.167,47.1,26.02,8.07,-0.099,49.1,2.0125,-0.172,44.925000000000004,11,0,1,6.0,9.0,7.0,5.0
Chennai,2019-11-25,48,23.51,0.0,-0.218,43.1,26949.1,5,23.64,6.36,-0.191,44.5,25.46,1.69,-0.194,46.2,25.83,4.6,-0.131,48.1,1.5900000000000003,-0.178,44.15,11,0,1,7.0,7.0,6.5,5.0
Chennai,2019-12-02,49,23.61,0.0,-0.227,42.5,26947.7,6,24.24,0.0,-0.144,43.7,22.07,0.0,-0.159,45.3,25.68,0.0,-0.167,47.1,1.5900000000000003,-0.195,43.45,12,0,0,5.0,8.0,6.0,4.0
Chennai,2019-12-09,50,22.3,0.33,-0.145,42.0,26951.6,5,23.51,0.0,-0.218,43.1,23.64,6.36,-0.191,44.5,25.46,1.69,-0.194,46.2,0.0825,-0.1835,42.825,12,0,0,6.0,6.0,5.75,5.0
Chennai,2019-12-16,51,22.47,10.48,-0.14,41.6,26940.8,5,23.61,0.0,-0.227,42.5,24.24,0.0,-0.144,43.7,22.07,0.0,-0.159,45.3,2.7025,-0.1825,42.3,12,0,0,5.0,7.0,5.25,5.0
Chennai,2019-12-23,52,24.5,1.45,-0.119,41.3,26953.7,5,22.3,0.33,-0.145,42.0,23.51,0.0,-0.218,43.1,23.64,6.36,-0.191,44.5,3.065,-0.15775,41.85,12,0,0,5.0,5.0,5.25,4.0
Chennai,2019-12-30,1,23.8,0.0,-0.236,40.0,26950.7,4,22.47,10.48,-0.14,41.6,23.61,0.0,-0.227,42.5,24.24,0.0,-0.144,43.7,3.065,-0.15999999999999998,41.225,12,0,0,5.0,6.0,4.75,3.0
Chennai,2020-01-06,2,22.67,3.06,-0.152,40.1,26952.6,5,24.5,1.45,-0.119,41.3,22.3,0.33,-0.145,42.0,23.51,0.0,-0.218,43.1,3.7475,-0.16175,40.75,1,0,0,4.0,5.0,4.75,3.0
Chennai,2020-01-13,3,24.66,3.2,-0.189,40.1,26951.6,5,23.8,0.0,-0.236,40.0,22.47,10.48,-0.14,41.6,23.61,0.0,-0.227,42.5,1.9275,-0.174,40.375,1,0,0,5.0,5.0,4.75,3.0
Chennai,2020-01-20,4,25.55,0.0,-0.167,40.1,26952.4,4,22.67,3.06,-0.152,40.1,24.5,1.45,-0.119,41.3,22.3,0.33,-0.145,42.0,1.565,-0.186,40.075,1,0,0,5.0,5.0,4.5,5.0
Chennai,2020-01-27,5,25.47,4.44,-0.229,40.2,26959.0,3,24.66,3.2,-0.189,40.1,23.8,0.0,-0.236,40.0,22.47,10.48,-0.14,41.6,2.675,-0.18425,40.125,1,0,0,4.0,4.0,4.25,5.0
Chennai,2020-02-03,6,26.82,0.0,-0.192,40.2,26956.9,3,25.55,0.0,-0.167,40.1,22.67,3.06,-0.152,40.1,24.5,1.45,-0.119,41.3,1.9100000000000001,-0.19425,40.150000000000006,2,0,0,3.0,5.0,3.75,4.0
Chennai,2020-02-10,7,28.2,0.0,-0.141,40.3,26963.2,3,25.47,4.44,-0.229,40.2,24.66,3.2,-0.189,40.1,23.8,0.0,-0.236,40.0,1.11,-0.18225000000000002,40.2,2,0,0,3.0,5.0,3.25,4.0
Chennai,2020-02-17,8,26.04,1.22,-0.216,40.4,26969.0,5,26.82,0.0,-0.192,40.2,25.55,0.0,-0.167,40.1,22.67,3.06,-0.152,40.1,1.415,-0.1945,40.275,2,0,0,3.0,4.0,3.5,4.0
Chennai,2020-02-24,9,29.16,4.25,-0.141,40.6,26967.1,5,28.2,0.0,-0.141,40.3,25.47,4.44,-0.229,40.2,24.66,3.2,-0.189,40.1,1.3675,-0.1725,40.375,2,0,0,5.0,3.0,4.0,5.0
Chennai,2020-03-02,10,29.55,0.0,-0.203,40.8,26960.1,4,26.04,1.22,-0.216,40.4,26.82,0.0,-0.192,40.2,25.55,0.0,-0.167,40.1,1.3675,-0.17525,40.525,3,0,0,5.0,3.0,4.25,5.0
Chennai,2020-03-09,11,32.35,0.0,-0.226,41.0,26971.0,4,29.16,4.25,-0.141,40.6,28.2,0.0,-0.141,40.3,25.47,4.44,-0.229,40.2,1.3675,-0.1965,40.7,3,0,0,4.0,3.0,4.5,7.0
Chennai,2020-03-16,12,30.45,0.0,-0.208,41.3,26967.5,4,29.55,0.0,-0.203,40.8,26.04,1.22,-0.216,40.4,26.82,0.0,-0.192,40.2,1.0625,-0.1945,40.925,3,0,0,4.0,5.0,4.25,23.0
Chennai,2020-03-23,13,29.74,0.19,-0.206,41.6,26962.6,5,32.35,0.0,-0.226,41.0,29.16,4.25,-0.141,40.6,28.2,0.0,-0.141,40.3,0.0475,-0.21075,41.175,3,0,0,4.0,5.0,4.25,8.0
Chennai,2020-03-30,14,33.23,0.58,-0.195,42.0,26958.1,5,30.45,0.0,-0.208,41.3,29.55,0.0,-0.203,40.8,26.04,1.22,-0.216,40.4,0.1925,-0.20875,41.475,3,0,0,5.0,4.0,4.5,7.0
Chennai,2020-04-06,15,31.07,1.49,-0.182,42.5,26967.1,7,29.74,0.19,-0.206,41.6,32.35,0.0,-0.226,41.0,29.16,4.25,-0.141,40.6,0.565,-0.19775,41.85,4,0,0,5.0,4.0,5.25,9.0
Chennai,2020-04-13,16,34.48,0.0,-0.21,43.1,26965.4,23,33.23,0.58,-0.195,42.0,30.45,0.0,-0.208,41.3,29.55,0.0,-0.203,40.8,0.565,-0.19824999999999998,42.3,4,0,0,7.0,4.0,10.0,10.0
Chennai,2020-04-20,17,32.71,6.0,-0.169,43.7,26976.5,8,31.07,1.49,-0.182,42.5,29.74,0.19,-0.206,41.6,32.35,0.0,-0.226,41.0,2.0175,-0.189,42.825,4,0,0,23.0,5.0,10.75,10.0
Chennai,2020-04-27,18,32.72,0.44,-0.206,44.5,26967.8,7,34.48,0.0,-0.21,43.1,33.23,0.58,-0.195,42.0,30.45,0.0,-0.208,41.3,1.9825000000000002,-0.19175,43.45,4,0,0,8.0,5.0,11.25,9.0
Chennai,2020-05-04,19,33.4,18.85,-0.075,45.3,26968.2,9,32.71,6.0,-0.169,43.7,31.07,1.49,-0.182,42.5,29.74,0.19,-0.206,41.6,6.322500000000001,-0.16499999999999998,44.150000000000006,5,0,0,7.0,7.0,11.75,9.0
Chennai,2020-05-11,20,36.52,13.26,-0.017,46.2,26966.5,10,32.72,0.44,-0.206,44.5,34.48,0.0,-0.21,43.1,33.23,0.58,-0.195,42.0,9.637500000000001,-0.11674999999999999,44.925,5,0,0,9.0,23.0,8.5,11.0
Chennai,2020-05-18,21,34.48,6.25,-0.101,47.1,26969.7,10,33.4,18.85,-0.075,45.3,32.71,6.0,-0.169,43.7,31.07,1.49,-0.182,42.5,9.700000000000001,-0.09974999999999999,45.775,5,0,0,10.0,8.0,9.0,11.0
Chennai,2020-05-25,22,36.54,11.59,-0.045,48.1,26980.3,9,36.52,13.26,-0.017,46.2,32.72,0.44,-0.206,44.5,34.48,0.0,-0.21,43.1,12.4875,-0.0595,46.675,5,0,0,10.0,7.0,9.5,12.0
Chennai,2020-06-01,23,33.06,11.9,-0.039,49.1,26972.6,9,34.48,6.25,-0.101,47.1,33.4,18.85,-0.075,45.3,32.71,6.0,-0.169,43.7,10.75,-0.050499999999999996,47.625,6,1,0,9.0,9.0,9.5,12.0
Chennai,2020-06-08,24,34.51,13.26,-0.053,50.1,26968.1,11,36.54,11.59,-0.045,48.1,36.52,13.26,-0.017,46.2,32.72,0.44,-0.206,44.5,10.75,-0.0595,48.6,6,1,0,9.0,10.0,9.75,12.0
Chennai,2020-06-15,25,32.8,18.04,-0.065,51.1,26975.2,11,33.06,11.9,-0.039,49.1,34.48,6.25,-0.101,47.1,33.4,18.85,-0.075,45.3,13.6975,-0.0505,49.6,6,1,0,11.0,10.0,10.0,12.0
Chennai,2020-06-22,26,35.47,15.48,-0.046,52.0,26968.7,12,34.51,13.26,-0.053,50.1,36.54,11.59,-0.045,48.1,36.52,13.26,-0.017,46.2,14.669999999999998,-0.05075,50.575,6,1,0,11.0,9.0,10.75,13.0
Chennai,2020-06-29,27,34.8,20.66,-0.022,52.9,26975.5,12,32.8,18.04,-0.065,51.1,33.06,11.9,-0.039,49.1,34.48,6.25,-0.101,47.1,16.86,-0.0465,51.525,6,1,0,12.0,9.0,11.5,14.0
Chennai,2020-07-06,28,35.84,16.61,-0.037,53.6,26975.8,12,35.47,15.48,-0.046,52.0,34.51,13.26,-0.053,50.1,36.54,11.59,-0.045,48.1,17.697499999999998,-0.0425,52.4,7,1,0,12.0,11.0,11.75,14.0
Chennai,2020-07-13,29,33.57,29.38,0.034,54.2,26984.3,12,34.8,20.66,-0.022,52.9,32.8,18.04,-0.065,51.1,33.06,11.9,-0.039,49.1,20.5325,-0.01775,53.175000000000004,7,1,0,12.0,11.0,12.0,14.0
Chennai,2020-07-20,30,34.9,24.7,0.017,54.6,26984.5,13,35.84,16.61,-0.037,53.6,35.47,15.48,-0.046,52.0,34.51,13.26,-0.053,50.1,22.8375,-0.0019999999999999983,53.825,7,1,0,12.0,12.0,12.25,17.0
Chennai,2020-07-27,31,32.92,15.76,-0.008,54.9,26983.3,14,33.57,29.38,0.034,54.2,34.8,20.66,-0.022,52.9,32.8,18.04,-0.065,51.1,21.6125,0.0015000000000000013,54.325,7,1,0,13.0,12.0,12.75,16.0
Chennai,2020-08-03,32,32.99,11.92,-0.081,55.0,26984.2,14,34.9,24.7,0.017,54.6,35.84,16.61,-0.037,53.6,35.47,15.48,-0.046,52.0,20.439999999999998,-0.0095,54.675000000000004,8,1,0,14.0,12.0,13.25,14.0
Chennai,2020-08-10,33,32.88,17.38,-0.028,54.9,26991.3,14,32.92,15.76,-0.008,54.9,33.57,29.38,0.034,54.2,34.8,20.66,-0.022,52.9,17.44,-0.025,54.849999999999994,8,1,0,14.0,12.0,13.75,14.0
Chennai,2020-08-17,34,31.09,17.69,-0.004,54.6,26985.4,17,32.99,11.92,-0.081,55.0,34.9,24.7,0.017,54.6,35.84,16.61,-0.037,53.6,15.6875,-0.03025,54.85,8,1,0,14.0,13.0,14.75,12.0
Chennai,2020-08-24,35,27.96,10.73,-0.113,54.2,26992.5,16,32.88,17.38,-0.028,54.9,32.92,15.76,-0.008,54.9,33.57,29.38,0.034,54.2,14.43,-0.0565,54.675,8,1,0,17.0,14.0,15.25,12.0
Chennai,2020-08-31,36,29.73,16.4,-0.034,53.6,26988.3,14,31.09,17.69,-0.004,54.6,32.99,11.92,-0.081,55.0,34.9,24.7,0.017,54.6,15.55,-0.044750000000000005,54.325,8,1,0,16.0,14.0,15.25,9.0
Chennai,2020-09-07,37,29.59,11.64,-0.025,52.9,26985.5,14,27.96,10.73,-0.113,54.2,32.88,17.38,-0.028,54.9,32.92,15.76,-0.008,54.9,14.115000000000002,-0.044,53.825,9,1,1,14.0,14.0,15.25,11.0
Chennai,2020-09-14,38,28.14,11.11,-0.141,52.0,26998.6,12,29.73,16.4,-0.034,53.6,31.09,17.69,-0.004,54.6,32.99,11.92,-0.081,55.0,12.469999999999999,-0.07824999999999999,53.175,9,1,1,14.0,17.0,14.0,11.0
Chennai,2020-09-21,39,26.66,9.35,-0.111,51.1,26999.7,12,29.59,11.64,-0.025,52.9,27.96,10.73,-0.113,54.2,32.88,17.38,-0.028,54.9,12.124999999999998,-0.07775,52.400000000000006,9,1,1,12.0,16.0,13.0,9.0
Chennai,2020-09-28,40,24.55,0.0,-0.212,50.1,26998.8,9,28.14,11.11,-0.141,52.0,29.73,16.4,-0.034,53.6,31.09,17.69,-0.004,54.6,8.024999999999999,-0.12225,51.525,9,1,1,12.0,14.0,11.75,8.0
Chennai,2020-10-05,41,24.92,0.81,-0.187,49.1,26992.2,11,26.66,9.35,-0.111,51.1,29.59,11.64,-0.025,52.9,27.96,10.73,-0.113,54.2,5.3175,-0.16275,50.575,10,0,1,9.0,14.0,11.0,8.0
Chennai,2020-10-12,42,24.12,2.21,-0.206,48.1,26988.7,11,24.55,0.0,-0.212,50.1,28.14,11.11,-0.141,52.0,29.73,16.4,-0.034,53.6,3.0925,-0.179,49.6,10,0,1,11.0,12.0,10.75,6.0
Chennai,2020-10-19,43,23.33,4.36,-0.154,47.1,26998.8,9,24.92,0.81,-0.187,49.1,26.66,9.35,-0.111,51.1,29.59,11.64,-0.025,52.9,1.8450000000000002,-0.18974999999999997,48.60000000000001,10,0,1,11.0,12.0,10.0,5.0
Chennai,2020-10-26,44,23.73,4.72,-0.109,46.2,27000.8,8,24.12,2.21,-0.206,48.1,24.55,0.0,-0.212,50.1,28.14,11.11,-0.141,52.0,3.0250000000000004,-0.164,47.625,10,0,1,9.0,9.0,9.75,5.0
Chennai,2020-11-02,45,24.57,0.0,-0.16,45.3,26994.9,8,23.33,4.36,-0.154,47.1,24.92,0.81,-0.187,49.1,26.66,9.35,-0.111,51.1,2.8225,-0.15725,46.675,11,0,1,8.0,11.0,9.0,6.0
Chennai,2020-11-09,46,21.95,0.0,-0.242,44.5,26999.4,6,23.73,4.72,-0.109,46.2,24.12,2.21,-0.206,48.1,24.55,0.0,-0.212,50.1,2.2700000000000005,-0.16625,45.775000000000006,11,0,1,8.0,11.0,7.75,5.0
Chennai,2020-11-16,47,24.44,0.0,-0.183,43.7,27000.1,5,24.57,0.0,-0.16,45.3,23.33,4.36,-0.154,47.1,24.92,0.81,-0.187,49.1,1.18,-0.1735,44.925,11,0,1,6.0,9.0,6.75,4.0
Chennai,2020-11-23,48,22.77,0.4,-0.225,43.1,27008.8,5,21.95,0.0,-0.242,44.5,23.73,4.72,-0.109,46.2,24.12,2.21,-0.206,48.1,0.1,-0.2025,44.15,11,0,1,5.0,8.0,6.0,3.0
Chennai,2020-11-30,49,24.68,0.0,-0.126,42.5,26992.4,6,24.44,0.0,-0.183,43.7,24.57,0.0,-0.16,45.3,23.33,4.36,-0.154,47.1,0.1,-0.194,43.45,11,0,1,5.0,8.0,5.5,4.0
Chennai,2020-12-07,50,25.12,0.0,-0.196,42.0,26999.9,5,22.77,0.4,-0.225,43.1,21.95,0.0,-0.242,44.5,23.73,4.72,-0.109,46.2,0.1,-0.1825,42.825,12,0,0,6.0,6.0,5.25,3.0
Chennai,2020-12-14,51,22.1,0.0,-0.203,41.6,27001.7,4,24.68,0.0,-0.126,42.5,24.44,0.0,-0.183,43.7,24.57,0.0,-0.16,45.3,0.1,-0.1875,42.3,12,0,0,5.0,5.0,5.0,4.0
Chennai,2020-12-21,52,25.63,6.48,-0.163,41.3,27013.0,3,25.12,0.0,-0.196,42.0,22.77,0.4,-0.225,43.1,21.95,0.0,-0.242,44.5,1.62,-0.172,41.85,12,0,0,4.0,5.0,4.5,4.0
Chennai,2020-12-28,53,24.03,2.16,-0.161,41.0,27011.5,4,22.1,0.0,-0.203,41.6,24.68,0.0,-0.126,42.5,24.44,0.0,-0.183,43.7,2.16,-0.18075,41.475,12,0,0,3.0,6.0,4.0,5.0
Chennai,2021-01-04,1,23.61,0.0,-0.142,40.0,27004.1,3,25.63,6.48,-0.163,41.3,25.12,0.0,-0.196,42.0,22.77,0.4,-0.225,43.1,2.16,-0.16725,40.975,1,0,0,4.0,5.0,3.5,3.0
Chennai,2021-01-11,2,23.57,1.54,-0.158,40.1,27000.7,4,24.03,2.16,-0.161,41.0,22.1,0.0,-0.203,41.6,24.68,0.0,-0.126,42.5,2.545,-0.156,40.6,1,0,0,3.0,4.0,3.5,3.0
Chennai,2021-01-18,3,24.42,3.57,-0.153,40.1,27013.5,4,23.61,0.0,-0.142,40.0,25.63,6.48,-0.163,41.3,25.12,0.0,-0.196,42.0,1.8175,-0.1535,40.3,1,0,0,4.0,3.0,3.75,3.0
Chennai,2021-01-25,4,25.41,0.0,-0.109,40.1,27017.8,5,23.57,1.54,-0.158,40.1,24.03,2.16,-0.161,41.0,22.1,0.0,-0.203,41.6,1.2774999999999999,-0.14049999999999999,40.075,1,0,0,4.0,4.0,4.0,5.0
Chennai,2021-02-01,5,24.86,2.88,-0.201,40.2,27015.8,3,24.42,3.57,-0.153,40.1,23.61,0.0,-0.142,40.0,25.63,6.48,-0.163,41.3,1.9975,-0.15525,40.125,2,0,0,5.0,3.0,4.0,5.0
Chennai,2021-02-08,6,25.01,4.29,-0.18,40.2,27009.3,3,25.41,0.0,-0.109,40.1,23.57,1.54,-0.158,40.1,24.03,2.16,-0.161,41.0,2.6849999999999996,-0.16075,40.150000000000006,2,0,0,3.0,4.0,3.75,4.0
Chennai,2021-02-15,7,27.13,0.55,-0.21,40.3,27006.0,3,24.86,2.88,-0.201,40.2,24.42,3.57,-0.153,40.1,23.61,0.0,-0.142,40.0,1.9299999999999997,-0.175,40.2,2,0,0,3.0,4.0,3.5,4.0
Chennai,2021-02-22,8,26.16,0.0,-0.161,40.4,27021.3,5,25.01,4.29,-0.18,40.2,25.41,0.0,-0.109,40.1,23.57,1.54,-0.158,40.1,1.9299999999999997,-0.188,40.275000000000006,2,0,0,3.0,5.0,3.5,5.0
Chennai,2021-03-01,9,28.53,6.08,-0.199,40.6,27019.0,5,27.13,0.55,-0.21,40.3,24.86,2.88,-0.201,40.2,24.42,3.57,-0.153,40.1,2.73,-0.1875,40.375,3,0,0,5.0,3.0,4.0,6.0
Chennai,2021-03-08,10,27.71,0.33,-0.131,40.8,27022.9,4,26.16,0.0,-0.161,40.4,25.01,4.29,-0.18,40.2,25.41,0.0,-0.109,40.1,1.7399999999999998,-0.17525000000000002,40.525,3,0,0,5.0,3.0,4.25,4.0
Chennai,2021-03-15,11,29.32,0.27,-0.203,41.0,27013.4,4,28.53,6.08,-0.199,40.6,27.13,0.55,-0.21,40.3,24.86,2.88,-0.201,40.2,1.6699999999999997,-0.17350000000000002,40.699999999999996,3,0,0,4.0,3.0,4.5,5.0
Chennai,2021-03-22,12,28.03,0.0,-0.229,41.3,27020.8,5,27.71,0.33,-0.131,40.8,26.16,0.0,-0.161,40.4,25.01,4.29,-0.18,40.2,1.6699999999999997,-0.1905,40.925,3,0,0,4.0,5.0,4.5,6.0
Chennai,2021-03-29,13,30.36,0.0,-0.247,41.6,27013.2,6,29.32,0.27,-0.203,41.0,28.53,6.08,-0.199,40.6,27.13,0.55,-0.21,40.3,0.1499999999999998,-0.20249999999999999,41.175,3,0,0,5.0,5.0,4.75,7.0
Chennai,2021-04-05,14,30.87,3.37,-0.169,42.0,27024.2,4,28.03,0.0,-0.229,41.3,27.71,0.33,-0.131,40.8,26.16,0.0,-0.161,40.4,0.9099999999999998,-0.21200000000000002,41.474999999999994,4,0,0,6.0,4.0,4.75,8.0
Chennai,2021-04-12,15,30.99,3.23,-0.124,42.5,27028.8,5,30.36,0.0,-0.247,41.6,29.32,0.27,-0.203,41.0,28.53,6.08,-0.199,40.6,1.65,-0.19225,41.849999999999994,4,0,0,4.0,4.0,5.0,8.0
Chennai,2021-04-19,16,34.8,6.07,-0.239,43.1,27016.7,6,30.87,3.37,-0.169,42.0,28.03,0.0,-0.229,41.3,27.71,0.33,-0.131,40.8,3.1675,-0.19475,42.300000000000004,4,0,0,5.0,5.0,5.25,8.0
Chennai,2021-04-26,17,34.48,0.16,-0.144,43.7,27028.7,7,30.99,3.23,-0.124,42.5,30.36,0.0,-0.247,41.6,29.32,0.27,-0.203,41.0,3.2075,-0.169,42.825,4,0,0,6.0,6.0,5.5,10.0
Chennai,2021-05-03,18,34.43,1.35,-0.208,44.5,27025.6,8,34.8,6.07,-0.239,43.1,30.87,3.37,-0.169,42.0,28.03,0.0,-0.229,41.3,2.7025,-0.17875,43.45,5,0,0,7.0,4.0,6.5,11.0
Chennai,2021-05-10,19,36.11,7.33,-0.118,45.3,27024.5,8,34.48,0.16,-0.144,43.7,30.99,3.23,-0.124,42.5,30.36,0.0,-0.247,41.6,3.7275,-0.17725,44.15,5,0,0,8.0,5.0,7.25,10.0
Chennai,2021-05-17,20,33.16,3.24,-0.161,46.2,27026.2,8,34.43,1.35,-0.208,44.5,34.8,6.07,-0.239,43.1,30.87,3.37,-0.169,42.0,3.02,-0.15775,44.925000000000004,5,0,0,8.0,6.0,7.75,9.0
Chennai,2021-05-24,21,32.88,10.42,-0.139,47.1,27033.3,10,36.11,7.33,-0.118,45.3,34.48,0.16,-0.144,43.7,30.99,3.23,-0.124,42.5,5.585,-0.1565,45.775,5,0,0,8.0,7.0,8.5,11.0
Chennai,2021-05-31,22,31.68,9.41,-0.107,48.1,27027.4,11,33.16,3.24,-0.161,46.2,34.43,1.35,-0.208,44.5,34.8,6.07,-0.239,43.1,7.6,-0.13125,46.675,5,0,0,10.0,8.0,9.25,11.0
Chennai,2021-06-07,23,35.22,13.85,-0.077,49.1,27024.0,10,32.88,10.42,-0.139,47.1,36.11,7.33,-0.118,45.3,34.48,0.16,-0.144,43.7,9.23,-0.121,47.625,6,1,0,11.0,8.0,9.75,11.0
Chennai,2021-06-14,24,34.02,17.3,-0.037,50.1,27037.3,9,31.68,9.41,-0.107,48.1,33.16,3.24,-0.161,46.2,34.43,1.35,-0.208,44.5,12.745,-0.09,48.6,6,1,0,10.0,8.0,10.0,12.0
Chennai,2021-06-21,25,36.39,6.97,-0.137,51.1,27037.8,11,35.22,13.85,-0.077,49.1,32.88,10.42,-0.139,47.1,36.11,7.33,-0.118,45.3,11.8825,-0.0895,49.6,6,1,0,9.0,10.0,10.25,13.0
Chennai,2021-06-28,26,35.65,28.34,-0.007,52.0,27032.0,11,34.02,17.3,-0.037,50.1,31.68,9.41,-0.107,48.1,33.16,3.24,-0.161,46.2,16.615,-0.0645,50.575,6,1,0,11.0,11.0,10.25,14.0
Chennai,2021-07-05,27,34.9,20.99,0.008,52.9,27041.2,11,36.39,6.97,-0.137,51.1,35.22,13.85,-0.077,49.1,32.88,10.42,-0.139,47.1,18.4,-0.043250000000000004,51.525,7,1,0,11.0,10.0,10.5,13.0
Chennai,2021-07-12,28,34.84,21.61,-0.057,53.6,27029.8,12,35.65,28.34,-0.007,52.0,34.02,17.3,-0.037,50.1,31.68,9.41,-0.107,48.1,19.4775,-0.04825,52.4,7,1,0,11.0,9.0,11.25,15.0
Chennai,2021-07-19,29,33.1,26.76,0.034,54.2,27034.9,13,34.9,20.99,0.008,52.9,36.39,6.97,-0.137,51.1,35.22,13.85,-0.077,49.1,24.425,-0.0055,53.175,7,1,0,12.0,11.0,11.75,14.0
Chennai,2021-07-26,30,32.89,22.38,-0.024,54.6,27040.1,14,34.84,21.61,-0.057,53.6,35.65,28.34,-0.007,52.0,34.02,17.3,-0.037,50.1,22.935,-0.00975,53.825,7,1,0,13.0,11.0,12.5,14.0
Chennai,2021-08-02,31,31.68,17.94,-0.079,54.9,27034.0,13,33.1,26.76,0.034,54.2,34.9,20.99,0.008,52.9,36.39,6.97,-0.137,51.1,22.1725,-0.0315,54.325,8,1,0,14.0,11.0,13.0,13.0
Chennai,2021-08-09,32,30.69,17.93,-0.024,55.0,27038.3,15,32.89,22.38,-0.024,54.6,34.84,21.61,-0.057,53.6,35.65,28.34,-0.007,52.0,21.2525,-0.02325,54.675,8,1,0,13.0,12.0,13.75,14.0
Chennai,2021-08-16,33,30.36,16.29,-0.044,54.9,27041.3,14,31.68,17.94,-0.079,54.9,33.1,26.76,0.034,54.2,34.9,20.99,0.008,52.9,18.634999999999998,-0.04275,54.85,8,1,0,15.0,13.0,14.0,9.0
Chennai,2021-08-23,34,30.26,17.3,-0.018,54.6,27037.0,14,30.69,17.93,-0.024,55.0,32.89,22.38,-0.024,54.6,34.84,21.61,-0.057,53.6,17.365000000000002,-0.04125,54.849999999999994,8,1,0,14.0,14.0,14.0,10.0
Chennai,2021-08-30,35,30.34,15.13,-0.074,54.2,27035.5,13,30.36,16.29,-0.044,54.9,31.68,17.94,-0.079,54.9,33.1,26.76,0.034,54.2,16.6625,-0.039999999999999994,54.675000000000004,8,1,0,14.0,13.0,14.0,12.0
Chennai,2021-09-06,36,31.97,13.75,0.006,53.6,27036.3,14,30.26,17.3,-0.018,54.6,30.69,17.93,-0.024,55.0,32.89,22.38,-0.024,54.6,15.6175,-0.0325,54.324999999999996,9,1,1,13.0,15.0,13.75,12.0
Chennai,2021-09-13,37,26.36,13.09,-0.071,52.9,27039.2,9,30.34,15.13,-0.074,54.2,30.36,16.29,-0.044,54.9,31.68,17.94,-0.079,54.9,14.8175,-0.03924999999999999,53.825,9,1,1,14.0,14.0,12.5,13.0
Chennai,2021-09-20,38,25.94,19.66,-0.031,52.0,27044.9,10,31.97,13.75,0.006,53.6,30.26,17.3,-0.018,54.6,30.69,17.93,-0.024,55.0,15.4075,-0.042499999999999996,53.175,9,1,1,9.0,14.0,11.5,9.0
Chennai,2021-09-27,39,26.89,3.16,-0.175,51.1,27045.3,12,26.36,13.09,-0.071,52.9,30.34,15.13,-0.074,54.2,30.36,16.29,-0.044,54.9,12.415,-0.06774999999999999,52.4,9,1,1,10.0,13.0,11.25,9.0
Chennai,2021-10-04,40,25.76,3.55,-0.189,50.1,27042.4,12,25.94,19.66,-0.031,52.0,31.97,13.75,0.006,53.6,30.26,17.3,-0.018,54.6,9.865,-0.11649999999999999,51.525000000000006,10,0,1,12.0,14.0,10.75,7.0
Chennai,2021-10-11,41,25.18,4.65,-0.147,49.1,27047.0,13,26.89,3.16,-0.175,51.1,26.36,13.09,-0.071,52.9,30.34,15.13,-0.074,54.2,7.755000000000001,-0.13549999999999998,50.575,10,0,1,12.0,9.0,11.75,7.0
Chennai,2021-10-18,42,25.75,7.68,-0.101,48.1,27049.9,9,25.76,3.55,-0.189,50.1,25.94,19.66,-0.031,52.0,31.97,13.75,0.006,53.6,4.76,-0.15299999999999997,49.6,10,0,1,13.0,10.0,11.5,7.0
Chennai,2021-10-25,43,22.92,8.96,-0.138,47.1,27048.9,9,25.18,4.65,-0.147,49.1,26.89,3.16,-0.175,51.1,26.36,13.09,-0.071,52.9,6.21,-0.14375,48.6,10,0,1,9.0,12.0,10.75,6.0
Chennai,2021-11-01,44,24.1,6.12,-0.098,46.2,27061.5,7,25.75,7.68,-0.101,48.1,25.76,3.55,-0.189,50.1,25.94,19.66,-0.031,52.0,6.8525,-0.121,47.62500000000001,11,0,1,9.0,12.0,9.5,5.0
Chennai,2021-11-08,45,23.5,2.11,-0.089,45.3,27060.1,7,22.92,8.96,-0.138,47.1,25.18,4.65,-0.147,49.1,26.89,3.16,-0.175,51.1,6.2175,-0.1065,46.675,11,0,1,7.0,13.0,8.0,5.0
Chennai,2021-11-15,46,21.98,0.0,-0.234,44.5,27053.1,7,24.1,6.12,-0.098,46.2,25.75,7.68,-0.101,48.1,25.76,3.55,-0.189,50.1,4.2975,-0.13975,45.775,11,0,1,7.0,9.0,7.5,5.0
Chennai,2021-11-22,47,22.28,0.0,-0.188,43.7,27056.7,6,23.5,2.11,-0.089,45.3,22.92,8.96,-0.138,47.1,25.18,4.65,-0.147,49.1,2.0575,-0.15225,44.925000000000004,11,0,1,7.0,9.0,6.75,5.0
Chennai,2021-11-29,48,23.63,0.85,-0.166,43.1,27060.9,5,21.98,0.0,-0.234,44.5,24.1,6.12,-0.098,46.2,25.75,7.68,-0.101,48.1,0.74,-0.16925,44.15,11,0,1,6.0,7.0,6.25,4.0
Chennai,2021-12-06,49,23.63,0.6,-0.193,42.5,27056.1,5,22.28,0.0,-0.188,43.7,23.5,2.11,-0.089,45.3,22.92,8.96,-0.138,47.1,0.3625,-0.19525000000000003,43.45,12,0,0,5.0,7.0,5.75,4.0
Chennai,2021-12-13,50,24.08,0.0,-0.178,42.0,27062.2,5,23.63,0.85,-0.166,43.1,21.98,0.0,-0.234,44.5,24.1,6.12,-0.098,46.2,0.3625,-0.18125,42.825,12,0,0,5.0,7.0,5.25,4.0
Chennai,2021-12-20,51,25.25,0.93,-0.154,41.6,27062.5,5,23.63,0.6,-0.193,42.5,22.28,0.0,-0.188,43.7,23.5,2.11,-0.089,45.3,0.595,-0.17275000000000001,42.3,12,0,0,5.0,6.0,5.0,4.0
Chennai,2021-12-27,52,23.66,4.36,-0.194,41.3,27058.9,4,24.08,0.0,-0.178,42.0,23.63,0.85,-0.166,43.1,21.98,0.0,-0.234,44.5,1.4725000000000001,-0.17975,41.85,12,0,0,5.0,5.0,4.75,4.0
Chennai,2022-01-03,1,22.72,0.0,-0.163,40.0,27064.7,4,25.25,0.93,-0.154,41.6,23.63,0.6,-0.193,42.5,22.28,0.0,-0.188,43.7,1.3225,-0.17225000000000001,41.225,1,0,0,4.0,5.0,4.5,4.0
Chennai,2022-01-10,2,23.86,0.0,-0.203,40.1,27063.4,4,23.66,4.36,-0.194,41.3,24.08,0.0,-0.178,42.0,23.63,0.85,-0.166,43.1,1.3225,-0.1785,40.75,1,0,0,4.0,5.0,4.25,3.0
Chennai,2022-01-17,3,25.81,0.0,-0.209,40.1,27064.4,4,22.72,0.0,-0.163,40.0,25.25,0.93,-0.154,41.6,23.63,0.6,-0.193,42.5,1.0899999999999999,-0.19225,40.375,1,0,0,4.0,5.0,4.0,3.0
Chennai,2022-01-24,4,23.8,3.17,-0.207,40.1,27069.4,4,23.86,0.0,-0.203,40.1,23.66,4.36,-0.194,41.3,24.08,0.0,-0.178,42.0,0.7924999999999998,-0.1955,40.075,1,0,0,4.0,4.0,4.0,2.0
Chennai,2022-01-31,5,24.41,0.0,-0.226,40.2,27065.6,4,25.81,0.0,-0.209,40.1,22.72,0.0,-0.163,40.0,25.25,0.93,-0.154,41.6,0.7924999999999998,-0.21125,40.125,1,0,0,4.0,4.0,4.0,3.0
Chennai,2022-02-07,6,26.21,0.0,-0.224,40.2,27069.8,3,23.8,3.17,-0.207,40.1,23.86,0.0,-0.203,40.1,23.66,4.36,-0.194,41.3,0.7924999999999998,-0.21649999999999997,40.150000000000006,2,0,0,4.0,4.0,3.75,6.0
Chennai,2022-02-14,7,24.77,0.67,-0.233,40.3,27068.0,3,24.41,0.0,-0.226,40.2,25.81,0.0,-0.209,40.1,22.72,0.0,-0.163,40.0,0.9599999999999997,-0.2225,40.2,2,0,0,3.0,4.0,3.5,4.0
Chennai,2022-02-21,8,29.29,0.93,-0.136,40.4,27065.3,2,26.21,0.0,-0.224,40.2,23.8,3.17,-0.207,40.1,23.86,0.0,-0.203,40.1,0.3999999999999998,-0.20475000000000002,40.275,2,0,0,3.0,4.0,3.0,5.0
Chennai,2022-02-28,9,29.15,0.0,-0.164,40.6,27063.0,3,24.77,0.67,-0.233,40.3,24.41,0.0,-0.226,40.2,25.81,0.0,-0.209,40.1,0.3999999999999998,-0.18925000000000003,40.375,2,0,0,2.0,4.0,2.75,6.0
Chennai,2022-03-07,10,29.03,0.0,-0.158,40.8,27059.4,6,29.29,0.93,-0.136,40.4,26.21,0.0,-0.224,40.2,23.8,3.17,-0.207,40.1,0.3999999999999998,-0.17275000000000001,40.525,3,0,0,3.0,3.0,3.5,6.0
Chennai,2022-03-14,11,27.74,0.0,-0.241,41.0,27071.6,4,29.15,0.0,-0.164,40.6,24.77,0.67,-0.233,40.3,24.41,0.0,-0.226,40.2,0.2324999999999998,-0.17475,40.7,3,0,0,6.0,3.0,3.75,7.0
Chennai,2022-03-21,12,30.47,0.0,-0.22,41.3,27067.2,5,29.03,0.0,-0.158,40.8,29.29,0.93,-0.136,40.4,26.21,0.0,-0.224,40.2,0.0,-0.19574999999999998,40.925,3,0,0,4.0,2.0,4.5,7.0
Chennai,2022-03-28,13,30.22,0.0,-0.202,41.6,27088.3,6,27.74,0.0,-0.241,41.0,29.15,0.0,-0.164,40.6,24.77,0.67,-0.233,40.3,0.0,-0.20525000000000002,41.175,3,0,0,5.0,3.0,5.25,8.0
Chennai,2022-04-04,14,33.86,0.0,-0.199,42.0,27071.5,6,30.47,0.0,-0.22,41.3,29.03,0.0,-0.158,40.8,29.29,0.93,-0.136,40.4,0.0,-0.21550000000000002,41.475,4,0,0,6.0,6.0,5.25,9.0
Chennai,2022-04-11,15,33.25,0.0,-0.191,42.5,27074.2,7,30.22,0.0,-0.202,41.6,27.74,0.0,-0.241,41.0,29.15,0.0,-0.164,40.6,0.0,-0.203,41.85,4,0,0,6.0,4.0,6.0,9.0
Chennai,2022-04-18,16,31.35,3.14,-0.128,43.1,27075.2,7,33.86,0.0,-0.199,42.0,30.47,0.0,-0.22,41.3,29.03,0.0,-0.158,40.8,0.7849999999999998,-0.18000000000000002,42.3,4,0,0,7.0,5.0,6.5,8.0
Chennai,2022-04-25,17,34.83,0.0,-0.183,43.7,27075.7,8,33.25,0.0,-0.191,42.5,30.22,0.0,-0.202,41.6,27.74,0.0,-0.241,41.0,0.7849999999999998,-0.17525000000000002,42.825,4,0,0,7.0,6.0,7.0,11.0
Chennai,2022-05-02,18,33.16,2.2,-0.235,44.5,27086.8,9,31.35,3.14,-0.128,43.1,33.86,0.0,-0.199,42.0,30.47,0.0,-0.22,41.3,1.335,-0.18424999999999997,43.45,5,0,0,8.0,6.0,7.75,10.0
Chennai,2022-05-09,19,33.76,11.0,-0.123,45.3,27078.8,9,34.83,0.0,-0.183,43.7,33.25,0.0,-0.191,42.5,30.22,0.0,-0.202,41.6,4.085,-0.16725,44.150000000000006,5,0,0,9.0,7.0,8.25,11.0
Chennai,2022-05-16,20,37.03,9.09,-0.127,46.2,27088.9,8,33.16,2.2,-0.235,44.5,31.35,3.14,-0.128,43.1,33.86,0.0,-0.199,42.0,5.5725,-0.16699999999999998,44.925,5,0,0,9.0,7.0,8.5,11.0
Chennai,2022-05-23,21,34.04,5.2,-0.151,47.1,27079.1,11,33.76,11.0,-0.123,45.3,34.83,0.0,-0.183,43.7,33.25,0.0,-0.191,42.5,6.8725,-0.159,45.775,5,0,0,8.0,8.0,9.25,12.0
Chennai,2022-05-30,22,34.78,8.78,-0.136,48.1,27076.3,10,37.03,9.09,-0.127,46.2,33.16,2.2,-0.235,44.5,31.35,3.14,-0.128,43.1,8.5175,-0.13425,46.675,5,0,0,11.0,9.0,9.5,12.0
Chennai,2022-06-06,23,34.77,17.07,-0.083,49.1,27084.5,11,34.04,5.2,-0.151,47.1,33.76,11.0,-0.123,45.3,34.83,0.0,-0.183,43.7,10.035,-0.12425,47.625,6,1,0,10.0,9.0,10.0,11.0
Chennai,2022-06-13,24,36.38,13.82,-0.073,50.1,27095.7,11,34.78,8.78,-0.136,48.1,37.03,9.09,-0.127,46.2,33.16,2.2,-0.235,44.5,11.217500000000001,-0.11075,48.6,6,1,0,11.0,8.0,10.75,11.0
Chennai,2022-06-20,25,33.56,16.59,-0.005,51.1,27089.1,12,34.77,17.07,-0.083,49.1,34.04,5.2,-0.151,47.1,33.76,11.0,-0.123,45.3,14.065,-0.07425000000000001,49.6,6,1,0,11.0,11.0,11.0,15.0
Chennai,2022-06-27,26,33.26,18.43,-0.02,52.0,27084.7,12,36.38,13.82,-0.073,50.1,34.78,8.78,-0.136,48.1,37.03,9.09,-0.127,46.2,16.4775,-0.04525,50.575,6,1,0,12.0,10.0,11.5,12.0
Chennai,2022-07-04,27,34.63,19.39,-0.1,52.9,27089.2,11,33.56,16.59,-0.005,51.1,34.77,17.07,-0.083,49.1,34.04,5.2,-0.151,47.1,17.057499999999997,-0.0495,51.525,7,1,0,12.0,11.0,11.5,14.0
Chennai,2022-07-11,28,35.74,18.23,-0.056,53.6,27086.2,11,33.26,18.43,-0.02,52.0,36.38,13.82,-0.073,50.1,34.78,8.78,-0.136,48.1,18.16,-0.04525,52.4,7,1,0,11.0,11.0,11.5,14.0
Chennai,2022-07-18,29,33.22,23.19,-0.053,54.2,27095.3,15,34.63,19.39,-0.1,52.9,33.56,16.59,-0.005,51.1,34.77,17.07,-0.083,49.1,19.810000000000002,-0.05725,53.175000000000004,7,1,0,11.0,12.0,12.25,14.0
Chennai,2022-07-25,30,33.1,19.06,0.001,54.6,27095.8,12,35.74,18.23,-0.056,53.6,33.26,18.43,-0.02,52.0,36.38,13.82,-0.073,50.1,19.9675,-0.052,53.825,7,1,0,15.0,12.0,12.25,14.0
Chennai,2022-08-01,31,32.36,17.05,-0.07,54.9,27095.0,14,33.22,23.19,-0.053,54.2,34.63,19.39,-0.1,52.9,33.56,16.59,-0.005,51.1,19.3825,-0.0445,54.325,8,1,0,12.0,11.0,13.0,12.0
Chennai,2022-08-08,32,31.14,23.33,0.009,55.0,27090.8,14,33.1,19.06,0.001,54.6,35.74,18.23,-0.056,53.6,33.26,18.43,-0.02,52.0,20.6575,-0.02825,54.675000000000004,8,1,0,14.0,11.0,13.75,11.0
Chennai,2022-08-15,33,32.93,18.64,0.004,54.9,27082.3,14,32.36,17.05,-0.07,54.9,33.22,23.19,-0.053,54.2,34.63,19.39,-0.1,52.9,19.52,-0.013999999999999999,54.849999999999994,8,1,0,14.0,15.0,13.5,13.0
Chennai,2022-08-22,34,30.59,19.08,-0.058,54.6,27102.6,14,31.14,23.33,0.009,55.0,33.1,19.06,0.001,54.6,35.74,18.23,-0.056,53.6,19.525,-0.028749999999999998,54.85,8,1,0,14.0,12.0,14.0,12.0
Chennai,2022-08-29,35,30.24,15.87,-0.067,54.2,27091.0,12,32.93,18.64,0.004,54.9,32.36,17.05,-0.07,54.9,33.22,23.19,-0.053,54.2,19.23,-0.027999999999999997,54.675,8,1,0,14.0,14.0,13.5,12.0
Chennai,2022-09-05,36,29.33,18.54,-0.043,53.6,27093.4,11,30.59,19.08,-0.058,54.6,31.14,23.33,0.009,55.0,33.1,19.06,0.001,54.6,18.0325,-0.040999999999999995,54.325,9,1,1,12.0,14.0,12.75,12.0
Chennai,2022-09-12,37,27.85,17.86,-0.018,52.9,27099.9,13,30.24,15.87,-0.067,54.2,32.93,18.64,0.004,54.9,32.36,17.05,-0.07,54.9,17.8375,-0.04649999999999999,53.825,9,1,1,11.0,14.0,12.5,11.0
Chennai,2022-09-19,38,28.38,11.39,-0.067,52.0,27103.8,12,29.33,18.54,-0.043,53.6,30.59,19.08,-0.058,54.6,31.14,23.33,0.009,55.0,15.915,-0.04875,53.175,9,1,1,13.0,14.0,12.0,11.0
Chennai,2022-09-26,39,26.53,13.09,-0.045,51.1,27095.3,12,27.85,17.86,-0.018,52.9,30.24,15.87,-0.067,54.2,32.93,18.64,0.004,54.9,15.219999999999999,-0.04325,52.400000000000006,9,1,1,12.0,12.0,12.0,9.0
Chennai,2022-10-03,40,24.8,8.16,-0.12,50.1,27104.8,12,28.38,11.39,-0.067,52.0,29.33,18.54,-0.043,53.6,30.59,19.08,-0.058,54.6,12.625,-0.0625,51.525,10,0,1,12.0,11.0,12.25,8.0
Chennai,2022-10-10,41,25.58,4.82,-0.144,49.1,27113.6,11,26.53,13.09,-0.045,51.1,27.85,17.86,-0.018,52.9,30.24,15.87,-0.067,54.2,9.365,-0.094,50.575,10,0,1,12.0,13.0,11.75,7.0
Chennai,2022-10-17,42,27.33,3.03,-0.21,48.1,27106.2,11,24.8,8.16,-0.12,50.1,28.38,11.39,-0.067,52.0,29.33,18.54,-0.043,53.6,7.275,-0.12974999999999998,49.6,10,0,1,11.0,12.0,11.5,7.0
Chennai,2022-10-24,43,25.61,4.12,-0.203,47.1,27106.5,9,25.58,4.82,-0.144,49.1,26.53,13.09,-0.045,51.1,27.85,17.86,-0.018,52.9,5.032500000000001,-0.16925,48.60000000000001,10,0,1,11.0,12.0,10.75,8.0
Chennai,2022-10-31,44,24.23,0.71,-0.193,46.2,27101.7,8,27.33,3.03,-0.21,48.1,24.8,8.16,-0.12,50.1,28.38,11.39,-0.067,52.0,3.17,-0.1875,47.625,10,0,1,9.0,12.0,9.75,7.0
Chennai,2022-11-07,45,24.59,0.0,-0.224,45.3,27117.2,7,25.61,4.12,-0.203,47.1,25.58,4.82,-0.144,49.1,26.53,13.09,-0.045,51.1,1.965,-0.2075,46.675,11,0,1,8.0,11.0,8.75,5.0
Chennai,2022-11-14,46,23.44,6.9,-0.16,44.5,27107.8,7,24.23,0.71,-0.193,46.2,27.33,3.03,-0.21,48.1,24.8,8.16,-0.12,50.1,2.9325,-0.195,45.775000000000006,11,0,1,7.0,11.0,7.75,7.0
Chennai,2022-11-21,47,23.91,2.13,-0.141,43.7,27110.0,8,24.59,0.0,-0.224,45.3,25.61,4.12,-0.203,47.1,25.58,4.82,-0.144,49.1,2.4350000000000005,-0.1795,44.925,11,0,1,7.0,9.0,7.5,5.0
Chennai,2022-11-28,48,25.01,0.0,-0.239,43.1,27095.4,7,23.44,6.9,-0.16,44.5,24.23,0.71,-0.193,46.2,27.33,3.03,-0.21,48.1,2.2575000000000003,-0.191,44.15,11,0,1,8.0,8.0,7.25,26.0
Chennai,2022-12-05,49,25.21,0.14,-0.233,42.5,27113.5,5,23.91,2.13,-0.141,43.7,24.59,0.0,-0.224,45.3,25.61,4.12,-0.203,47.1,2.2925,-0.19325,43.45,12,0,0,7.0,7.0,6.75,4.0
Chennai,2022-12-12,50,23.47,0.0,-0.224,42.0,27114.2,7,25.01,0.0,-0.239,43.1,23.44,6.9,-0.16,44.5,24.23,0.71,-0.193,46.2,0.5675000000000002,-0.20925,42.825,12,0,0,5.0,7.0,6.75,3.0
Chennai,2022-12-19,51,22.42,1.63,-0.156,41.6,27119.1,5,25.21,0.14,-0.233,42.5,23.91,2.13,-0.141,43.7,24.59,0.0,-0.224,45.3,0.4425000000000002,-0.213,42.3,12,0,0,7.0,8.0,6.0,3.0
Chennai,2022-12-26,52,22.34,0.47,-0.183,41.3,27112.0,26,23.47,0.0,-0.224,42.0,25.01,0.0,-0.239,43.1,23.44,6.9,-0.16,44.5,0.5600000000000003,-0.199,41.85,12,0,0,5.0,7.0,10.75,3.0
Chennai,2023-01-02,1,25.7,0.0,-0.181,40.0,27114.1,4,22.42,1.63,-0.156,41.6,25.21,0.14,-0.233,42.5,23.91,2.13,-0.141,43.7,0.5250000000000001,-0.186,41.225,1,0,0,26.0,5.0,10.5,2.0
Chennai,2023-01-09,2,22.5,0.0,-0.217,40.1,27113.8,3,22.34,0.47,-0.183,41.3,23.47,0.0,-0.224,42.0,25.01,0.0,-0.239,43.1,0.5250000000000001,-0.18425,40.75,1,0,0,4.0,7.0,9.5,3.0
Chennai,2023-01-16,3,25.96,0.0,-0.253,40.1,27128.1,3,25.7,0.0,-0.181,40.0,22.42,1.63,-0.156,41.6,25.21,0.14,-0.233,42.5,0.11750000000000022,-0.2085,40.375,1,0,0,3.0,5.0,9.0,4.0
Chennai,2023-01-23,4,24.77,5.36,-0.193,40.1,27119.8,3,22.5,0.0,-0.217,40.1,22.34,0.47,-0.183,41.3,23.47,0.0,-0.224,42.0,1.3400000000000003,-0.21099999999999997,40.075,1,0,0,3.0,26.0,3.25,3.0
Chennai,2023-01-30,5,24.89,2.29,-0.123,40.2,27119.2,2,25.96,0.0,-0.253,40.1,25.7,0.0,-0.181,40.0,22.42,1.63,-0.156,41.6,1.9125000000000003,-0.1965,40.125,1,0,0,3.0,4.0,2.75,3.0
Chennai,2023-02-06,6,26.89,2.46,-0.164,40.2,27120.9,3,24.77,5.36,-0.193,40.1,22.5,0.0,-0.217,40.1,22.34,0.47,-0.183,41.3,2.5275000000000003,-0.18324999999999997,40.150000000000006,2,0,0,2.0,3.0,2.75,4.0
Chennai,2023-02-13,7,27.95,1.56,-0.188,40.3,27120.4,4,24.89,2.29,-0.123,40.2,25.96,0.0,-0.253,40.1,25.7,0.0,-0.181,40.0,2.9175000000000004,-0.16699999999999998,40.2,2,0,0,3.0,3.0,3.0,5.0
Chennai,2023-02-20,8,25.04,0.0,-0.15,40.4,27119.6,3,26.89,2.46,-0.164,40.2,24.77,5.36,-0.193,40.1,22.5,0.0,-0.217,40.1,1.5775000000000001,-0.15625,40.275000000000006,2,0,0,4.0,3.0,3.0,5.0
Chennai,2023-02-27,9,26.56,0.0,-0.199,40.6,27120.5,3,27.95,1.56,-0.188,40.3,24.89,2.29,-0.123,40.2,25.96,0.0,-0.253,40.1,1.0050000000000003,-0.17525,40.375,2,0,0,3.0,2.0,3.25,3.0
Chennai,2023-03-06,10,27.99,0.0,-0.197,40.8,27122.5,4,25.04,0.0,-0.15,40.4,26.89,2.46,-0.164,40.2,24.77,5.36,-0.193,40.1,0.39000000000000024,-0.1835,40.525,3,0,0,3.0,3.0,3.5,6.0
Chennai,2023-03-13,11,30.85,0.0,-0.247,41.0,27125.5,5,26.56,0.0,-0.199,40.6,27.95,1.56,-0.188,40.3,24.89,2.29,-0.123,40.2,0.0,-0.19824999999999998,40.699999999999996,3,0,0,4.0,4.0,3.75,6.0
Chennai,2023-03-20,12,29.56,2.92,-0.127,41.3,27137.4,5,27.99,0.0,-0.197,40.8,25.04,0.0,-0.15,40.4,26.89,2.46,-0.164,40.2,0.7300000000000002,-0.1925,40.925,3,0,0,5.0,3.0,4.25,7.0
Chennai,2023-03-27,13,32.69,0.0,-0.149,41.6,27127.7,3,30.85,0.0,-0.247,41.0,26.56,0.0,-0.199,40.6,27.95,1.56,-0.188,40.3,0.7300000000000002,-0.17999999999999997,41.175,3,0,0,5.0,3.0,4.25,8.0
Chennai,2023-04-03,14,29.99,3.48,-0.156,42.0,27122.0,6,29.56,2.92,-0.127,41.3,27.99,0.0,-0.197,40.8,25.04,0.0,-0.15,40.4,1.6,-0.16974999999999998,41.474999999999994,4,0,0,3.0,4.0,4.75,8.0
Chennai,2023-04-10,15,34.08,3.61,-0.143,42.5,27129.2,6,32.69,0.0,-0.149,41.6,30.85,0.0,-0.247,41.0,26.56,0.0,-0.199,40.6,2.5025000000000004,-0.14375,41.849999999999994,4,0,0,6.0,5.0,5.0,8.0
Chennai,2023-04-17,16,33.3,0.0,-0.23,43.1,27128.9,7,29.99,3.48,-0.156,42.0,29.56,2.92,-0.127,41.3,27.99,0.0,-0.197,40.8,1.7725000000000002,-0.16949999999999998,42.300000000000004,4,0,0,6.0,5.0,5.5,9.0
Chennai,2023-04-24,17,32.21,5.82,-0.207,43.7,27134.4,8,34.08,3.61,-0.143,42.5,32.69,0.0,-0.149,41.6,30.85,0.0,-0.247,41.0,3.2275,-0.18399999999999997,42.825,4,0,0,7.0,3.0,6.75,9.0
Chennai,2023-05-01,18,34.93,6.89,-0.149,44.5,27139.0,8,33.3,0.0,-0.23,43.1,29.99,3.48,-0.156,42.0,29.56,2.92,-0.127,41.3,4.08,-0.18224999999999997,43.45,5,0,0,8.0,6.0,7.25,10.0
Chennai,2023-05-08,19,34.32,5.41,-0.132,45.3,27138.8,8,32.21,5.82,-0.207,43.7,34.08,3.61,-0.143,42.5,32.69,0.0,-0.149,41.6,4.53,-0.1795,44.15,5,0,0,8.0,6.0,7.75,10.0
Chennai,2023-05-15,20,33.79,5.61,-0.129,46.2,27130.9,9,34.93,6.89,-0.149,44.5,33.3,0.0,-0.23,43.1,29.99,3.48,-0.156,42.0,5.9325,-0.15425,44.925000000000004,5,0,0,8.0,7.0,8.25,12.0
Chennai,2023-05-22,21,37.47,10.02,-0.059,47.1,27128.5,9,34.32,5.41,-0.132,45.3,32.21,5.82,-0.207,43.7,34.08,3.61,-0.143,42.5,6.9825,-0.11725,45.775,5,0,0,9.0,8.0,8.5,12.0
Chennai,2023-05-29,22,33.67,12.84,-0.119,48.1,27141.3,10,33.79,5.61,-0.129,46.2,34.93,6.89,-0.149,44.5,33.3,0.0,-0.23,43.1,8.469999999999999,-0.10974999999999999,46.675,5,0,0,9.0,8.0,9.0,12.0
Chennai,2023-06-05,23,32.25,12.44,-0.07,49.1,27143.9,10,37.47,10.02,-0.059,47.1,34.32,5.41,-0.132,45.3,32.21,5.82,-0.207,43.7,10.2275,-0.09424999999999999,47.625,6,1,0,10.0,8.0,9.5,11.0
Chennai,2023-06-12,24,33.25,19.09,-0.039,50.1,27134.5,12,33.67,12.84,-0.119,48.1,33.79,5.61,-0.129,46.2,34.93,6.89,-0.149,44.5,13.5975,-0.07174999999999998,48.6,6,1,0,10.0,9.0,10.25,12.0
Chennai,2023-06-19,25,35.95,18.38,-0.022,51.1,27140.3,12,32.25,12.44,-0.07,49.1,37.47,10.02,-0.059,47.1,34.32,5.41,-0.132,45.3,15.6875,-0.062499999999999986,49.6,6,1,0,12.0,9.0,11.0,13.0
Chennai,2023-06-26,26,35.17,16.95,-0.005,52.0,27140.1,12,33.25,19.09,-0.039,50.1,33.67,12.84,-0.119,48.1,33.79,5.61,-0.129,46.2,16.715,-0.03399999999999999,50.575,6,1,0,12.0,10.0,11.5,12.0
Chennai,2023-07-03,27,34.72,16.12,-0.122,52.9,27145.0,11,35.95,18.38,-0.022,51.1,32.25,12.44,-0.07,49.1,37.47,10.02,-0.059,47.1,17.635,-0.046999999999999986,51.525,7,1,0,12.0,10.0,11.75,12.0
Chennai,2023-07-10,28,35.41,22.47,0.018,53.6,27146.8,12,35.17,16.95,-0.005,52.0,33.25,19.09,-0.039,50.1,33.67,12.84,-0.119,48.1,18.48,-0.03274999999999999,52.4,7,1,0,11.0,12.0,11.75,16.0
Chennai,2023-07-17,29,32.98,27.68,0.04,54.2,27144.0,13,34.72,16.12,-0.122,52.9,35.95,18.38,-0.022,51.1,32.25,12.44,-0.07,49.1,20.805,-0.017249999999999988,53.175,7,1,0,12.0,12.0,12.0,13.0
Chennai,2023-07-24,30,32.93,23.38,0.018,54.6,27141.1,12,35.41,22.47,0.018,53.6,35.17,16.95,-0.005,52.0,33.25,19.09,-0.039,50.1,22.4125,-0.011499999999999986,53.825,7,1,0,13.0,12.0,12.0,16.0
Chennai,2023-07-31,31,34.57,19.03,-0.078,54.9,27146.2,12,32.98,27.68,0.04,54.2,34.72,16.12,-0.122,52.9,35.95,18.38,-0.022,51.1,23.14,-0.0004999999999999866,54.325,7,1,0,12.0,11.0,12.25,13.0
Chennai,2023-08-07,32,31.09,22.43,-0.005,55.0,27153.7,16,32.93,23.38,0.018,54.6,35.41,22.47,0.018,53.6,35.17,16.95,-0.005,52.0,23.13,-0.0062499999999999865,54.675,8,1,0,12.0,12.0,13.25,14.0
Chennai,2023-08-14,33,31.93,27.7,0.038,54.9,27149.8,13,34.57,19.03,-0.078,54.9,32.98,27.68,0.04,54.2,34.72,16.12,-0.122,52.9,23.135,-0.006749999999999987,54.85,8,1,0,16.0,13.0,13.25,15.0
Chennai,2023-08-21,34,29.62,22.2,0.017,54.6,27153.9,16,31.09,22.43,-0.005,55.0,32.93,23.38,0.018,54.6,35.41,22.47,0.018,53.6,22.839999999999996,-0.006999999999999985,54.849999999999994,8,1,0,13.0,12.0,14.25,13.0
Chennai,2023-08-28,35,31.42,19.15,-0.054,54.2,27148.1,13,31.93,27.7,0.038,54.9,34.57,19.03,-0.078,54.9,32.98,27.68,0.04,54.2,22.869999999999997,-0.0009999999999999853,54.675000000000004,8,1,0,16.0,12.0,14.5,13.0
Chennai,2023-09-04,36,26.89,15.12,-0.084,53.6,27143.4,14,29.62,22.2,0.017,54.6,31.09,22.43,-0.005,55.0,32.93,23.38,0.018,54.6,21.0425,-0.020749999999999987,54.324999999999996,9,1,1,13.0,16.0,14.0,10.0
Chennai,2023-09-11,37,27.4,16.52,-0.076,52.9,27158.1,15,31.42,19.15,-0.054,54.2,31.93,27.7,0.038,54.9,34.57,19.03,-0.078,54.9,18.2475,-0.04924999999999999,53.825,9,1,1,14.0,13.0,14.5,11.0
Chennai,2023-09-18,38,28.92,12.84,-0.047,52.0,27153.4,13,26.89,15.12,-0.084,53.6,29.62,22.2,0.017,54.6,31.09,22.43,-0.005,55.0,15.907499999999999,-0.06524999999999999,53.175,9,1,1,15.0,16.0,13.75,10.0
Chennai,2023-09-25,39,28.24,11.41,-0.088,51.1,27155.3,13,27.4,16.52,-0.076,52.9,31.42,19.15,-0.054,54.2,31.93,27.7,0.038,54.9,13.9725,-0.07374999999999998,52.4,9,1,1,13.0,13.0,13.75,9.0
Chennai,2023-10-02,40,25.84,3.21,-0.143,50.1,27158.2,10,28.92,12.84,-0.047,52.0,26.89,15.12,-0.084,53.6,29.62,22.2,0.017,54.6,10.995000000000001,-0.08849999999999998,51.525000000000006,10,0,1,13.0,14.0,12.75,8.0
Chennai,2023-10-09,41,25.46,2.2,-0.144,49.1,27149.7,11,28.24,11.41,-0.088,51.1,27.4,16.52,-0.076,52.9,31.42,19.15,-0.054,54.2,7.415,-0.10549999999999998,50.575,10,0,1,10.0,15.0,11.75,7.0
Chennai,2023-10-16,42,26.01,8.58,-0.078,48.1,27156.6,10,25.84,3.21,-0.143,50.1,28.92,12.84,-0.047,52.0,26.89,15.12,-0.084,53.6,6.35,-0.11324999999999998,49.6,10,0,1,11.0,13.0,11.0,8.0
Chennai,2023-10-23,43,23.98,8.89,-0.121,47.1,27153.7,9,25.46,2.2,-0.144,49.1,28.24,11.41,-0.088,51.1,27.4,16.52,-0.076,52.9,5.720000000000001,-0.12149999999999997,48.6,10,0,1,10.0,13.0,10.0,7.0
Chennai,2023-10-30,44,22.94,2.14,-0.136,46.2,27158.6,8,26.01,8.58,-0.078,48.1,25.84,3.21,-0.143,50.1,28.92,12.84,-0.047,52.0,5.4525,-0.11974999999999998,47.62500000000001,10,0,1,9.0,10.0,9.5,4.0
Chennai,2023-11-06,45,23.72,3.79,-0.156,45.3,27165.8,7,23.98,8.89,-0.121,47.1,25.46,2.2,-0.144,49.1,28.24,11.41,-0.088,51.1,5.8500000000000005,-0.12275,46.675,11,0,1,8.0,11.0,8.5,5.0
Chennai,2023-11-13,46,23.39,0.65,-0.15,44.5,27165.2,8,22.94,2.14,-0.136,46.2,26.01,8.58,-0.078,48.1,25.84,3.21,-0.143,50.1,3.8675,-0.14075,45.775,11,0,1,7.0,10.0,8.0,4.0
Chennai,2023-11-20,47,22.64,0.0,-0.196,43.7,27163.3,7,23.72,3.79,-0.156,45.3,23.98,8.89,-0.121,47.1,25.46,2.2,-0.144,49.1,1.645,-0.15949999999999998,44.925000000000004,11,0,1,8.0,9.0,7.5,5.0
Chennai,2023-11-27,48,21.43,6.47,-0.165,43.1,27159.6,4,23.39,0.65,-0.15,44.5,22.94,2.14,-0.136,46.2,26.01,8.58,-0.078,48.1,2.7275,-0.16674999999999998,44.15,11,0,1,7.0,8.0,6.5,4.0
Delhi,2019-02-18,8,24.21,0.0,-0.21,40.4,11316.4,4,26.17,0.25,-0.239,40.2,26.91,0.1,-0.211,40.1,24.17,0.0,-0.195,40.1,0.0625,-0.21075,40.275000000000006,2,0,0,3.0,3.0,3.5,3.0
Delhi,2019-02-25,9,25.44,0.0,-0.23,40.6,11295.3,3,24.75,0.0,-0.192,40.3,22.58,0.0,-0.202,40.2,19.84,0.0,-0.206,40.1,0.0625,-0.21775,40.375,2,0,0,4.0,4.0,3.25,3.0
Delhi,2019-03-04,10,27.21,0.02,-0.232,40.8,11295.0,4,24.21,0.0,-0.21,40.4,26.17,0.25,-0.239,40.2,26.91,0.1,-0.211,40.1,0.005,-0.216,40.525,3,0,0,3.0,3.0,3.5,4.0
Delhi,2019-03-11,11,27.72,0.0,-0.189,41.0,11292.1,5,25.44,0.0,-0.23,40.6,24.75,0.0,-0.192,40.3,22.58,0.0,-0.202,40.2,0.005,-0.21525,40.699999999999996,3,0,0,4.0,3.0,4.0,5.0
Delhi,2019-03-18,12,27.84,0.0,-0.196,41.3,11301.0,3,27.21,0.02,-0.232,40.8,24.21,0.0,-0.21,40.4,26.17,0.25,-0.239,40.2,0.005,-0.21175000000000002,40.925,3,0,0,5.0,4.0,3.75,4.0
Delhi,2019-03-25,13,26.83,0.04,-0.164,41.6,11298.2,3,27.72,0.0,-0.189,41.0,25.44,0.0,-0.23,40.6,24.75,0.0,-0.192,40.3,0.015,-0.19524999999999998,41.175,3,0,0,3.0,3.0,3.75,6.0
Delhi,2019-04-01,14,28.53,0.85,-0.193,42.0,11304.1,4,27.84,0.0,-0.196,41.3,27.21,0.02,-0.232,40.8,24.21,0.0,-0.21,40.4,0.2225,-0.1855,41.474999999999994,4,0,0,3.0,4.0,3.75,5.0
Delhi,2019-04-08,15,29.66,0.0,-0.235,42.5,11315.8,5,26.83,0.04,-0.164,41.6,27.72,0.0,-0.189,41.0,25.44,0.0,-0.23,40.6,0.2225,-0.197,41.849999999999994,4,0,0,4.0,5.0,3.75,6.0
Delhi,2019-04-15,16,30.5,0.0,-0.166,43.1,11310.4,4,28.53,0.85,-0.193,42.0,27.84,0.0,-0.196,41.3,27.21,0.02,-0.232,40.8,0.2225,-0.1895,42.300000000000004,4,0,0,5.0,3.0,4.0,7.0
Delhi,2019-04-22,17,31.6,1.53,-0.168,43.7,11308.7,6,29.66,0.0,-0.235,42.5,26.83,0.04,-0.164,41.6,27.72,0.0,-0.189,41.0,0.595,-0.1905,42.825,4,0,0,4.0,3.0,4.75,9.0
Delhi,2019-04-29,18,31.55,4.97,-0.151,44.5,11310.2,5,30.5,0.0,-0.166,43.1,28.53,0.85,-0.193,42.0,27.84,0.0,-0.196,41.3,1.625,-0.18,43.45,4,0,0,6.0,4.0,5.0,10.0
Delhi,2019-05-06,19,34.03,2.85,-0.24,45.3,11311.7,6,31.6,1.53,-0.168,43.7,29.66,0.0,-0.235,42.5,26.83,0.04,-0.164,41.6,2.3375,-0.18125,44.15,5,0,0,5.0,5.0,5.25,10.0
Delhi,2019-05-13,20,31.04,3.63,-0.09,46.2,11303.8,7,31.55,4.97,-0.151,44.5,30.5,0.0,-0.166,43.1,28.53,0.85,-0.193,42.0,3.2449999999999997,-0.16225,44.925000000000004,5,0,0,6.0,4.0,6.0,11.0
Delhi,2019-05-20,21,34.95,4.48,-0.155,47.1,11299.9,9,34.03,2.85,-0.24,45.3,31.6,1.53,-0.168,43.7,29.66,0.0,-0.235,42.5,3.9825,-0.159,45.775,5,0,0,7.0,6.0,6.75,9.0
Delhi,2019-05-27,22,34.88,10.13,-0.122,48.1,11310.5,10,31.04,3.63,-0.09,46.2,31.55,4.97,-0.151,44.5,30.5,0.0,-0.166,43.1,5.2725,-0.15175,46.675,5,0,0,9.0,5.0,8.0,12.0
Delhi,2019-06-03,23,36.18,9.21,-0.115,49.1,11309.8,10,34.95,4.48,-0.155,47.1,34.03,2.85,-0.24,45.3,31.6,1.53,-0.168,43.7,6.8625,-0.1205,47.625,6,1,0,10.0,6.0,9.0,13.0
Delhi,2019-06-10,24,32.23,13.13,-0.079,50.1,11309.0,11,34.88,10.13,-0.122,48.1,31.04,3.63,-0.09,46.2,31.55,4.97,-0.151,44.5,9.2375,-0.11775,48.6,6,1,0,10.0,7.0,10.0,12.0
Delhi,2019-06-17,25,34.04,10.18,-0.13,51.1,11319.0,9,36.18,9.21,-0.115,49.1,34.95,4.48,-0.155,47.1,34.03,2.85,-0.24,45.3,10.6625,-0.11149999999999999,49.6,6,1,0,11.0,9.0,10.0,12.0
Delhi,2019-06-24,26,31.14,14.57,-0.044,52.0,11317.2,12,32.23,13.13,-0.079,50.1,34.88,10.13,-0.122,48.1,31.04,3.63,-0.09,46.2,11.7725,-0.092,50.575,6,1,0,9.0,10.0,10.5,9.0
Delhi,2019-07-01,27,30.85,16.52,-0.093,52.9,11313.4,13,34.04,10.18,-0.13,51.1,36.18,9.21,-0.115,49.1,34.95,4.48,-0.155,47.1,13.6,-0.0865,51.525,7,1,0,12.0,10.0,11.25,11.0
Delhi,2019-07-08,28,32.72,17.34,-0.064,53.6,11312.0,12,31.14,14.57,-0.044,52.0,32.23,13.13,-0.079,50.1,34.88,10.13,-0.122,48.1,14.6525,-0.08275,52.4,7,1,0,13.0,11.0,11.5,12.0
Delhi,2019-07-15,29,30.96,23.64,0.01,54.2,11312.4,12,30.85,16.52,-0.093,52.9,34.04,10.18,-0.13,51.1,36.18,9.21,-0.115,49.1,18.0175,-0.04775,53.175,7,1,0,12.0,9.0,12.25,14.0
Delhi,2019-07-22,30,31.69,23.23,0.023,54.6,11316.1,9,32.72,17.34,-0.064,53.6,31.14,14.57,-0.044,52.0,32.23,13.13,-0.079,50.1,20.182499999999997,-0.031000000000000003,53.825,7,1,0,12.0,12.0,11.5,13.0
Delhi,2019-07-29,31,30.96,16.13,-0.006,54.9,11312.2,11,30.96,23.64,0.01,54.2,30.85,16.52,-0.093,52.9,34.04,10.18,-0.13,51.1,20.085,-0.00925,54.325,7,1,0,9.0,13.0,11.0,13.0
Delhi,2019-08-05,32,30.88,16.35,-0.014,55.0,11317.0,12,31.69,23.23,0.023,54.6,32.72,17.34,-0.064,53.6,31.14,14.57,-0.044,52.0,19.8375,0.0032500000000000003,54.675,8,1,0,11.0,12.0,11.0,10.0
Delhi,2019-08-12,33,29.77,15.32,-0.063,54.9,11309.4,14,30.96,16.13,-0.006,54.9,30.96,23.64,0.01,54.2,30.85,16.52,-0.093,52.9,17.7575,-0.015,54.85,8,1,0,12.0,12.0,11.5,11.0
Delhi,2019-08-19,34,28.66,12.31,-0.083,54.6,11325.0,13,30.88,16.35,-0.014,55.0,31.69,23.23,0.023,54.6,32.72,17.34,-0.064,53.6,15.027499999999998,-0.041499999999999995,54.849999999999994,8,1,0,14.0,9.0,12.5,10.0
Delhi,2019-08-26,35,27.24,10.42,-0.012,54.2,11320.7,13,29.77,15.32,-0.063,54.9,30.96,16.13,-0.006,54.9,30.96,23.64,0.01,54.2,13.6,-0.043,54.675000000000004,8,1,0,13.0,11.0,13.0,11.0
Delhi,2019-09-02,36,25.56,10.66,-0.062,53.6,11308.2,10,28.66,12.31,-0.083,54.6,30.88,16.35,-0.014,55.0,31.69,23.23,0.023,54.6,12.177499999999998,-0.055,54.324999999999996,9,1,1,13.0,12.0,12.5,9.0
Delhi,2019-09-09,37,24.77,8.08,-0.137,52.9,11315.4,11,27.24,10.42,-0.012,54.2,29.77,15.32,-0.063,54.9,30.96,16.13,-0.006,54.9,10.3675,-0.07350000000000001,53.825,9,1,1,10.0,14.0,11.75,9.0
Delhi,2019-09-16,38,25.63,9.89,-0.127,52.0,11312.0,10,25.56,10.66,-0.062,53.6,28.66,12.31,-0.083,54.6,30.88,16.35,-0.014,55.0,9.7625,-0.08449999999999999,53.175,9,1,1,11.0,13.0,11.0,9.0
Delhi,2019-09-23,39,25.4,11.95,-0.107,51.1,11325.2,11,24.77,8.08,-0.137,52.9,27.24,10.42,-0.012,54.2,29.77,15.32,-0.063,54.9,10.145,-0.10825,52.4,9,1,1,10.0,13.0,10.5,21.0
Delhi,2019-09-30,40,24.03,5.49,-0.105,50.1,11315.4,9,25.63,9.89,-0.127,52.0,25.56,10.66,-0.062,53.6,28.66,12.31,-0.083,54.6,8.8525,-0.119,51.525000000000006,9,1,1,11.0,10.0,10.25,9.0
Delhi,2019-10-07,41,23.11,4.34,-0.187,49.1,11317.2,9,25.4,11.95,-0.107,51.1,24.77,8.08,-0.137,52.9,27.24,10.42,-0.012,54.2,7.9174999999999995,-0.1315,50.575,10,0,1,9.0,11.0,9.75,6.0
Delhi,2019-10-14,42,23.59,3.9,-0.109,48.1,11322.3,9,24.03,5.49,-0.105,50.1,25.63,9.89,-0.127,52.0,25.56,10.66,-0.062,53.6,6.419999999999998,-0.127,49.6,10,0,1,9.0,10.0,9.5,6.0
Delhi,2019-10-21,43,23.78,4.62,-0.204,47.1,11325.0,21,23.11,4.34,-0.187,49.1,25.4,11.95,-0.107,51.1,24.77,8.08,-0.137,52.9,4.587499999999999,-0.15125,48.6,10,0,1,9.0,11.0,12.0,6.0
Delhi,2019-10-28,44,22.61,0.0,-0.248,46.2,11320.2,9,23.59,3.9,-0.109,48.1,24.03,5.49,-0.105,50.1,25.63,9.89,-0.127,52.0,3.214999999999999,-0.187,47.62500000000001,10,0,1,21.0,9.0,12.0,6.0
Delhi,2019-11-04,45,22.33,5.21,-0.143,45.3,11318.9,6,23.78,4.62,-0.204,47.1,23.11,4.34,-0.187,49.1,25.4,11.95,-0.107,51.1,3.432499999999999,-0.176,46.675,11,0,1,9.0,9.0,11.25,6.0
Delhi,2019-11-11,46,21.62,2.12,-0.228,44.5,11315.4,6,22.61,0.0,-0.248,46.2,23.59,3.9,-0.109,48.1,24.03,5.49,-0.105,50.1,2.987499999999999,-0.20575,45.775,11,0,1,6.0,9.0,10.5,4.0
Delhi,2019-11-18,47,20.94,5.97,-0.19,43.7,11326.6,6,22.33,5.21,-0.143,45.3,23.78,4.62,-0.204,47.1,23.11,4.34,-0.187,49.1,3.3249999999999993,-0.20224999999999999,44.925000000000004,11,0,1,6.0,21.0,6.75,4.0
Delhi,2019-11-25,48,21.31,0.99,-0.139,43.1,11322.0,6,21.62,2.12,-0.228,44.5,22.61,0.0,-0.248,46.2,23.59,3.9,-0.109,48.1,3.572499999999999,-0.175,44.15,11,0,1,6.0,9.0,6.0,5.0
Delhi,2019-12-02,49,20.02,0.0,-0.232,42.5,11323.8,6,20.94,5.97,-0.19,43.7,22.33,5.21,-0.143,45.3,23.78,4.62,-0.204,47.1,2.2699999999999987,-0.19725,43.45,12,0,0,6.0,6.0,6.0,5.0
Delhi,2019-12-09,50,23.01,0.0,-0.18,42.0,11321.5,4,21.31,0.99,-0.139,43.1,21.62,2.12,-0.228,44.5,22.61,0.0,-0.248,46.2,1.739999999999999,-0.18525,42.825,12,0,0,6.0,6.0,5.5,4.0
Delhi,2019-12-16,51,21.98,3.18,-0.147,41.6,11317.3,4,20.02,0.0,-0.232,42.5,20.94,5.97,-0.19,43.7,22.33,5.21,-0.143,45.3,1.042499999999999,-0.1745,42.3,12,0,0,4.0,6.0,5.0,4.0
Delhi,2019-12-23,52,22.05,7.62,-0.134,41.3,11325.0,5,23.01,0.0,-0.18,42.0,21.31,0.99,-0.139,43.1,21.62,2.12,-0.228,44.5,2.6999999999999993,-0.17325,41.85,12,0,0,4.0,6.0,4.75,4.0
Delhi,2019-12-30,1,21.95,2.55,-0.133,40.0,11320.5,5,21.98,3.18,-0.147,41.6,20.02,0.0,-0.232,42.5,20.94,5.97,-0.19,43.7,3.337499999999999,-0.1485,41.225,12,0,0,5.0,6.0,4.5,4.0
Delhi,2020-01-06,2,20.63,0.0,-0.233,40.1,11320.2,4,22.05,7.62,-0.134,41.3,23.01,0.0,-0.18,42.0,21.31,0.99,-0.139,43.1,3.337499999999999,-0.16175,40.75,1,0,0,5.0,4.0,4.5,3.0
Delhi,2020-01-13,3,23.14,2.42,-0.138,40.1,11316.8,4,21.95,2.55,-0.133,40.0,21.98,3.18,-0.147,41.6,20.02,0.0,-0.232,42.5,3.147499999999999,-0.1595,40.375,1,0,0,4.0,4.0,4.5,18.0
Delhi,2020-01-20,4,23.53,0.0,-0.172,40.1,11325.5,4,20.63,0.0,-0.233,40.1,22.05,7.62,-0.134,41.3,23.01,0.0,-0.18,42.0,1.242499999999999,-0.169,40.075,1,0,0,4.0,5.0,4.25,4.0
Delhi,2020-01-27,5,22.89,0.0,-0.164,40.2,11324.0,4,23.14,2.42,-0.138,40.1,21.95,2.55,-0.133,40.0,21.98,3.18,-0.147,41.6,0.6049999999999991,-0.17675000000000002,40.125,1,0,0,4.0,5.0,4.0,3.0
Delhi,2020-02-03,6,24.07,1.38,-0.2,40.2,11322.1,3,23.53,0.0,-0.172,40.1,20.63,0.0,-0.233,40.1,22.05,7.62,-0.134,41.3,0.9499999999999991,-0.1685,40.150000000000006,2,0,0,4.0,4.0,3.75,5.0
Delhi,2020-02-10,7,24.34,3.08,-0.178,40.3,11329.1,18,22.89,0.0,-0.164,40.2,23.14,2.42,-0.138,40.1,21.95,2.55,-0.133,40.0,1.114999999999999,-0.1785,40.2,2,0,0,3.0,4.0,7.25,3.0
Delhi,2020-02-17,8,26.94,3.49,-0.196,40.4,11325.0,4,24.07,1.38,-0.2,40.2,23.53,0.0,-0.172,40.1,20.63,0.0,-0.233,40.1,1.9874999999999992,-0.1845,40.275,2,0,0,18.0,4.0,7.25,5.0
Delhi,2020-02-24,9,26.78,1.43,-0.173,40.6,11317.4,3,24.34,3.08,-0.178,40.3,22.89,0.0,-0.164,40.2,23.14,2.42,-0.138,40.1,2.3449999999999993,-0.18675000000000003,40.375,2,0,0,4.0,4.0,7.0,5.0
Delhi,2020-03-02,10,26.54,1.62,-0.191,40.8,11332.5,5,26.94,3.49,-0.196,40.4,24.07,1.38,-0.2,40.2,23.53,0.0,-0.172,40.1,2.4049999999999994,-0.1845,40.525,3,0,0,3.0,3.0,7.5,5.0
Delhi,2020-03-09,11,26.75,1.05,-0.192,41.0,11325.2,3,26.78,1.43,-0.173,40.6,24.34,3.08,-0.178,40.3,22.89,0.0,-0.164,40.2,1.897499999999999,-0.188,40.7,3,0,0,5.0,18.0,3.75,4.0
Delhi,2020-03-16,12,29.6,0.0,-0.173,41.3,11327.4,5,26.54,1.62,-0.191,40.8,26.94,3.49,-0.196,40.4,24.07,1.38,-0.2,40.2,1.024999999999999,-0.18225,40.925,3,0,0,3.0,4.0,4.0,5.0
Delhi,2020-03-23,13,29.85,3.51,-0.144,41.6,11330.3,5,26.75,1.05,-0.192,41.0,26.78,1.43,-0.173,40.6,24.34,3.08,-0.178,40.3,1.544999999999999,-0.17500000000000002,41.175,3,0,0,5.0,3.0,4.5,7.0
Delhi,2020-03-30,14,29.98,1.85,-0.167,42.0,11329.6,5,29.6,0.0,-0.173,41.3,26.54,1.62,-0.191,40.8,26.94,3.49,-0.196,40.4,1.6024999999999991,-0.16899999999999998,41.475,3,0,0,5.0,5.0,4.5,7.0
Delhi,2020-04-06,15,30.53,3.13,-0.175,42.5,11332.0,4,29.85,3.51,-0.144,41.6,26.75,1.05,-0.192,41.0,26.78,1.43,-0.173,40.6,2.1224999999999987,-0.16475,41.85,4,0,0,5.0,3.0,4.75,7.0
Delhi,2020-04-13,16,31.89,3.86,-0.173,43.1,11339.2,5,29.98,1.85,-0.167,42.0,29.6,0.0,-0.173,41.3,26.54,1.62,-0.191,40.8,3.087499999999999,-0.16475,42.3,4,0,0,4.0,5.0,4.75,8.0
Delhi,2020-04-20,17,29.57,2.12,-0.179,43.7,11325.8,7,30.53,3.13,-0.175,42.5,29.85,3.51,-0.144,41.6,26.75,1.05,-0.192,41.0,2.739999999999999,-0.1735,42.825,4,0,0,5.0,5.0,5.25,8.0
Delhi,2020-04-27,18,31.58,5.34,-0.152,44.5,11337.0,7,31.89,3.86,-0.173,43.1,29.98,1.85,-0.167,42.0,29.6,0.0,-0.173,41.3,3.612499999999999,-0.16974999999999998,43.45,4,0,0,7.0,5.0,5.75,8.0
Delhi,2020-05-04,19,31.66,5.72,-0.143,45.3,11323.5,7,29.57,2.12,-0.179,43.7,30.53,3.13,-0.175,42.5,29.85,3.51,-0.144,41.6,4.259999999999999,-0.16175,44.150000000000006,5,0,0,7.0,4.0,6.5,8.0
Delhi,2020-05-11,20,32.89,1.45,-0.163,46.2,11335.0,8,31.58,5.34,-0.152,44.5,31.89,3.86,-0.173,43.1,29.98,1.85,-0.167,42.0,3.657499999999999,-0.15925,44.925,5,0,0,7.0,5.0,7.25,10.0
Delhi,2020-05-18,21,32.5,8.34,-0.076,47.1,11335.6,8,31.66,5.72,-0.143,45.3,29.57,2.12,-0.179,43.7,30.53,3.13,-0.175,42.5,5.212499999999999,-0.1335,45.775,5,0,0,8.0,7.0,7.5,9.0
Delhi,2020-05-25,22,31.86,7.16,-0.14,48.1,11332.8,8,32.89,1.45,-0.163,46.2,31.58,5.34,-0.152,44.5,31.89,3.86,-0.173,43.1,5.667499999999999,-0.1305,46.675,5,0,0,8.0,7.0,7.75,9.0
Delhi,2020-06-01,23,33.78,9.74,-0.147,49.1,11335.6,8,32.5,8.34,-0.076,47.1,31.66,5.72,-0.143,45.3,29.57,2.12,-0.179,43.7,6.672499999999999,-0.1315,47.625,6,1,0,8.0,7.0,8.0,12.0
Delhi,2020-06-08,24,32.15,16.58,-0.083,50.1,11333.5,10,31.86,7.16,-0.14,48.1,32.89,1.45,-0.163,46.2,31.58,5.34,-0.152,44.5,10.454999999999998,-0.11149999999999999,48.6,6,1,0,8.0,8.0,8.5,11.0
Delhi,2020-06-15,25,34.51,16.26,-0.028,51.1,11332.4,9,33.78,9.74,-0.147,49.1,32.5,8.34,-0.076,47.1,31.66,5.72,-0.143,45.3,12.434999999999999,-0.0995,49.6,6,1,0,10.0,8.0,8.75,11.0
Delhi,2020-06-22,26,31.56,18.08,-0.038,52.0,11341.7,9,32.15,16.58,-0.083,50.1,31.86,7.16,-0.14,48.1,32.89,1.45,-0.163,46.2,15.165,-0.074,50.575,6,1,0,9.0,8.0,9.0,15.0
Delhi,2020-06-29,27,32.89,15.74,-0.054,52.9,11334.1,12,34.51,16.26,-0.028,51.1,33.78,9.74,-0.147,49.1,32.5,8.34,-0.076,47.1,16.665,-0.05075,51.525,6,1,0,9.0,8.0,10.0,11.0
Delhi,2020-07-06,28,33.34,14.69,-0.098,53.6,11331.0,11,31.56,18.08,-0.038,52.0,32.15,16.58,-0.083,50.1,31.86,7.16,-0.14,48.1,16.1925,-0.05450000000000001,52.4,7,1,0,12.0,10.0,10.25,10.0
Delhi,2020-07-13,29,30.08,20.25,-0.025,54.2,11330.8,11,32.89,15.74,-0.054,52.9,34.51,16.26,-0.028,51.1,33.78,9.74,-0.147,49.1,17.189999999999998,-0.053750000000000006,53.175000000000004,7,1,0,11.0,9.0,10.75,13.0
Delhi,2020-07-20,30,31.39,16.36,-0.065,54.6,11334.7,15,33.34,14.69,-0.098,53.6,31.56,18.08,-0.038,52.0,32.15,16.58,-0.083,50.1,16.759999999999998,-0.060500000000000005,53.825,7,1,0,11.0,9.0,12.25,13.0
Delhi,2020-07-27,31,30.7,18.44,-0.019,54.9,11331.3,11,30.08,20.25,-0.025,54.2,32.89,15.74,-0.054,52.9,34.51,16.26,-0.028,51.1,17.435,-0.051750000000000004,54.325,7,1,0,15.0,12.0,12.0,12.0
Delhi,2020-08-03,32,29.31,17.26,-0.045,55.0,11329.3,10,31.39,16.36,-0.065,54.6,33.34,14.69,-0.098,53.6,31.56,18.08,-0.038,52.0,18.0775,-0.038500000000000006,54.675000000000004,8,1,0,11.0,11.0,11.75,10.0
Delhi,2020-08-10,33,28.41,16.67,-0.094,54.9,11335.4,13,30.7,18.44,-0.019,54.9,30.08,20.25,-0.025,54.2,32.89,15.74,-0.054,52.9,17.1825,-0.05575000000000001,54.849999999999994,8,1,0,10.0,11.0,12.25,12.0
Delhi,2020-08-17,34,29.47,12.22,-0.088,54.6,11330.0,13,29.31,17.26,-0.045,55.0,31.39,16.36,-0.065,54.6,33.34,14.69,-0.098,53.6,16.1475,-0.061500000000000006,54.85,8,1,0,13.0,15.0,11.75,12.0
Delhi,2020-08-24,35,28.05,13.15,-0.064,54.2,11334.8,12,28.41,16.67,-0.094,54.9,30.7,18.44,-0.019,54.9,30.08,20.25,-0.025,54.2,14.825,-0.07275000000000001,54.675,8,1,0,13.0,11.0,12.0,10.0
Delhi,2020-08-31,36,26.88,13.95,-0.085,53.6,11337.8,10,29.47,12.22,-0.088,54.6,29.31,17.26,-0.045,55.0,31.39,16.36,-0.065,54.6,13.997499999999999,-0.08275,54.325,8,1,0,12.0,10.0,12.0,10.0
Delhi,2020-09-07,37,25.25,10.99,-0.082,52.9,11336.0,12,28.05,13.15,-0.064,54.2,28.41,16.67,-0.094,54.9,30.7,18.44,-0.019,54.9,12.577499999999999,-0.07975000000000002,53.825,9,1,1,10.0,13.0,11.75,8.0
Delhi,2020-09-14,38,25.45,10.6,-0.1,52.0,11335.4,12,26.88,13.95,-0.085,53.6,29.47,12.22,-0.088,54.6,29.31,17.26,-0.045,55.0,12.1725,-0.08275000000000002,53.175,9,1,1,12.0,13.0,11.5,9.0
Delhi,2020-09-21,39,22.92,8.97,-0.067,51.1,11331.7,10,25.25,10.99,-0.082,52.9,28.05,13.15,-0.064,54.2,28.41,16.67,-0.094,54.9,11.1275,-0.08350000000000002,52.400000000000006,9,1,1,12.0,12.0,11.0,7.0
Delhi,2020-09-28,40,26.04,9.92,-0.12,50.1,11335.7,10,25.45,10.6,-0.1,52.0,26.88,13.95,-0.085,53.6,29.47,12.22,-0.088,54.6,10.12,-0.09225,51.525,9,1,1,10.0,10.0,11.0,7.0
Delhi,2020-10-05,41,22.21,4.57,-0.119,49.1,11336.7,8,22.92,8.97,-0.067,51.1,25.25,10.99,-0.082,52.9,28.05,13.15,-0.064,54.2,8.514999999999999,-0.1015,50.575,10,0,1,10.0,12.0,10.0,8.0
Delhi,2020-10-12,42,21.44,3.2,-0.166,48.1,11349.7,9,26.04,9.92,-0.12,50.1,25.45,10.6,-0.1,52.0,26.88,13.95,-0.085,53.6,6.664999999999999,-0.11800000000000001,49.6,10,0,1,8.0,12.0,9.25,6.0
Delhi,2020-10-19,43,22.5,0.54,-0.177,47.1,11337.7,7,22.21,4.57,-0.119,49.1,22.92,8.97,-0.067,51.1,25.25,10.99,-0.082,52.9,4.557499999999999,-0.14550000000000002,48.60000000000001,10,0,1,9.0,10.0,8.5,6.0
Delhi,2020-10-26,44,24.39,1.21,-0.216,46.2,11338.8,7,21.44,3.2,-0.166,48.1,26.04,9.92,-0.12,50.1,25.45,10.6,-0.1,52.0,2.379999999999999,-0.1695,47.625,10,0,1,7.0,10.0,7.75,5.0
Delhi,2020-11-02,45,21.94,1.73,-0.184,45.3,11345.4,8,22.5,0.54,-0.177,47.1,22.21,4.57,-0.119,49.1,22.92,8.97,-0.067,51.1,1.669999999999999,-0.18575,46.675,11,0,1,7.0,8.0,7.75,5.0
Delhi,2020-11-09,46,20.0,1.83,-0.174,44.5,11337.8,6,24.39,1.21,-0.216,46.2,21.44,3.2,-0.166,48.1,26.04,9.92,-0.12,50.1,1.3274999999999992,-0.18775,45.775000000000006,11,0,1,8.0,9.0,7.0,5.0
Delhi,2020-11-16,47,19.09,0.16,-0.224,43.7,11344.9,6,21.94,1.73,-0.184,45.3,22.5,0.54,-0.177,47.1,22.21,4.57,-0.119,49.1,1.232499999999999,-0.1995,44.925,11,0,1,6.0,7.0,6.75,3.0
Delhi,2020-11-23,48,23.34,2.28,-0.228,43.1,11342.1,5,20.0,1.83,-0.174,44.5,24.39,1.21,-0.216,46.2,21.44,3.2,-0.166,48.1,1.4999999999999991,-0.2025,44.15,11,0,1,6.0,7.0,6.25,4.0
Delhi,2020-11-30,49,20.4,0.0,-0.145,42.5,11348.5,5,19.09,0.16,-0.224,43.7,21.94,1.73,-0.184,45.3,22.5,0.54,-0.177,47.1,1.067499999999999,-0.19275,43.45,11,0,1,5.0,8.0,5.5,6.0
Delhi,2020-12-07,50,21.17,0.0,-0.191,42.0,11335.3,5,23.34,2.28,-0.228,43.1,20.0,1.83,-0.174,44.5,24.39,1.21,-0.216,46.2,0.6099999999999991,-0.197,42.825,12,0,0,5.0,6.0,5.25,4.0
Delhi,2020-12-14,51,22.13,0.0,-0.218,41.6,11342.0,3,20.4,0.0,-0.145,42.5,19.09,0.16,-0.224,43.7,21.94,1.73,-0.184,45.3,0.5699999999999991,-0.1955,42.3,12,0,0,5.0,6.0,4.5,4.0
Delhi,2020-12-21,52,20.96,0.0,-0.108,41.3,11345.5,4,21.17,0.0,-0.191,42.0,23.34,2.28,-0.228,43.1,20.0,1.83,-0.174,44.5,0.0,-0.1655,41.85,12,0,0,3.0,5.0,4.25,3.0
Delhi,2020-12-28,53,21.32,0.0,-0.187,41.0,11336.1,6,22.13,0.0,-0.218,41.6,20.4,0.0,-0.145,42.5,19.09,0.16,-0.224,43.7,0.0,-0.176,41.475,12,0,0,4.0,5.0,4.5,4.0
Delhi,2021-01-04,1,21.7,0.0,-0.237,40.0,11353.5,4,20.96,0.0,-0.108,41.3,21.17,0.0,-0.191,42.0,23.34,2.28,-0.228,43.1,0.0,-0.1875,40.975,1,0,0,6.0,5.0,4.25,3.0
Delhi,2021-01-11,2,24.09,0.99,-0.171,40.1,11345.2,4,21.32,0.0,-0.187,41.0,22.13,0.0,-0.218,41.6,20.4,0.0,-0.145,42.5,0.2474999999999991,-0.17575000000000002,40.6,1,0,0,4.0,3.0,4.5,3.0
Delhi,2021-01-18,3,21.94,0.0,-0.209,40.1,11341.6,3,21.7,0.0,-0.237,40.0,20.96,0.0,-0.108,41.3,21.17,0.0,-0.191,42.0,0.2474999999999991,-0.201,40.3,1,0,0,4.0,4.0,4.25,3.0
Delhi,2021-01-25,4,20.76,0.0,-0.209,40.1,11339.6,4,24.09,0.99,-0.171,40.1,21.32,0.0,-0.187,41.0,22.13,0.0,-0.218,41.6,0.2474999999999991,-0.20650000000000002,40.075,1,0,0,3.0,6.0,3.75,4.0
Delhi,2021-02-01,5,25.84,2.48,-0.153,40.2,11347.5,3,21.94,0.0,-0.209,40.1,21.7,0.0,-0.237,40.0,20.96,0.0,-0.108,41.3,0.867499999999999,-0.1855,40.125,2,0,0,4.0,4.0,3.5,4.0
Delhi,2021-02-08,6,23.67,0.0,-0.185,40.2,11342.5,3,20.76,0.0,-0.209,40.1,24.09,0.99,-0.171,40.1,21.32,0.0,-0.187,41.0,0.6199999999999991,-0.189,40.150000000000006,2,0,0,3.0,4.0,3.25,3.0
Delhi,2021-02-15,7,24.37,1.79,-0.219,40.3,11347.7,3,25.84,2.48,-0.153,40.2,21.94,0.0,-0.209,40.1,21.7,0.0,-0.237,40.0,1.0674999999999992,-0.1915,40.2,2,0,0,3.0,3.0,3.25,4.0
Delhi,2021-02-22,8,26.33,1.21,-0.159,40.4,11339.1,4,23.67,0.0,-0.185,40.2,20.76,0.0,-0.209,40.1,24.09,0.99,-0.171,40.1,1.3699999999999992,-0.17900000000000002,40.275000000000006,2,0,0,3.0,4.0,3.25,5.0
Delhi,2021-03-01,9,28.0,0.1,-0.18,40.6,11357.6,4,24.37,1.79,-0.219,40.3,25.84,2.48,-0.153,40.2,21.94,0.0,-0.209,40.1,0.7749999999999991,-0.18575000000000003,40.375,3,0,0,4.0,3.0,3.5,4.0
Delhi,2021-03-08,10,26.56,2.46,-0.225,40.8,11357.0,3,26.33,1.21,-0.159,40.4,23.67,0.0,-0.185,40.2,20.76,0.0,-0.209,40.1,1.3899999999999992,-0.19575,40.525,3,0,0,4.0,3.0,3.5,5.0
Delhi,2021-03-15,11,27.42,1.81,-0.208,41.0,11352.7,4,28.0,0.1,-0.18,40.6,24.37,1.79,-0.219,40.3,25.84,2.48,-0.153,40.2,1.3949999999999991,-0.193,40.699999999999996,3,0,0,3.0,3.0,3.75,6.0
Delhi,2021-03-22,12,27.07,2.61,-0.227,41.3,11354.6,5,26.56,2.46,-0.225,40.8,26.33,1.21,-0.159,40.4,23.67,0.0,-0.185,40.2,1.7449999999999992,-0.21,40.925,3,0,0,4.0,4.0,4.0,6.0
Delhi,2021-03-29,13,28.18,3.7,-0.145,41.6,11347.3,4,27.42,1.81,-0.208,41.0,28.0,0.1,-0.18,40.6,24.37,1.79,-0.219,40.3,2.644999999999999,-0.20125,41.175,3,0,0,5.0,4.0,4.0,5.0
Delhi,2021-04-05,14,30.02,1.14,-0.207,42.0,11359.7,5,27.07,2.61,-0.227,41.3,26.56,2.46,-0.225,40.8,26.33,1.21,-0.159,40.4,2.314999999999999,-0.19675,41.474999999999994,4,0,0,4.0,3.0,4.5,5.0
Delhi,2021-04-12,15,29.97,0.84,-0.182,42.5,11353.1,6,28.18,3.7,-0.145,41.6,27.42,1.81,-0.208,41.0,28.0,0.1,-0.18,40.6,2.072499999999999,-0.19025,41.849999999999994,4,0,0,5.0,4.0,5.0,6.0
Delhi,2021-04-19,16,31.95,2.41,-0.205,43.1,11350.3,6,30.02,1.14,-0.207,42.0,27.07,2.61,-0.227,41.3,26.56,2.46,-0.225,40.8,2.022499999999999,-0.18475,42.300000000000004,4,0,0,6.0,5.0,5.25,8.0
Delhi,2021-04-26,17,30.74,4.45,-0.231,43.7,11347.7,5,29.97,0.84,-0.182,42.5,28.18,3.7,-0.145,41.6,27.42,1.81,-0.208,41.0,2.209999999999999,-0.20625000000000002,42.825,4,0,0,6.0,4.0,5.5,8.0
Delhi,2021-05-03,18,32.37,4.93,-0.108,44.5,11358.4,5,31.95,2.41,-0.205,43.1,30.02,1.14,-0.207,42.0,27.07,2.61,-0.227,41.3,3.157499999999999,-0.1815,43.45,5,0,0,5.0,5.0,5.5,8.0
Delhi,2021-05-10,19,32.14,2.32,-0.107,45.3,11358.0,6,30.74,4.45,-0.231,43.7,29.97,0.84,-0.182,42.5,28.18,3.7,-0.145,41.6,3.527499999999999,-0.16275,44.15,5,0,0,5.0,6.0,5.5,10.0
Delhi,2021-05-17,20,30.68,5.27,-0.216,46.2,11356.2,8,32.37,4.93,-0.108,44.5,31.95,2.41,-0.205,43.1,30.02,1.14,-0.207,42.0,4.242499999999999,-0.1655,44.925000000000004,5,0,0,6.0,6.0,6.0,8.0
Delhi,2021-05-24,21,32.76,4.79,-0.182,47.1,11362.4,8,32.14,2.32,-0.107,45.3,30.74,4.45,-0.231,43.7,29.97,0.84,-0.182,42.5,4.327499999999999,-0.15325000000000003,45.775,5,0,0,8.0,5.0,6.75,9.0
Delhi,2021-05-31,22,35.23,8.66,-0.112,48.1,11351.6,8,30.68,5.27,-0.216,46.2,32.37,4.93,-0.108,44.5,31.95,2.41,-0.205,43.1,5.259999999999999,-0.15425000000000003,46.675,5,0,0,8.0,5.0,7.5,11.0
Delhi,2021-06-07,23,31.9,12.69,-0.056,49.1,11354.4,10,32.76,4.79,-0.182,47.1,32.14,2.32,-0.107,45.3,30.74,4.45,-0.231,43.7,7.852499999999999,-0.1415,47.625,6,1,0,8.0,6.0,8.5,10.0
Delhi,2021-06-14,24,31.98,13.69,-0.076,50.1,11357.0,8,35.23,8.66,-0.112,48.1,30.68,5.27,-0.216,46.2,32.37,4.93,-0.108,44.5,9.9575,-0.10650000000000001,48.6,6,1,0,10.0,8.0,8.5,12.0
Delhi,2021-06-21,25,30.38,12.69,-0.138,51.1,11356.7,9,31.9,12.69,-0.056,49.1,32.76,4.79,-0.182,47.1,32.14,2.32,-0.107,45.3,11.9325,-0.09550000000000002,49.6,6,1,0,8.0,8.0,8.75,11.0
Delhi,2021-06-28,26,31.54,17.55,-0.062,52.0,11356.5,11,31.98,13.69,-0.076,50.1,35.23,8.66,-0.112,48.1,30.68,5.27,-0.216,46.2,14.154999999999998,-0.08300000000000002,50.575,6,1,0,9.0,8.0,9.5,9.0
Delhi,2021-07-05,27,31.71,20.73,0.035,52.9,11352.9,10,30.38,12.69,-0.138,51.1,31.9,12.69,-0.056,49.1,32.76,4.79,-0.182,47.1,16.165,-0.06025000000000002,51.525,7,1,0,11.0,10.0,9.5,13.0
Delhi,2021-07-12,28,33.19,17.89,-0.004,53.6,11358.0,12,31.54,17.55,-0.062,52.0,31.98,13.69,-0.076,50.1,35.23,8.66,-0.112,48.1,17.215,-0.04225000000000002,52.4,7,1,0,10.0,8.0,10.5,13.0
Delhi,2021-07-19,29,31.6,17.74,-0.021,54.2,11353.6,11,31.71,20.73,0.035,52.9,30.38,12.69,-0.138,51.1,31.9,12.69,-0.056,49.1,18.4775,-0.013000000000000013,53.175,7,1,0,12.0,9.0,11.0,11.0
Delhi,2021-07-26,30,31.59,16.41,-0.033,54.6,11367.1,9,33.19,17.89,-0.004,53.6,31.54,17.55,-0.062,52.0,31.98,13.69,-0.076,50.1,18.1925,-0.005750000000000014,53.825,7,1,0,11.0,11.0,10.5,12.0
Delhi,2021-08-02,31,31.4,13.51,-0.014,54.9,11361.5,13,31.6,17.74,-0.021,54.2,31.71,20.73,0.035,52.9,30.38,12.69,-0.138,51.1,16.387499999999996,-0.018000000000000016,54.325,8,1,0,9.0,10.0,11.25,12.0
Delhi,2021-08-09,32,31.55,14.3,-0.108,55.0,11366.5,13,31.59,16.41,-0.033,54.6,33.19,17.89,-0.004,53.6,31.54,17.55,-0.062,52.0,15.489999999999997,-0.04400000000000001,54.675,8,1,0,13.0,12.0,11.5,13.0
Delhi,2021-08-16,33,31.61,12.59,-0.083,54.9,11364.4,11,31.4,13.51,-0.014,54.9,31.6,17.74,-0.021,54.2,31.71,20.73,0.035,52.9,14.202499999999999,-0.05950000000000002,54.85,8,1,0,13.0,11.0,11.5,12.0
Delhi,2021-08-23,34,28.57,17.27,-0.062,54.6,11361.5,12,31.55,14.3,-0.108,55.0,31.59,16.41,-0.033,54.6,33.19,17.89,-0.004,53.6,14.417499999999997,-0.06675000000000002,54.849999999999994,8,1,0,11.0,9.0,12.25,12.0
Delhi,2021-08-30,35,26.7,15.17,-0.048,54.2,11358.0,12,31.61,12.59,-0.083,54.9,31.4,13.51,-0.014,54.9,31.6,17.74,-0.021,54.2,14.832499999999998,-0.07525000000000001,54.675000000000004,8,1,0,12.0,13.0,12.0,22.0
Delhi,2021-09-06,36,28.15,13.82,-0.081,53.6,11360.4,13,28.57,17.27,-0.062,54.6,31.55,14.3,-0.108,55.0,31.59,16.41,-0.033,54.6,14.712499999999999,-0.06850000000000002,54.324999999999996,9,1,1,12.0,13.0,12.0,9.0
Delhi,2021-09-13,37,25.79,12.5,-0.11,52.9,11358.6,12,26.7,15.17,-0.048,54.2,31.61,12.59,-0.083,54.9,31.4,13.51,-0.014,54.9,14.689999999999998,-0.07525000000000001,53.825,9,1,1,13.0,11.0,12.25,8.0
Delhi,2021-09-20,38,26.59,6.43,-0.134,52.0,11359.8,12,28.15,13.82,-0.081,53.6,28.57,17.27,-0.062,54.6,31.55,14.3,-0.108,55.0,11.979999999999999,-0.09325000000000001,53.175,9,1,1,12.0,12.0,12.25,8.0
Delhi,2021-09-27,39,25.05,3.68,-0.118,51.1,11364.1,22,25.79,12.5,-0.11,52.9,26.7,15.17,-0.048,54.2,31.61,12.59,-0.083,54.9,9.107499999999998,-0.11075000000000002,52.4,9,1,1,12.0,12.0,14.75,8.0
Delhi,2021-10-04,40,25.36,7.08,-0.167,50.1,11360.4,9,26.59,6.43,-0.134,52.0,28.15,13.82,-0.081,53.6,28.57,17.27,-0.062,54.6,7.422499999999998,-0.13225,51.525000000000006,10,0,1,22.0,13.0,13.75,7.0
Delhi,2021-10-11,41,21.94,4.06,-0.127,49.1,11365.0,8,25.05,3.68,-0.118,51.1,25.79,12.5,-0.11,52.9,26.7,15.17,-0.048,54.2,5.312499999999997,-0.1365,50.575,10,0,1,9.0,12.0,12.75,6.0
Delhi,2021-10-18,42,22.61,4.81,-0.108,48.1,11362.4,8,25.36,7.08,-0.167,50.1,26.59,6.43,-0.134,52.0,28.15,13.82,-0.081,53.6,4.907499999999998,-0.13,49.6,10,0,1,8.0,12.0,11.75,6.0
Delhi,2021-10-25,43,21.21,0.66,-0.224,47.1,11357.8,8,21.94,4.06,-0.127,49.1,25.05,3.68,-0.118,51.1,25.79,12.5,-0.11,52.9,4.152499999999998,-0.15650000000000003,48.6,10,0,1,8.0,22.0,8.25,6.0
Delhi,2021-11-01,44,20.81,1.59,-0.227,46.2,11354.6,7,22.61,4.81,-0.108,48.1,25.36,7.08,-0.167,50.1,26.59,6.43,-0.134,52.0,2.779999999999998,-0.1715,47.62500000000001,11,0,1,8.0,9.0,7.75,5.0
Delhi,2021-11-08,45,18.79,3.21,-0.171,45.3,11364.9,6,21.21,0.66,-0.224,47.1,21.94,4.06,-0.127,49.1,25.05,3.68,-0.118,51.1,2.567499999999998,-0.1825,46.675,11,0,1,7.0,8.0,7.25,3.0
Delhi,2021-11-15,46,22.98,2.56,-0.215,44.5,11367.6,6,20.81,1.59,-0.227,46.2,22.61,4.81,-0.108,48.1,25.36,7.08,-0.167,50.1,2.004999999999998,-0.20925000000000002,45.775,11,0,1,6.0,8.0,6.75,6.0
Delhi,2021-11-22,47,21.11,0.0,-0.216,43.7,11364.0,6,18.79,3.21,-0.171,45.3,21.21,0.66,-0.224,47.1,21.94,4.06,-0.127,49.1,1.839999999999998,-0.20725000000000002,44.925000000000004,11,0,1,6.0,8.0,6.25,5.0
Delhi,2021-11-29,48,20.68,3.78,-0.169,43.1,11363.4,5,22.98,2.56,-0.215,44.5,20.81,1.59,-0.227,46.2,22.61,4.81,-0.108,48.1,2.3874999999999984,-0.19275000000000003,44.15,11,0,1,6.0,7.0,5.75,3.0
Delhi,2021-12-06,49,22.06,2.13,-0.178,42.5,11370.7,3,21.11,0.0,-0.216,43.7,18.79,3.21,-0.171,45.3,21.21,0.66,-0.224,47.1,2.117499999999998,-0.1945,43.45,12,0,0,5.0,6.0,5.0,4.0
Delhi,2021-12-13,50,21.26,0.0,-0.201,42.0,11370.4,6,20.68,3.78,-0.169,43.1,22.98,2.56,-0.215,44.5,20.81,1.59,-0.227,46.2,1.477499999999998,-0.19100000000000003,42.825,12,0,0,3.0,6.0,5.0,5.0
Delhi,2021-12-20,51,21.49,1.55,-0.196,41.6,11359.9,5,22.06,2.13,-0.178,42.5,21.11,0.0,-0.216,43.7,18.79,3.21,-0.171,45.3,1.8649999999999982,-0.186,42.3,12,0,0,6.0,6.0,4.75,4.0
Delhi,2021-12-27,52,22.99,2.52,-0.219,41.3,11365.3,3,21.26,0.0,-0.201,42.0,20.68,3.78,-0.169,43.1,22.98,2.56,-0.215,44.5,1.5499999999999983,-0.1985,41.85,12,0,0,5.0,5.0,4.25,5.0
Delhi,2022-01-03,1,21.04,0.0,-0.205,40.0,11373.1,4,21.49,1.55,-0.196,41.6,22.06,2.13,-0.178,42.5,21.11,0.0,-0.216,43.7,1.0174999999999983,-0.20525000000000002,41.225,1,0,0,3.0,3.0,4.5,4.0
Delhi,2022-01-10,2,21.74,2.55,-0.191,40.1,11361.9,5,22.99,2.52,-0.219,41.3,21.26,0.0,-0.201,42.0,20.68,3.78,-0.169,43.1,1.6549999999999983,-0.20275,40.75,1,0,0,4.0,6.0,4.25,3.0
Delhi,2022-01-17,3,22.68,4.58,-0.175,40.1,11372.9,4,21.04,0.0,-0.205,40.0,21.49,1.55,-0.196,41.6,22.06,2.13,-0.178,42.5,2.4124999999999983,-0.1975,40.375,1,0,0,5.0,5.0,4.0,3.0
Delhi,2022-01-24,4,20.17,0.0,-0.212,40.1,11375.0,5,21.74,2.55,-0.191,40.1,22.99,2.52,-0.219,41.3,21.26,0.0,-0.201,42.0,1.7824999999999982,-0.19575,40.075,1,0,0,4.0,3.0,4.5,3.0
Delhi,2022-01-31,5,24.52,3.69,-0.164,40.2,11363.3,4,22.68,4.58,-0.175,40.1,21.04,0.0,-0.205,40.0,21.49,1.55,-0.196,41.6,2.7049999999999983,-0.18550000000000003,40.125,1,0,0,5.0,4.0,4.5,2.0
Delhi,2022-02-07,6,24.52,0.0,-0.172,40.2,11366.5,3,20.17,0.0,-0.212,40.1,21.74,2.55,-0.191,40.1,22.99,2.52,-0.219,41.3,2.067499999999998,-0.18075,40.150000000000006,2,0,0,4.0,5.0,4.0,2.0
Delhi,2022-02-14,7,27.15,0.0,-0.151,40.3,11370.2,3,24.52,3.69,-0.164,40.2,22.68,4.58,-0.175,40.1,21.04,0.0,-0.205,40.0,0.9224999999999982,-0.17475000000000002,40.2,2,0,0,3.0,4.0,3.75,3.0
Delhi,2022-02-21,8,28.32,0.47,-0.177,40.4,11373.0,3,24.52,0.0,-0.172,40.2,20.17,0.0,-0.212,40.1,21.74,2.55,-0.191,40.1,1.0399999999999983,-0.166,40.275,2,0,0,3.0,5.0,3.25,4.0
Delhi,2022-02-28,9,27.46,4.68,-0.182,40.6,11363.9,2,27.15,0.0,-0.151,40.3,24.52,3.69,-0.164,40.2,22.68,4.58,-0.175,40.1,1.2874999999999983,-0.17049999999999998,40.375,2,0,0,3.0,4.0,2.75,6.0
Delhi,2022-03-07,10,28.09,0.58,-0.211,40.8,11367.5,2,28.32,0.47,-0.177,40.4,24.52,0.0,-0.172,40.2,20.17,0.0,-0.212,40.1,1.4324999999999983,-0.18025000000000002,40.525,3,0,0,2.0,3.0,2.5,4.0
Delhi,2022-03-14,11,27.12,0.0,-0.187,41.0,11372.6,3,27.46,4.68,-0.182,40.6,27.15,0.0,-0.151,40.3,24.52,3.69,-0.164,40.2,1.4324999999999983,-0.18925,40.7,3,0,0,2.0,3.0,2.5,5.0
Delhi,2022-03-21,12,28.0,0.0,-0.25,41.3,11367.2,4,28.09,0.58,-0.211,40.8,28.32,0.47,-0.177,40.4,24.52,0.0,-0.172,40.2,1.3149999999999984,-0.20750000000000002,40.925,3,0,0,3.0,3.0,2.75,4.0
Delhi,2022-03-28,13,30.01,0.64,-0.156,41.6,11380.3,6,27.12,0.0,-0.187,41.0,27.46,4.68,-0.182,40.6,27.15,0.0,-0.151,40.3,0.30499999999999844,-0.201,41.175,3,0,0,4.0,2.0,3.75,7.0
Delhi,2022-04-04,14,29.76,0.51,-0.194,42.0,11375.0,4,28.0,0.0,-0.25,41.3,28.09,0.58,-0.211,40.8,28.32,0.47,-0.177,40.4,0.2874999999999984,-0.19675,41.475,4,0,0,6.0,2.0,4.25,6.0
Delhi,2022-04-11,15,31.18,0.92,-0.141,42.5,11371.1,5,30.01,0.64,-0.156,41.6,27.12,0.0,-0.187,41.0,27.46,4.68,-0.182,40.6,0.5174999999999985,-0.18525,41.85,4,0,0,4.0,3.0,4.75,7.0
Delhi,2022-04-18,16,31.66,6.68,-0.179,43.1,11365.3,4,29.76,0.51,-0.194,42.0,28.0,0.0,-0.25,41.3,28.09,0.58,-0.211,40.8,2.1874999999999982,-0.16749999999999998,42.3,4,0,0,5.0,4.0,4.75,8.0
Delhi,2022-04-25,17,31.08,1.4,-0.136,43.7,11378.0,7,31.18,0.92,-0.141,42.5,30.01,0.64,-0.156,41.6,27.12,0.0,-0.187,41.0,2.377499999999998,-0.16250000000000003,42.825,4,0,0,4.0,6.0,5.0,8.0
Delhi,2022-05-02,18,30.21,9.66,-0.165,44.5,11372.5,6,31.66,6.68,-0.179,43.1,29.76,0.51,-0.194,42.0,28.0,0.0,-0.25,41.3,4.664999999999998,-0.15525,43.45,5,0,0,7.0,4.0,5.5,9.0
Delhi,2022-05-09,19,31.54,2.51,-0.145,45.3,11374.6,7,31.08,1.4,-0.136,43.7,31.18,0.92,-0.141,42.5,30.01,0.64,-0.156,41.6,5.062499999999998,-0.15625,44.150000000000006,5,0,0,6.0,5.0,6.0,10.0
Delhi,2022-05-16,20,31.67,5.56,-0.112,46.2,11375.5,8,30.21,9.66,-0.165,44.5,31.66,6.68,-0.179,43.1,29.76,0.51,-0.194,42.0,4.782499999999998,-0.1395,44.925,5,0,0,7.0,4.0,7.0,8.0
Delhi,2022-05-23,21,35.71,3.47,-0.129,47.1,11371.2,8,31.54,2.51,-0.145,45.3,31.08,1.4,-0.136,43.7,31.18,0.92,-0.141,42.5,5.299999999999999,-0.13775,45.775,5,0,0,8.0,7.0,7.25,11.0
Delhi,2022-05-30,22,35.15,9.11,-0.159,48.1,11376.3,9,31.67,5.56,-0.112,46.2,30.21,9.66,-0.165,44.5,31.66,6.68,-0.179,43.1,5.162499999999998,-0.13625,46.675,5,0,0,8.0,6.0,8.0,12.0
Delhi,2022-06-06,23,36.3,10.97,-0.083,49.1,11365.2,10,35.71,3.47,-0.129,47.1,31.54,2.51,-0.145,45.3,31.08,1.4,-0.136,43.7,7.277499999999998,-0.12075,47.625,6,1,0,9.0,7.0,8.75,13.0
Delhi,2022-06-13,24,31.76,11.02,-0.09,50.1,11373.5,8,35.15,9.11,-0.159,48.1,31.67,5.56,-0.112,46.2,30.21,9.66,-0.165,44.5,8.642499999999998,-0.11525,48.6,6,1,0,10.0,8.0,8.75,12.0
Delhi,2022-06-20,25,32.17,15.09,-0.063,51.1,11382.9,11,36.3,10.97,-0.083,49.1,35.71,3.47,-0.129,47.1,31.54,2.51,-0.145,45.3,11.547499999999998,-0.09875,49.6,6,1,0,8.0,8.0,9.5,31.0
Delhi,2022-06-27,26,31.18,10.89,-0.066,52.0,11377.4,12,31.76,11.02,-0.09,50.1,35.15,9.11,-0.159,48.1,31.67,5.56,-0.112,46.2,11.992499999999998,-0.0755,50.575,6,1,0,11.0,9.0,10.25,12.0
Delhi,2022-07-04,27,30.03,18.41,-0.067,52.9,11372.8,13,32.17,15.09,-0.063,51.1,36.3,10.97,-0.083,49.1,35.71,3.47,-0.129,47.1,13.8525,-0.0715,51.525,7,1,0,12.0,10.0,11.0,11.0
Delhi,2022-07-11,28,30.56,14.69,-0.041,53.6,11385.7,12,31.18,10.89,-0.066,52.0,31.76,11.02,-0.09,50.1,35.15,9.11,-0.159,48.1,14.769999999999998,-0.059250000000000004,52.4,7,1,0,13.0,8.0,12.0,10.0
Delhi,2022-07-18,29,30.52,20.81,-0.0,54.2,11380.2,31,30.03,18.41,-0.067,52.9,32.17,15.09,-0.063,51.1,36.3,10.97,-0.083,49.1,16.2,-0.0435,53.175000000000004,7,1,0,12.0,11.0,17.0,12.0
Delhi,2022-07-25,30,31.68,20.4,0.019,54.6,11376.1,12,30.56,14.69,-0.041,53.6,31.18,10.89,-0.066,52.0,31.76,11.02,-0.09,50.1,18.5775,-0.022250000000000002,53.825,7,1,0,31.0,12.0,17.0,13.0
Delhi,2022-08-01,31,29.97,11.68,-0.088,54.9,11378.5,11,30.52,20.81,-0.0,54.2,30.03,18.41,-0.067,52.9,32.17,15.09,-0.063,51.1,16.894999999999996,-0.0275,54.325,8,1,0,12.0,13.0,16.5,13.0
Delhi,2022-08-08,32,31.08,14.81,-0.113,55.0,11373.9,10,31.68,20.4,0.019,54.6,30.56,14.69,-0.041,53.6,31.18,10.89,-0.066,52.0,16.924999999999997,-0.0455,54.675000000000004,8,1,0,11.0,12.0,16.0,12.0
Delhi,2022-08-15,33,27.1,18.38,0.007,54.9,11380.2,12,29.97,11.68,-0.088,54.9,30.52,20.81,-0.0,54.2,30.03,18.41,-0.067,52.9,16.317499999999995,-0.043750000000000004,54.849999999999994,8,1,0,10.0,31.0,11.25,12.0
Delhi,2022-08-22,34,27.25,17.99,-0.071,54.6,11384.8,13,31.08,14.81,-0.113,55.0,31.68,20.4,0.019,54.6,30.56,14.69,-0.041,53.6,15.714999999999996,-0.06625,54.85,8,1,0,12.0,12.0,11.5,12.0
Delhi,2022-08-29,35,28.18,9.24,-0.174,54.2,11380.9,13,27.1,18.38,0.007,54.9,29.97,11.68,-0.088,54.9,30.52,20.81,-0.0,54.2,15.104999999999997,-0.08775,54.675,8,1,0,13.0,11.0,12.0,11.0
Delhi,2022-09-05,36,27.68,12.41,-0.113,53.6,11378.8,12,27.25,17.99,-0.071,54.6,31.08,14.81,-0.113,55.0,31.68,20.4,0.019,54.6,14.504999999999997,-0.08775,54.325,9,1,1,13.0,10.0,12.5,10.0
Delhi,2022-09-12,37,24.96,8.58,-0.111,52.9,11384.2,12,28.18,9.24,-0.174,54.2,27.1,18.38,0.007,54.9,29.97,11.68,-0.088,54.9,12.054999999999998,-0.11725,53.825,9,1,1,12.0,12.0,12.5,10.0
Delhi,2022-09-19,38,25.71,5.31,-0.11,52.0,11385.4,12,27.68,12.41,-0.113,53.6,27.25,17.99,-0.071,54.6,31.08,14.81,-0.113,55.0,8.884999999999998,-0.127,53.175,9,1,1,12.0,13.0,12.25,9.0
Delhi,2022-09-26,39,24.05,4.41,-0.147,51.1,11388.0,11,24.96,8.58,-0.111,52.9,28.18,9.24,-0.174,54.2,27.1,18.38,0.007,54.9,7.6774999999999975,-0.12025,52.400000000000006,9,1,1,12.0,13.0,11.75,8.0
Delhi,2022-10-03,40,24.93,11.09,-0.153,50.1,11373.8,10,25.71,5.31,-0.11,52.0,27.68,12.41,-0.113,53.6,27.25,17.99,-0.071,54.6,7.3474999999999975,-0.13025,51.525,10,0,1,11.0,12.0,11.25,6.0
Delhi,2022-10-10,41,24.68,9.3,-0.109,49.1,11377.3,10,24.05,4.41,-0.147,51.1,24.96,8.58,-0.111,52.9,28.18,9.24,-0.174,54.2,7.527499999999998,-0.12975,50.575,10,0,1,10.0,12.0,10.75,8.0
Delhi,2022-10-17,42,24.03,3.59,-0.109,48.1,11384.4,9,24.93,11.09,-0.153,50.1,25.71,5.31,-0.11,52.0,27.68,12.41,-0.113,53.6,7.097499999999998,-0.1295,49.6,10,0,1,10.0,12.0,10.0,5.0
Delhi,2022-10-24,43,22.41,1.82,-0.206,47.1,11381.1,8,24.68,9.3,-0.109,49.1,24.05,4.41,-0.147,51.1,24.96,8.58,-0.111,52.9,6.449999999999998,-0.14425,48.60000000000001,10,0,1,9.0,11.0,9.25,6.0
Delhi,2022-10-31,44,20.76,1.62,-0.214,46.2,11385.0,6,24.03,3.59,-0.109,48.1,24.93,11.09,-0.153,50.1,25.71,5.31,-0.11,52.0,4.082499999999999,-0.15949999999999998,47.625,10,0,1,8.0,10.0,8.25,4.0
Delhi,2022-11-07,45,19.52,2.69,-0.221,45.3,11387.8,8,22.41,1.82,-0.206,47.1,24.68,9.3,-0.109,49.1,24.05,4.41,-0.147,51.1,2.429999999999998,-0.1875,46.675,11,0,1,6.0,10.0,7.75,5.0
Delhi,2022-11-14,46,20.26,5.52,-0.09,44.5,11392.4,5,20.76,1.62,-0.214,46.2,24.03,3.59,-0.109,48.1,24.93,11.09,-0.153,50.1,2.912499999999998,-0.18275,45.775000000000006,11,0,1,8.0,9.0,6.75,6.0
Delhi,2022-11-21,47,22.88,3.58,-0.171,43.7,11389.2,6,19.52,2.69,-0.221,45.3,22.41,1.82,-0.206,47.1,24.68,9.3,-0.109,49.1,3.3524999999999983,-0.17400000000000002,44.925,11,0,1,5.0,8.0,6.25,5.0
Delhi,2022-11-28,48,20.78,0.0,-0.208,43.1,11382.3,4,20.26,5.52,-0.09,44.5,20.76,1.62,-0.214,46.2,24.03,3.59,-0.109,48.1,2.947499999999998,-0.1725,44.15,11,0,1,6.0,6.0,5.75,4.0
Delhi,2022-12-05,49,21.27,2.33,-0.164,42.5,11392.8,5,22.88,3.58,-0.171,43.7,19.52,2.69,-0.221,45.3,22.41,1.82,-0.206,47.1,2.857499999999998,-0.15825,43.45,12,0,0,4.0,8.0,5.0,4.0
Delhi,2022-12-12,50,21.49,4.1,-0.184,42.0,11382.4,6,20.78,0.0,-0.208,43.1,20.26,5.52,-0.09,44.5,20.76,1.62,-0.214,46.2,2.502499999999998,-0.18175,42.825,12,0,0,5.0,5.0,5.25,3.0
Delhi,2022-12-19,51,20.66,0.76,-0.138,41.6,11382.4,5,21.27,2.33,-0.164,42.5,22.88,3.58,-0.171,43.7,19.52,2.69,-0.221,45.3,1.797499999999998,-0.17350000000000002,42.3,12,0,0,6.0,6.0,5.0,2.0
Delhi,2022-12-26,52,19.89,0.0,-0.234,41.3,11386.7,4,21.49,4.1,-0.184,42.0,20.78,0.0,-0.208,43.1,20.26,5.52,-0.09,44.5,1.797499999999998,-0.18,41.85,12,0,0,5.0,4.0,5.0,4.0
Delhi,2023-01-02,1,21.52,0.0,-0.231,40.0,11385.3,4,20.66,0.76,-0.138,41.6,21.27,2.33,-0.164,42.5,22.88,3.58,-0.171,43.7,1.214999999999998,-0.19675,41.225,1,0,0,4.0,5.0,4.75,3.0
Delhi,2023-01-09,2,24.02,0.46,-0.229,40.1,11393.1,3,19.89,0.0,-0.234,41.3,21.49,4.1,-0.184,42.0,20.78,0.0,-0.208,43.1,0.3049999999999982,-0.20800000000000002,40.75,1,0,0,4.0,6.0,4.0,2.0
Delhi,2023-01-16,3,22.91,1.12,-0.218,40.1,11391.1,2,21.52,0.0,-0.231,40.0,20.66,0.76,-0.138,41.6,21.27,2.33,-0.164,42.5,0.39499999999999824,-0.228,40.375,1,0,0,3.0,5.0,3.25,4.0
Delhi,2023-01-23,4,21.53,0.0,-0.194,40.1,11395.7,4,24.02,0.46,-0.229,40.1,19.89,0.0,-0.234,41.3,21.49,4.1,-0.184,42.0,0.39499999999999824,-0.218,40.075,1,0,0,2.0,4.0,3.25,3.0
Delhi,2023-01-30,5,23.12,0.0,-0.207,40.2,11384.1,3,22.91,1.12,-0.218,40.1,21.52,0.0,-0.231,40.0,20.66,0.76,-0.138,41.6,0.39499999999999824,-0.212,40.125,1,0,0,4.0,4.0,3.0,3.0
Delhi,2023-02-06,6,26.01,0.0,-0.169,40.2,11388.9,2,21.53,0.0,-0.194,40.1,24.02,0.46,-0.229,40.1,19.89,0.0,-0.234,41.3,0.27999999999999825,-0.197,40.150000000000006,2,0,0,3.0,3.0,2.75,3.0
Delhi,2023-02-13,7,27.67,0.0,-0.218,40.3,11400.2,4,23.12,0.0,-0.207,40.2,22.91,1.12,-0.218,40.1,21.52,0.0,-0.231,40.0,0.0,-0.197,40.2,2,0,0,2.0,2.0,3.25,5.0
Delhi,2023-02-20,8,26.84,4.04,-0.225,40.4,11387.7,3,26.01,0.0,-0.169,40.2,21.53,0.0,-0.194,40.1,24.02,0.46,-0.229,40.1,1.0099999999999982,-0.20475,40.275000000000006,2,0,0,4.0,4.0,3.0,5.0
Delhi,2023-02-27,9,25.82,0.0,-0.208,40.6,11390.9,3,27.67,0.0,-0.218,40.3,23.12,0.0,-0.207,40.2,22.91,1.12,-0.218,40.1,1.0099999999999982,-0.20500000000000002,40.375,2,0,0,3.0,3.0,3.0,4.0
Delhi,2023-03-06,10,25.0,0.0,-0.207,40.8,11382.3,3,26.84,4.04,-0.225,40.4,26.01,0.0,-0.169,40.2,21.53,0.0,-0.194,40.1,1.0099999999999982,-0.2145,40.525,3,0,0,3.0,2.0,3.25,4.0
Delhi,2023-03-13,11,28.34,0.0,-0.159,41.0,11394.0,5,25.82,0.0,-0.208,40.6,27.67,0.0,-0.218,40.3,23.12,0.0,-0.207,40.2,1.0099999999999982,-0.19974999999999998,40.699999999999996,3,0,0,3.0,4.0,3.5,4.0
Delhi,2023-03-20,12,27.77,3.63,-0.195,41.3,11402.0,5,25.0,0.0,-0.207,40.8,26.84,4.04,-0.225,40.4,26.01,0.0,-0.169,40.2,0.9074999999999982,-0.19225,40.925,3,0,0,5.0,3.0,4.0,7.0
Delhi,2023-03-27,13,28.88,2.81,-0.138,41.6,11397.6,4,28.34,0.0,-0.159,41.0,25.82,0.0,-0.208,40.6,27.67,0.0,-0.218,40.3,1.609999999999998,-0.17475,41.175,3,0,0,5.0,3.0,4.25,7.0
Delhi,2023-04-03,14,27.45,3.82,-0.245,42.0,11402.2,4,27.77,3.63,-0.195,41.3,25.0,0.0,-0.207,40.8,26.84,4.04,-0.225,40.4,2.564999999999998,-0.18425,41.474999999999994,4,0,0,4.0,3.0,4.5,6.0
Delhi,2023-04-10,15,30.56,0.0,-0.12,42.5,11400.2,4,28.88,2.81,-0.138,41.6,28.34,0.0,-0.159,41.0,25.82,0.0,-0.208,40.6,2.564999999999998,-0.17450000000000002,41.849999999999994,4,0,0,4.0,5.0,4.25,7.0
Delhi,2023-04-17,16,31.58,0.71,-0.221,43.1,11395.8,7,27.45,3.82,-0.245,42.0,27.77,3.63,-0.195,41.3,25.0,0.0,-0.207,40.8,1.8349999999999982,-0.181,42.300000000000004,4,0,0,4.0,5.0,4.75,9.0
Delhi,2023-04-24,17,33.18,6.75,-0.191,43.7,11409.2,7,30.56,0.0,-0.12,42.5,28.88,2.81,-0.138,41.6,28.34,0.0,-0.159,41.0,2.819999999999998,-0.19425,42.825,4,0,0,7.0,4.0,5.5,9.0
Delhi,2023-05-01,18,31.43,4.83,-0.133,44.5,11399.5,6,31.58,0.71,-0.221,43.1,27.45,3.82,-0.245,42.0,27.77,3.63,-0.195,41.3,3.072499999999998,-0.16625,43.45,5,0,0,7.0,4.0,6.0,11.0
Delhi,2023-05-08,19,32.27,5.47,-0.177,45.3,11393.0,7,33.18,6.75,-0.191,43.7,30.56,0.0,-0.12,42.5,28.88,2.81,-0.138,41.6,4.439999999999998,-0.1805,44.15,5,0,0,6.0,4.0,6.75,10.0
Delhi,2023-05-15,20,30.45,4.6,-0.068,46.2,11401.0,9,31.43,4.83,-0.133,44.5,31.58,0.71,-0.221,43.1,27.45,3.82,-0.245,42.0,5.412499999999998,-0.14225000000000002,44.925000000000004,5,0,0,7.0,7.0,7.25,10.0
Delhi,2023-05-22,21,31.14,6.34,-0.181,47.1,11393.8,9,32.27,5.47,-0.177,45.3,33.18,6.75,-0.191,43.7,30.56,0.0,-0.12,42.5,5.309999999999998,-0.13974999999999999,45.775,5,0,0,9.0,7.0,7.75,9.0
Delhi,2023-05-29,22,32.21,6.86,-0.103,48.1,11409.1,11,30.45,4.6,-0.068,46.2,31.43,4.83,-0.133,44.5,31.58,0.71,-0.221,43.1,5.817499999999998,-0.13224999999999998,46.675,5,0,0,9.0,6.0,9.0,9.0
Delhi,2023-06-05,23,30.77,10.44,-0.122,49.1,11397.9,10,31.14,6.34,-0.181,47.1,32.27,5.47,-0.177,45.3,33.18,6.75,-0.191,43.7,7.059999999999998,-0.11850000000000001,47.625,6,1,0,11.0,7.0,9.75,10.0
Delhi,2023-06-12,24,32.27,11.04,-0.105,50.1,11402.2,10,32.21,6.86,-0.103,48.1,30.45,4.6,-0.068,46.2,31.43,4.83,-0.133,44.5,8.669999999999998,-0.12775,48.6,6,1,0,10.0,9.0,10.0,10.0
Delhi,2023-06-19,25,33.34,13.62,-0.109,51.1,11397.5,9,30.77,10.44,-0.122,49.1,31.14,6.34,-0.181,47.1,32.27,5.47,-0.177,45.3,10.489999999999998,-0.10974999999999999,49.6,6,1,0,10.0,9.0,10.0,11.0
Delhi,2023-06-26,26,34.33,14.1,-0.087,52.0,11401.2,9,32.27,11.04,-0.105,50.1,32.21,6.86,-0.103,48.1,30.45,4.6,-0.068,46.2,12.299999999999997,-0.10575,50.575,6,1,0,9.0,11.0,9.5,11.0
Delhi,2023-07-03,27,31.32,19.54,-0.083,52.9,11403.4,10,33.34,13.62,-0.109,51.1,30.77,10.44,-0.122,49.1,31.14,6.34,-0.181,47.1,14.575,-0.096,51.525,7,1,0,9.0,10.0,9.5,12.0
Delhi,2023-07-10,28,30.7,18.35,0.05,53.6,11401.0,10,34.33,14.1,-0.087,52.0,32.27,11.04,-0.105,50.1,32.21,6.86,-0.103,48.1,16.402499999999996,-0.057249999999999995,52.4,7,1,0,10.0,10.0,9.5,14.0
Delhi,2023-07-17,29,33.38,17.79,0.029,54.2,11395.1,11,31.32,19.54,-0.083,52.9,33.34,13.62,-0.109,51.1,30.77,10.44,-0.122,49.1,17.444999999999997,-0.02275,53.175,7,1,0,10.0,9.0,10.0,15.0
Delhi,2023-07-24,30,30.8,18.82,-0.049,54.6,11400.0,11,30.7,18.35,0.05,53.6,34.33,14.1,-0.087,52.0,32.27,11.04,-0.105,50.1,18.625,-0.013250000000000001,53.825,7,1,0,11.0,9.0,10.5,14.0
Delhi,2023-07-31,31,28.81,21.18,-0.055,54.9,11404.3,12,33.38,17.79,0.029,54.2,31.32,19.54,-0.083,52.9,33.34,13.62,-0.109,51.1,19.034999999999997,-0.00625,54.325,7,1,0,11.0,10.0,11.0,10.0
Delhi,2023-08-07,32,30.41,10.77,-0.073,55.0,11396.8,14,30.8,18.82,-0.049,54.6,30.7,18.35,0.05,53.6,34.33,14.1,-0.087,52.0,17.14,-0.037000000000000005,54.675,8,1,0,12.0,10.0,12.0,11.0
Delhi,2023-08-14,33,28.77,20.1,-0.048,54.9,11402.7,15,28.81,21.18,-0.055,54.9,33.38,17.79,0.029,54.2,31.32,19.54,-0.083,52.9,17.717499999999998,-0.05625,54.85,8,1,0,14.0,11.0,13.0,12.0
Delhi,2023-08-21,34,28.91,14.75,-0.075,54.6,11404.0,14,30.41,10.77,-0.073,55.0,30.8,18.82,-0.049,54.6,30.7,18.35,0.05,53.6,16.7,-0.06275,54.849999999999994,8,1,0,15.0,11.0,13.75,10.0
Delhi,2023-08-28,35,29.11,17.88,-0.096,54.2,11407.1,10,28.77,20.1,-0.048,54.9,28.81,21.18,-0.055,54.9,33.38,17.79,0.029,54.2,15.874999999999996,-0.073,54.675000000000004,8,1,0,14.0,12.0,13.25,11.0
Delhi,2023-09-04,36,28.03,10.33,-0.091,53.6,11399.2,11,28.91,14.75,-0.075,54.6,30.41,10.77,-0.073,55.0,30.8,18.82,-0.049,54.6,15.764999999999999,-0.0775,54.324999999999996,9,1,1,10.0,14.0,12.5,12.0
Delhi,2023-09-11,37,26.09,14.86,-0.099,52.9,11397.3,12,29.11,17.88,-0.096,54.2,28.77,20.1,-0.048,54.9,28.81,21.18,-0.055,54.9,14.454999999999998,-0.09025000000000001,53.825,9,1,1,11.0,15.0,11.75,10.0
Delhi,2023-09-18,38,26.22,7.03,-0.136,52.0,11408.1,10,28.03,10.33,-0.091,53.6,28.91,14.75,-0.075,54.6,30.41,10.77,-0.073,55.0,12.524999999999999,-0.10550000000000001,53.175,9,1,1,12.0,14.0,10.75,9.0
Delhi,2023-09-25,39,24.02,8.93,-0.106,51.1,11410.4,11,26.09,14.86,-0.099,52.9,29.11,17.88,-0.096,54.2,28.77,20.1,-0.048,54.9,10.287499999999998,-0.10800000000000001,52.4,9,1,1,10.0,10.0,11.0,9.0
Delhi,2023-10-02,40,23.07,13.62,-0.065,50.1,11402.8,12,26.22,7.03,-0.136,52.0,28.03,10.33,-0.091,53.6,28.91,14.75,-0.075,54.6,11.109999999999998,-0.1015,51.525000000000006,10,0,1,11.0,11.0,11.25,6.0
Delhi,2023-10-09,41,23.01,5.3,-0.131,49.1,11403.9,10,24.02,8.93,-0.106,51.1,26.09,14.86,-0.099,52.9,29.11,17.88,-0.096,54.2,8.719999999999997,-0.10950000000000001,50.575,10,0,1,12.0,12.0,10.75,7.0
Delhi,2023-10-16,42,22.37,2.88,-0.139,48.1,11400.9,9,23.07,13.62,-0.065,50.1,26.22,7.03,-0.136,52.0,28.03,10.33,-0.091,53.6,7.682499999999997,-0.11025000000000001,49.6,10,0,1,10.0,10.0,10.5,7.0
Delhi,2023-10-23,43,22.0,2.0,-0.104,47.1,11404.5,9,23.01,5.3,-0.131,49.1,24.02,8.93,-0.106,51.1,26.09,14.86,-0.099,52.9,5.9499999999999975,-0.10975,48.6,10,0,1,9.0,11.0,10.0,5.0
Delhi,2023-10-30,44,20.74,1.43,-0.202,46.2,11405.5,6,22.37,2.88,-0.139,48.1,23.07,13.62,-0.065,50.1,26.22,7.03,-0.136,52.0,2.902499999999998,-0.14400000000000002,47.62500000000001,10,0,1,9.0,12.0,8.5,6.0
Delhi,2023-11-06,45,24.05,2.49,-0.153,45.3,11408.5,7,22.0,2.0,-0.104,47.1,23.01,5.3,-0.131,49.1,24.02,8.93,-0.106,51.1,2.1999999999999984,-0.1495,46.675,11,0,1,6.0,10.0,7.75,5.0
Delhi,2023-11-13,46,22.33,7.16,-0.176,44.5,11406.7,7,20.74,1.43,-0.202,46.2,22.37,2.88,-0.139,48.1,23.07,13.62,-0.065,50.1,3.2699999999999982,-0.15875,45.775,11,0,1,7.0,9.0,7.25,3.0
Delhi,2023-11-20,47,21.44,0.0,-0.239,43.7,11401.5,5,24.05,2.49,-0.153,45.3,22.0,2.0,-0.104,47.1,23.01,5.3,-0.131,49.1,2.7699999999999982,-0.1925,44.925000000000004,11,0,1,7.0,9.0,6.25,3.0
Delhi,2023-11-27,48,19.75,0.0,-0.129,43.1,11417.0,6,22.33,7.16,-0.176,44.5,20.74,1.43,-0.202,46.2,22.37,2.88,-0.139,48.1,2.4124999999999983,-0.17425000000000002,44.15,11,0,1,5.0,6.0,6.25,5.0
Guwahati,2019-02-18,8,23.92,4.07,-0.252,40.4,1401.7,2,19.87,2.49,-0.186,40.2,18.58,6.59,-0.11,40.1,18.45,4.09,-0.195,40.1,2.7325,-0.19224999999999998,40.275000000000006,2,0,0,1.0,3.0,2.25,4.0
Guwahati,2019-02-25,9,26.65,0.16,-0.208,40.6,1395.3,3,22.0,0.0,-0.184,40.3,21.41,4.37,-0.147,40.2,20.07,0.0,-0.149,40.1,1.6800000000000002,-0.2075,40.375,2,0,0,2.0,3.0,2.25,4.0
Guwahati,2019-03-04,10,24.16,0.0,-0.2,40.8,1400.2,5,23.92,4.07,-0.252,40.4,19.87,2.49,-0.186,40.2,18.58,6.59,-0.11,40.1,1.0575,-0.211,40.525,3,0,0,3.0,3.0,2.75,5.0
Guwahati,2019-03-11,11,25.66,0.0,-0.205,41.0,1399.6,2,26.65,0.16,-0.208,40.6,22.0,0.0,-0.184,40.3,21.41,4.37,-0.147,40.2,1.0575,-0.21625,40.699999999999996,3,0,0,5.0,1.0,3.0,3.0
Guwahati,2019-03-18,12,24.82,8.01,-0.152,41.3,1395.0,4,24.16,0.0,-0.2,40.8,23.92,4.07,-0.252,40.4,19.87,2.49,-0.186,40.2,2.0425,-0.19124999999999998,40.925,3,0,0,2.0,2.0,3.5,4.0
Guwahati,2019-03-25,13,24.25,0.0,-0.135,41.6,1402.4,4,25.66,0.0,-0.205,41.0,26.65,0.16,-0.208,40.6,22.0,0.0,-0.184,40.3,2.0025,-0.173,41.175,3,0,0,4.0,3.0,3.75,4.0
Guwahati,2019-04-01,14,24.7,1.65,-0.174,42.0,1406.8,5,24.82,8.01,-0.152,41.3,24.16,0.0,-0.2,40.8,23.92,4.07,-0.252,40.4,2.415,-0.1665,41.474999999999994,4,0,0,4.0,5.0,3.75,4.0
Guwahati,2019-04-08,15,28.53,4.32,-0.224,42.5,1404.1,3,24.25,0.0,-0.135,41.6,25.66,0.0,-0.205,41.0,26.65,0.16,-0.208,40.6,3.495,-0.17125,41.849999999999994,4,0,0,5.0,2.0,4.0,5.0
Guwahati,2019-04-15,16,28.75,6.38,-0.169,43.1,1403.2,4,24.7,1.65,-0.174,42.0,24.82,8.01,-0.152,41.3,24.16,0.0,-0.2,40.8,3.0875000000000004,-0.1755,42.300000000000004,4,0,0,3.0,4.0,4.0,6.0
Guwahati,2019-04-22,17,28.39,5.39,-0.152,43.7,1398.7,4,28.53,4.32,-0.224,42.5,24.25,0.0,-0.135,41.6,25.66,0.0,-0.205,41.0,4.4350000000000005,-0.17975,42.825,4,0,0,4.0,4.0,4.0,7.0
Guwahati,2019-04-29,18,31.1,4.68,-0.071,44.5,1399.1,4,28.75,6.38,-0.169,43.1,24.7,1.65,-0.174,42.0,24.82,8.01,-0.152,41.3,5.192500000000001,-0.154,43.45,4,0,0,4.0,5.0,3.75,8.0
Guwahati,2019-05-06,19,28.98,11.73,-0.113,45.3,1392.0,5,28.39,5.39,-0.152,43.7,28.53,4.32,-0.224,42.5,24.25,0.0,-0.135,41.6,7.045,-0.12625,44.15,5,0,0,4.0,3.0,4.25,8.0
Guwahati,2019-05-13,20,28.77,13.21,-0.092,46.2,1405.1,6,31.1,4.68,-0.071,44.5,28.75,6.38,-0.169,43.1,24.7,1.65,-0.174,42.0,8.7525,-0.10699999999999998,44.925000000000004,5,0,0,5.0,4.0,4.75,7.0
Guwahati,2019-05-20,21,31.21,9.33,-0.083,47.1,1388.7,7,28.98,11.73,-0.113,45.3,28.39,5.39,-0.152,43.7,28.53,4.32,-0.224,42.5,9.7375,-0.08975,45.775,5,0,0,6.0,4.0,5.5,9.0
Guwahati,2019-05-27,22,32.72,17.52,-0.039,48.1,1403.6,8,28.77,13.21,-0.092,46.2,31.1,4.68,-0.071,44.5,28.75,6.38,-0.169,43.1,12.9475,-0.08175,46.675,5,0,0,7.0,4.0,6.5,10.0
Guwahati,2019-06-03,23,28.34,13.16,-0.046,49.1,1407.1,8,31.21,9.33,-0.083,47.1,28.98,11.73,-0.113,45.3,28.39,5.39,-0.152,43.7,13.305,-0.065,47.625,6,1,0,8.0,5.0,7.25,32.0
Guwahati,2019-06-10,24,28.07,14.62,-0.065,50.1,1400.8,7,32.72,17.52,-0.039,48.1,28.77,13.21,-0.092,46.2,31.1,4.68,-0.071,44.5,13.6575,-0.05825,48.6,6,1,0,8.0,6.0,7.5,8.0
Guwahati,2019-06-17,25,29.68,30.14,0.028,51.1,1406.2,9,28.34,13.16,-0.046,49.1,31.21,9.33,-0.083,47.1,28.98,11.73,-0.113,45.3,18.86,-0.030500000000000006,49.6,6,1,0,7.0,7.0,8.0,10.0
Guwahati,2019-06-24,26,30.78,28.45,0.08,52.0,1403.3,10,28.07,14.62,-0.065,50.1,32.72,17.52,-0.039,48.1,28.77,13.21,-0.092,46.2,21.5925,-0.0007500000000000041,50.575,6,1,0,9.0,8.0,8.5,15.0
Guwahati,2019-07-01,27,26.72,28.69,-0.015,52.9,1398.4,32,29.68,30.14,0.028,51.1,28.34,13.16,-0.046,49.1,31.21,9.33,-0.083,47.1,25.475,0.0069999999999999975,51.525,7,1,0,10.0,8.0,14.5,16.0
Guwahati,2019-07-08,28,29.6,26.12,0.031,53.6,1403.1,8,30.78,28.45,0.08,52.0,28.07,14.62,-0.065,50.1,32.72,17.52,-0.039,48.1,28.35,0.031,52.4,7,1,0,32.0,7.0,14.75,11.0
Guwahati,2019-07-15,29,29.05,26.03,0.055,54.2,1404.0,10,26.72,28.69,-0.015,52.9,29.68,30.14,0.028,51.1,28.34,13.16,-0.046,49.1,27.3225,0.03775,53.175,7,1,0,8.0,9.0,15.0,16.0
Guwahati,2019-07-22,30,26.21,30.31,0.07,54.6,1403.2,15,29.6,26.12,0.031,53.6,30.78,28.45,0.08,52.0,28.07,14.62,-0.065,50.1,27.7875,0.035250000000000004,53.825,7,1,0,10.0,10.0,16.25,17.0
Guwahati,2019-07-29,31,28.21,27.51,0.024,54.9,1397.6,16,29.05,26.03,0.055,54.2,26.72,28.69,-0.015,52.9,29.68,30.14,0.028,51.1,27.4925,0.045000000000000005,54.325,7,1,0,15.0,32.0,12.25,14.0
Guwahati,2019-08-05,32,27.48,25.85,0.022,55.0,1396.6,11,26.21,30.31,0.07,54.6,29.6,26.12,0.031,53.6,30.78,28.45,0.08,52.0,27.425,0.04275,54.675,8,1,0,16.0,8.0,13.0,12.0
Guwahati,2019-08-12,33,24.93,30.21,0.076,54.9,1408.6,16,28.21,27.51,0.024,54.9,29.05,26.03,0.055,54.2,26.72,28.69,-0.015,52.9,28.47,0.048,54.85,8,1,0,11.0,10.0,14.5,16.0
Guwahati,2019-08-19,34,26.03,27.21,0.061,54.6,1407.4,17,27.48,25.85,0.022,55.0,26.21,30.31,0.07,54.6,29.6,26.12,0.031,53.6,27.695,0.04575,54.849999999999994,8,1,0,16.0,15.0,15.0,14.0
Guwahati,2019-08-26,35,25.51,22.15,0.02,54.2,1405.8,14,24.93,30.21,0.076,54.9,28.21,27.51,0.024,54.9,29.05,26.03,0.055,54.2,26.355,0.04475,54.675000000000004,8,1,0,17.0,16.0,14.5,14.0
Guwahati,2019-09-02,36,24.44,27.35,0.015,53.6,1402.7,12,26.03,27.21,0.061,54.6,27.48,25.85,0.022,55.0,26.21,30.31,0.07,54.6,26.73,0.04299999999999999,54.324999999999996,9,1,1,14.0,11.0,14.75,11.0
Guwahati,2019-09-09,37,22.51,20.56,0.033,52.9,1395.8,16,25.51,22.15,0.02,54.2,24.93,30.21,0.076,54.9,28.21,27.51,0.024,54.9,24.317500000000003,0.03225,53.825,9,1,1,12.0,16.0,14.75,10.0
Guwahati,2019-09-16,38,21.74,14.08,-0.073,52.0,1403.8,14,24.44,27.35,0.015,53.6,26.03,27.21,0.061,54.6,27.48,25.85,0.022,55.0,21.035,-0.0012500000000000011,53.175,9,1,1,16.0,17.0,14.0,9.0
Guwahati,2019-09-23,39,19.85,23.61,-0.043,51.1,1395.4,14,22.51,20.56,0.033,52.9,25.51,22.15,0.02,54.2,24.93,30.21,0.076,54.9,21.4,-0.017,52.4,9,1,1,14.0,14.0,14.0,7.0
Guwahati,2019-09-30,40,21.55,6.57,-0.147,50.1,1398.1,11,21.74,14.08,-0.073,52.0,24.44,27.35,0.015,53.6,26.03,27.21,0.061,54.6,16.205,-0.057499999999999996,51.525000000000006,9,1,1,14.0,12.0,13.75,7.0
Guwahati,2019-10-07,41,20.73,11.51,-0.165,49.1,1398.2,10,19.85,23.61,-0.043,51.1,22.51,20.56,0.033,52.9,25.51,22.15,0.02,54.2,13.942499999999999,-0.10700000000000001,50.575,10,0,1,11.0,16.0,12.25,7.0
Guwahati,2019-10-14,42,19.1,8.19,-0.151,48.1,1404.0,9,21.55,6.57,-0.147,50.1,21.74,14.08,-0.073,52.0,24.44,27.35,0.015,53.6,12.469999999999999,-0.1265,49.6,10,0,1,10.0,14.0,11.0,6.0
Guwahati,2019-10-21,43,18.07,5.56,-0.128,47.1,1398.9,7,20.73,11.51,-0.165,49.1,19.85,23.61,-0.043,51.1,22.51,20.56,0.033,52.9,7.9575,-0.14775,48.6,10,0,1,9.0,14.0,9.25,7.0
Guwahati,2019-10-28,44,17.43,3.91,-0.169,46.2,1391.4,7,19.1,8.19,-0.151,48.1,21.55,6.57,-0.147,50.1,21.74,14.08,-0.073,52.0,7.2924999999999995,-0.15325,47.62500000000001,10,0,1,7.0,11.0,8.25,5.0
Guwahati,2019-11-04,45,17.61,0.0,-0.176,45.3,1398.8,7,18.07,5.56,-0.128,47.1,20.73,11.51,-0.165,49.1,19.85,23.61,-0.043,51.1,4.414999999999999,-0.156,46.675,11,0,1,7.0,10.0,7.5,5.0
Guwahati,2019-11-11,46,17.87,4.37,-0.199,44.5,1403.3,6,17.43,3.91,-0.169,46.2,19.1,8.19,-0.151,48.1,21.55,6.57,-0.147,50.1,3.46,-0.168,45.775,11,0,1,7.0,9.0,6.75,5.0
Guwahati,2019-11-18,47,15.7,4.01,-0.16,43.7,1400.3,7,17.61,0.0,-0.176,45.3,18.07,5.56,-0.128,47.1,20.73,11.51,-0.165,49.1,3.0725000000000002,-0.17600000000000002,44.925000000000004,11,0,1,6.0,7.0,6.75,5.0
Guwahati,2019-11-25,48,18.24,6.48,-0.114,43.1,1401.7,5,17.87,4.37,-0.199,44.5,17.43,3.91,-0.169,46.2,19.1,8.19,-0.151,48.1,3.715,-0.16225,44.15,11,0,1,7.0,7.0,6.25,4.0
Guwahati,2019-12-02,49,17.45,9.02,-0.093,42.5,1400.2,5,15.7,4.01,-0.16,43.7,17.61,0.0,-0.176,45.3,18.07,5.56,-0.128,47.1,5.97,-0.14150000000000001,43.45,12,0,0,5.0,7.0,5.75,3.0
Guwahati,2019-12-09,50,18.71,2.57,-0.149,42.0,1404.8,5,18.24,6.48,-0.114,43.1,17.87,4.37,-0.199,44.5,17.43,3.91,-0.169,46.2,5.52,-0.129,42.825,12,0,0,5.0,6.0,5.5,4.0
Guwahati,2019-12-16,51,18.51,0.0,-0.201,41.6,1398.6,5,17.45,9.02,-0.093,42.5,15.7,4.01,-0.16,43.7,17.61,0.0,-0.176,45.3,4.5175,-0.13925,42.3,12,0,0,5.0,7.0,5.0,4.0
Guwahati,2019-12-23,52,19.98,0.0,-0.184,41.3,1402.0,4,18.71,2.57,-0.149,42.0,18.24,6.48,-0.114,43.1,17.87,4.37,-0.199,44.5,2.8975,-0.15675,41.85,12,0,0,5.0,5.0,4.75,4.0
Guwahati,2019-12-30,1,15.82,3.74,-0.153,40.0,1407.5,3,18.51,0.0,-0.201,41.6,17.45,9.02,-0.093,42.5,15.7,4.01,-0.16,43.7,1.5775000000000001,-0.17175,41.225,12,0,0,4.0,5.0,4.25,4.0
Guwahati,2020-01-06,2,18.54,0.0,-0.234,40.1,1395.1,4,19.98,0.0,-0.184,41.3,18.71,2.57,-0.149,42.0,18.24,6.48,-0.114,43.1,0.935,-0.193,40.75,1,0,0,3.0,5.0,4.0,4.0
Guwahati,2020-01-13,3,20.14,4.89,-0.188,40.1,1408.5,4,15.82,3.74,-0.153,40.0,18.51,0.0,-0.201,41.6,17.45,9.02,-0.093,42.5,2.1574999999999998,-0.18975,40.375,1,0,0,4.0,5.0,3.75,4.0
Guwahati,2020-01-20,4,19.86,0.02,-0.203,40.1,1403.8,4,18.54,0.0,-0.234,40.1,19.98,0.0,-0.184,41.3,18.71,2.57,-0.149,42.0,2.1625,-0.1945,40.075,1,0,0,4.0,4.0,3.75,2.0
Guwahati,2020-01-27,5,22.16,0.0,-0.162,40.2,1400.4,4,20.14,4.89,-0.188,40.1,15.82,3.74,-0.153,40.0,18.51,0.0,-0.201,41.6,1.2274999999999998,-0.19675,40.125,1,0,0,4.0,3.0,4.0,3.0
Guwahati,2020-02-03,6,19.35,0.0,-0.182,40.2,1399.4,4,19.86,0.02,-0.203,40.1,18.54,0.0,-0.234,40.1,19.98,0.0,-0.184,41.3,1.2274999999999998,-0.18375000000000002,40.150000000000006,2,0,0,4.0,4.0,4.0,4.0
Guwahati,2020-02-10,7,21.85,0.0,-0.193,40.3,1401.6,4,22.16,0.0,-0.162,40.2,20.14,4.89,-0.188,40.1,15.82,3.74,-0.153,40.0,0.005,-0.18500000000000003,40.2,2,0,0,4.0,4.0,4.0,4.0
Guwahati,2020-02-17,8,20.7,0.0,-0.177,40.4,1399.6,2,19.35,0.0,-0.182,40.2,19.86,0.02,-0.203,40.1,18.54,0.0,-0.234,40.1,0.0,-0.17850000000000002,40.275,2,0,0,4.0,4.0,3.5,3.0
Guwahati,2020-02-24,9,22.41,0.0,-0.178,40.6,1406.1,3,21.85,0.0,-0.193,40.3,22.16,0.0,-0.162,40.2,20.14,4.89,-0.188,40.1,0.0,-0.1825,40.375,2,0,0,2.0,4.0,3.25,2.0
Guwahati,2020-03-02,10,24.5,5.89,-0.216,40.8,1404.6,4,20.7,0.0,-0.177,40.4,19.35,0.0,-0.182,40.2,19.86,0.02,-0.203,40.1,1.4725,-0.191,40.525,3,0,0,3.0,4.0,3.25,3.0
Guwahati,2020-03-09,11,24.78,1.9,-0.139,41.0,1400.7,4,22.41,0.0,-0.178,40.6,21.85,0.0,-0.193,40.3,22.16,0.0,-0.162,40.2,1.9474999999999998,-0.1775,40.7,3,0,0,4.0,4.0,3.25,4.0
Guwahati,2020-03-16,12,24.8,0.27,-0.182,41.3,1404.1,3,24.5,5.89,-0.216,40.8,20.7,0.0,-0.177,40.4,19.35,0.0,-0.182,40.2,2.0149999999999997,-0.17875000000000002,40.925,3,0,0,4.0,2.0,3.5,4.0
Guwahati,2020-03-23,13,25.79,6.18,-0.204,41.6,1401.5,2,24.78,1.9,-0.139,41.0,22.41,0.0,-0.178,40.6,21.85,0.0,-0.193,40.3,3.5599999999999996,-0.18525,41.175,3,0,0,3.0,3.0,3.25,4.0
Guwahati,2020-03-30,14,28.72,4.52,-0.152,42.0,1404.7,3,24.8,0.27,-0.182,41.3,24.5,5.89,-0.216,40.8,20.7,0.0,-0.177,40.4,3.2174999999999994,-0.16925,41.475,3,0,0,2.0,4.0,3.0,5.0
Guwahati,2020-04-06,15,28.76,3.85,-0.133,42.5,1408.7,4,25.79,6.18,-0.204,41.6,24.78,1.9,-0.139,41.0,22.41,0.0,-0.178,40.6,3.705,-0.16775,41.85,4,0,0,3.0,4.0,3.0,7.0
Guwahati,2020-04-13,16,27.6,0.0,-0.175,43.1,1405.1,4,28.72,4.52,-0.152,42.0,24.8,0.27,-0.182,41.3,24.5,5.89,-0.216,40.8,3.6375,-0.166,42.3,4,0,0,4.0,3.0,3.25,5.0
Guwahati,2020-04-20,17,28.25,3.19,-0.192,43.7,1400.1,4,28.76,3.85,-0.133,42.5,25.79,6.18,-0.204,41.6,24.78,1.9,-0.139,41.0,2.89,-0.16300000000000003,42.825,4,0,0,4.0,2.0,3.75,6.0
Guwahati,2020-04-27,18,31.0,9.92,-0.094,44.5,1408.7,5,27.6,0.0,-0.175,43.1,28.72,4.52,-0.152,42.0,24.8,0.27,-0.182,41.3,4.24,-0.14850000000000002,43.45,4,0,0,4.0,3.0,4.25,8.0
Guwahati,2020-05-04,19,30.17,13.58,-0.082,45.3,1404.9,7,28.25,3.19,-0.192,43.7,28.76,3.85,-0.133,42.5,25.79,6.18,-0.204,41.6,6.672499999999999,-0.13575,44.150000000000006,5,0,0,5.0,4.0,5.0,9.0
Guwahati,2020-05-11,20,29.28,8.47,-0.07,46.2,1401.2,5,31.0,9.92,-0.094,44.5,27.6,0.0,-0.175,43.1,28.72,4.52,-0.152,42.0,8.79,-0.10950000000000001,44.925,5,0,0,7.0,4.0,5.25,7.0
Guwahati,2020-05-18,21,30.64,8.57,-0.104,47.1,1406.1,6,30.17,13.58,-0.082,45.3,28.25,3.19,-0.192,43.7,28.76,3.85,-0.133,42.5,10.135,-0.08750000000000002,45.775,5,0,0,5.0,4.0,5.75,8.0
Guwahati,2020-05-25,22,30.82,15.52,-0.065,48.1,1404.8,8,29.28,8.47,-0.07,46.2,31.0,9.92,-0.094,44.5,27.6,0.0,-0.175,43.1,11.535,-0.08025000000000002,46.675,5,0,0,6.0,5.0,6.5,10.0
Guwahati,2020-06-01,23,31.17,20.3,-0.016,49.1,1399.1,9,30.64,8.57,-0.104,47.1,30.17,13.58,-0.082,45.3,28.25,3.19,-0.192,43.7,13.215,-0.06375000000000001,47.625,6,1,0,8.0,7.0,7.0,10.0
Guwahati,2020-06-08,24,31.41,31.22,0.06,50.1,1403.8,7,30.82,15.52,-0.065,48.1,29.28,8.47,-0.07,46.2,31.0,9.92,-0.094,44.5,18.9025,-0.031250000000000014,48.6,6,1,0,9.0,5.0,7.5,13.0
Guwahati,2020-06-15,25,28.37,15.77,-0.032,51.1,1402.8,8,31.17,20.3,-0.016,49.1,30.64,8.57,-0.104,47.1,30.17,13.58,-0.082,45.3,20.7025,-0.013250000000000015,49.6,6,1,0,7.0,6.0,8.0,12.0
Guwahati,2020-06-22,26,29.37,23.98,-0.007,52.0,1410.5,10,31.41,31.22,0.06,50.1,30.82,15.52,-0.065,48.1,29.28,8.47,-0.07,46.2,22.8175,0.0012499999999999853,50.575,6,1,0,8.0,8.0,8.5,10.0
Guwahati,2020-06-29,27,30.04,23.57,-0.014,52.9,1399.0,10,28.37,15.77,-0.032,51.1,31.17,20.3,-0.016,49.1,30.64,8.57,-0.104,47.1,23.635,0.0017499999999999855,51.525,6,1,0,10.0,9.0,8.75,10.0
Guwahati,2020-07-06,28,28.52,18.51,-0.005,53.6,1406.2,13,29.37,23.98,-0.007,52.0,31.41,31.22,0.06,50.1,30.82,15.52,-0.065,48.1,20.457500000000003,-0.014500000000000013,52.4,7,1,0,10.0,7.0,10.25,11.0
Guwahati,2020-07-13,29,28.82,30.71,0.067,54.2,1406.2,12,30.04,23.57,-0.014,52.9,28.37,15.77,-0.032,51.1,31.17,20.3,-0.016,49.1,24.1925,0.010249999999999988,53.175000000000004,7,1,0,13.0,8.0,11.25,15.0
Guwahati,2020-07-20,30,27.6,22.21,0.011,54.6,1415.1,10,28.52,18.51,-0.005,53.6,29.37,23.98,-0.007,52.0,31.41,31.22,0.06,50.1,23.75,0.014749999999999989,53.825,7,1,0,12.0,10.0,11.25,14.0
Guwahati,2020-07-27,31,25.81,36.54,0.071,54.9,1409.3,10,28.82,30.71,0.067,54.2,30.04,23.57,-0.014,52.9,28.37,15.77,-0.032,51.1,26.9925,0.03599999999999999,54.325,7,1,0,10.0,10.0,11.25,13.0
Guwahati,2020-08-03,32,27.06,27.23,0.107,55.0,1404.6,11,27.6,22.21,0.011,54.6,28.52,18.51,-0.005,53.6,29.37,23.98,-0.007,52.0,29.172500000000003,0.06399999999999999,54.675000000000004,8,1,0,10.0,13.0,10.75,17.0
Guwahati,2020-08-10,33,27.31,26.45,0.107,54.9,1400.3,15,25.81,36.54,0.071,54.9,28.82,30.71,0.067,54.2,30.04,23.57,-0.014,52.9,28.1075,0.07399999999999998,54.849999999999994,8,1,0,11.0,12.0,11.5,20.0
Guwahati,2020-08-17,34,24.68,27.74,0.028,54.6,1404.3,14,27.06,27.23,0.107,55.0,27.6,22.21,0.011,54.6,28.52,18.51,-0.005,53.6,29.49,0.07824999999999999,54.85,8,1,0,15.0,10.0,12.5,15.0
Guwahati,2020-08-24,35,26.87,18.46,0.006,54.2,1407.5,13,27.31,26.45,0.107,54.9,25.81,36.54,0.071,54.9,28.82,30.71,0.067,54.2,24.97,0.061999999999999986,54.675,8,1,0,14.0,10.0,13.25,11.0
Guwahati,2020-08-31,36,25.53,19.27,0.01,53.6,1411.2,17,24.68,27.74,0.028,54.6,27.06,27.23,0.107,55.0,27.6,22.21,0.011,54.6,22.979999999999997,0.03774999999999999,54.325,8,1,0,13.0,11.0,14.75,9.0
Guwahati,2020-09-07,37,23.13,22.46,0.037,52.9,1399.9,20,26.87,18.46,0.006,54.2,27.31,26.45,0.107,54.9,25.81,36.54,0.071,54.9,21.9825,0.02024999999999999,53.825,9,1,1,17.0,15.0,16.0,10.0
Guwahati,2020-09-14,38,21.56,14.14,-0.031,52.0,1396.1,15,25.53,19.27,0.01,53.6,24.68,27.74,0.028,54.6,27.06,27.23,0.107,55.0,18.5825,0.005499999999999991,53.175,9,1,1,20.0,14.0,16.25,31.0
Guwahati,2020-09-21,39,21.73,4.53,-0.139,51.1,1400.3,11,23.13,22.46,0.037,52.9,26.87,18.46,0.006,54.2,27.31,26.45,0.107,54.9,15.100000000000001,-0.030750000000000013,52.400000000000006,9,1,1,15.0,13.0,15.75,6.0
Guwahati,2020-09-28,40,21.6,7.8,-0.119,50.1,1408.7,9,21.56,14.14,-0.031,52.0,25.53,19.27,0.01,53.6,24.68,27.74,0.028,54.6,12.2325,-0.06300000000000001,51.525,9,1,1,11.0,17.0,13.75,6.0
Guwahati,2020-10-05,41,17.13,9.24,-0.109,49.1,1415.4,10,21.73,4.53,-0.139,51.1,23.13,22.46,0.037,52.9,26.87,18.46,0.006,54.2,8.9275,-0.0995,50.575,10,0,1,9.0,20.0,11.25,6.0
Guwahati,2020-10-12,42,18.09,8.57,-0.138,48.1,1404.2,31,21.6,7.8,-0.119,50.1,21.56,14.14,-0.031,52.0,25.53,19.27,0.01,53.6,7.535,-0.12625000000000003,49.6,10,0,1,10.0,15.0,15.25,7.0
Guwahati,2020-10-19,43,20.2,2.23,-0.158,47.1,1413.0,6,17.13,9.24,-0.109,49.1,21.73,4.53,-0.139,51.1,23.13,22.46,0.037,52.9,6.96,-0.131,48.60000000000001,10,0,1,31.0,11.0,14.0,5.0
Guwahati,2020-10-26,44,20.32,8.88,-0.157,46.2,1406.5,6,18.09,8.57,-0.138,48.1,21.6,7.8,-0.119,50.1,21.56,14.14,-0.031,52.0,7.23,-0.1405,47.625,10,0,1,6.0,9.0,13.25,7.0
Guwahati,2020-11-02,45,18.39,8.03,-0.104,45.3,1403.7,6,20.2,2.23,-0.158,47.1,17.13,9.24,-0.109,49.1,21.73,4.53,-0.139,51.1,6.9275,-0.13925,46.675,11,0,1,6.0,10.0,12.25,4.0
Guwahati,2020-11-09,46,17.45,5.24,-0.19,44.5,1397.8,7,20.32,8.88,-0.157,46.2,18.09,8.57,-0.138,48.1,21.6,7.8,-0.119,50.1,6.095000000000001,-0.15225,45.775000000000006,11,0,1,6.0,31.0,6.25,6.0
Guwahati,2020-11-16,47,18.54,3.04,-0.148,43.7,1408.1,5,18.39,8.03,-0.104,45.3,20.2,2.23,-0.158,47.1,17.13,9.24,-0.109,49.1,6.2975,-0.14975,44.925,11,0,1,7.0,6.0,6.0,4.0
Guwahati,2020-11-23,48,17.64,0.0,-0.25,43.1,1404.5,7,17.45,5.24,-0.19,44.5,20.32,8.88,-0.157,46.2,18.09,8.57,-0.138,48.1,4.077500000000001,-0.173,44.15,11,0,1,5.0,6.0,6.25,5.0
Guwahati,2020-11-30,49,17.68,3.64,-0.21,42.5,1401.9,4,18.54,3.04,-0.148,43.7,18.39,8.03,-0.104,45.3,20.2,2.23,-0.158,47.1,2.98,-0.1995,43.45,11,0,1,7.0,6.0,5.75,4.0
Guwahati,2020-12-07,50,17.19,0.0,-0.176,42.0,1406.4,6,17.64,0.0,-0.25,43.1,17.45,5.24,-0.19,44.5,20.32,8.88,-0.157,46.2,1.67,-0.196,42.825,12,0,0,4.0,7.0,5.5,2.0
Guwahati,2020-12-14,51,19.47,4.16,-0.167,41.6,1407.3,4,17.68,3.64,-0.21,42.5,18.54,3.04,-0.148,43.7,18.39,8.03,-0.104,45.3,1.95,-0.20075,42.3,12,0,0,6.0,5.0,5.25,2.0
Guwahati,2020-12-21,52,16.84,2.08,-0.121,41.3,1398.9,5,17.19,0.0,-0.176,42.0,17.64,0.0,-0.25,43.1,17.45,5.24,-0.19,44.5,2.4699999999999998,-0.1685,41.85,12,0,0,4.0,7.0,4.75,2.0
Guwahati,2020-12-28,53,18.88,0.0,-0.202,41.0,1400.3,4,19.47,4.16,-0.167,41.6,17.68,3.64,-0.21,42.5,18.54,3.04,-0.148,43.7,1.5599999999999998,-0.16650000000000004,41.475,12,0,0,5.0,4.0,4.75,2.0
Guwahati,2021-01-04,1,16.88,0.0,-0.213,40.0,1405.2,2,16.84,2.08,-0.121,41.3,17.19,0.0,-0.176,42.0,17.64,0.0,-0.25,43.1,1.56,-0.17575000000000002,40.975,1,0,0,4.0,6.0,3.75,0.0
Guwahati,2021-01-11,2,18.63,0.25,-0.182,40.1,1412.2,2,18.88,0.0,-0.202,41.0,19.47,4.16,-0.167,41.6,17.68,3.64,-0.21,42.5,0.5825,-0.1795,40.6,1,0,0,2.0,4.0,3.25,3.0
Guwahati,2021-01-18,3,18.86,0.0,-0.174,40.1,1404.8,2,16.88,0.0,-0.213,40.0,16.84,2.08,-0.121,41.3,17.19,0.0,-0.176,42.0,0.0625,-0.19275,40.3,1,0,0,2.0,5.0,2.5,3.0
Guwahati,2021-01-25,4,19.53,0.0,-0.19,40.1,1399.6,2,18.63,0.25,-0.182,40.1,18.88,0.0,-0.202,41.0,19.47,4.16,-0.167,41.6,0.0625,-0.18975,40.075,1,0,0,2.0,4.0,2.0,4.0
Guwahati,2021-02-01,5,22.46,5.3,-0.165,40.2,1405.1,0,18.86,0.0,-0.174,40.1,16.88,0.0,-0.213,40.0,16.84,2.08,-0.121,41.3,1.3875,-0.17775000000000002,40.125,2,0,0,2.0,2.0,1.5,2.0
Guwahati,2021-02-08,6,23.48,0.0,-0.168,40.2,1404.0,3,19.53,0.0,-0.19,40.1,18.63,0.25,-0.182,40.1,18.88,0.0,-0.202,41.0,1.325,-0.17425000000000002,40.150000000000006,2,0,0,0.0,2.0,1.75,4.0
Guwahati,2021-02-15,7,22.17,2.37,-0.185,40.3,1401.3,3,22.46,5.3,-0.165,40.2,18.86,0.0,-0.174,40.1,16.88,0.0,-0.213,40.0,1.9175,-0.17700000000000002,40.2,2,0,0,3.0,2.0,2.0,2.0
Guwahati,2021-02-22,8,21.36,0.0,-0.194,40.4,1404.8,4,23.48,0.0,-0.168,40.2,19.53,0.0,-0.19,40.1,18.63,0.25,-0.182,40.1,1.9175,-0.17800000000000002,40.275000000000006,2,0,0,3.0,2.0,2.5,3.0
Guwahati,2021-03-01,9,24.57,0.0,-0.191,40.6,1404.0,2,22.17,2.37,-0.185,40.3,22.46,5.3,-0.165,40.2,18.86,0.0,-0.174,40.1,0.5925,-0.18450000000000003,40.375,3,0,0,4.0,0.0,3.0,2.0
Guwahati,2021-03-08,10,26.08,9.04,-0.129,40.8,1412.0,4,21.36,0.0,-0.194,40.4,23.48,0.0,-0.168,40.2,19.53,0.0,-0.19,40.1,2.8525,-0.17475000000000002,40.525,3,0,0,2.0,3.0,3.25,4.0
Guwahati,2021-03-15,11,25.18,3.12,-0.173,41.0,1403.1,2,24.57,0.0,-0.191,40.6,22.17,2.37,-0.185,40.3,22.46,5.3,-0.165,40.2,3.04,-0.17175,40.699999999999996,3,0,0,4.0,3.0,3.0,4.0
Guwahati,2021-03-22,12,26.32,7.68,-0.12,41.3,1412.0,3,26.08,9.04,-0.129,40.8,21.36,0.0,-0.194,40.4,23.48,0.0,-0.168,40.2,4.96,-0.15325000000000003,40.925,3,0,0,2.0,4.0,2.75,5.0
Guwahati,2021-03-29,13,26.88,0.0,-0.181,41.6,1403.9,2,25.18,3.12,-0.173,41.0,24.57,0.0,-0.191,40.6,22.17,2.37,-0.185,40.3,4.96,-0.15075,41.175,3,0,0,3.0,2.0,2.75,5.0
Guwahati,2021-04-05,14,27.52,3.43,-0.159,42.0,1404.3,4,26.32,7.68,-0.12,41.3,26.08,9.04,-0.129,40.8,21.36,0.0,-0.194,40.4,3.5575,-0.15825,41.474999999999994,4,0,0,2.0,4.0,2.75,6.0
Guwahati,2021-04-12,15,28.94,3.98,-0.139,42.5,1409.3,4,26.88,0.0,-0.181,41.6,25.18,3.12,-0.173,41.0,24.57,0.0,-0.191,40.6,3.7725,-0.14975000000000002,41.849999999999994,4,0,0,4.0,2.0,3.25,6.0
Guwahati,2021-04-19,16,30.13,12.23,-0.166,43.1,1412.4,5,27.52,3.43,-0.159,42.0,26.32,7.68,-0.12,41.3,26.08,9.04,-0.129,40.8,4.91,-0.16125000000000003,42.300000000000004,4,0,0,4.0,3.0,3.75,7.0
Guwahati,2021-04-26,17,28.83,5.82,-0.115,43.7,1402.9,5,28.94,3.98,-0.139,42.5,26.88,0.0,-0.181,41.6,25.18,3.12,-0.173,41.0,6.365,-0.14475000000000002,42.825,4,0,0,5.0,2.0,4.5,7.0
Guwahati,2021-05-03,18,29.56,10.29,-0.132,44.5,1408.6,6,30.13,12.23,-0.166,43.1,27.52,3.43,-0.159,42.0,26.32,7.68,-0.12,41.3,8.08,-0.138,43.45,5,0,0,5.0,4.0,5.0,7.0
Guwahati,2021-05-10,19,29.69,0.0,-0.149,45.3,1403.5,6,28.83,5.82,-0.115,43.7,28.94,3.98,-0.139,42.5,26.88,0.0,-0.181,41.6,7.085,-0.1405,44.15,5,0,0,6.0,4.0,5.5,9.0
Guwahati,2021-05-17,20,30.2,20.32,-0.072,46.2,1399.5,7,29.56,10.29,-0.132,44.5,30.13,12.23,-0.166,43.1,27.52,3.43,-0.159,42.0,9.1075,-0.117,44.925000000000004,5,0,0,6.0,5.0,6.0,8.0
Guwahati,2021-05-24,21,31.5,22.29,-0.031,47.1,1416.3,7,29.69,0.0,-0.149,45.3,28.83,5.82,-0.115,43.7,28.94,3.98,-0.139,42.5,13.225,-0.09600000000000002,45.775,5,0,0,7.0,5.0,6.5,9.0
Guwahati,2021-05-31,22,31.24,17.23,-0.031,48.1,1412.2,7,30.2,20.32,-0.072,46.2,29.56,10.29,-0.132,44.5,30.13,12.23,-0.166,43.1,14.96,-0.07075000000000001,46.675,5,0,0,7.0,6.0,6.75,10.0
Guwahati,2021-06-07,23,30.17,16.32,-0.083,49.1,1399.2,9,31.5,22.29,-0.031,47.1,29.69,0.0,-0.149,45.3,28.83,5.82,-0.115,43.7,19.04,-0.054250000000000013,47.625,6,1,0,7.0,6.0,7.5,11.0
Guwahati,2021-06-14,24,29.86,19.97,-0.052,50.1,1402.5,8,31.24,17.23,-0.031,48.1,30.2,20.32,-0.072,46.2,29.56,10.29,-0.132,44.5,18.9525,-0.049250000000000016,48.6,6,1,0,9.0,7.0,7.75,11.0
Guwahati,2021-06-21,25,29.54,27.78,0.003,51.1,1399.1,9,30.17,16.32,-0.083,49.1,31.5,22.29,-0.031,47.1,29.69,0.0,-0.149,45.3,20.325,-0.04075000000000001,49.6,6,1,0,8.0,7.0,8.25,10.0
Guwahati,2021-06-28,26,28.01,32.57,0.042,52.0,1402.3,10,29.86,19.97,-0.052,50.1,31.24,17.23,-0.031,48.1,30.2,20.32,-0.072,46.2,24.16,-0.022500000000000017,50.575,6,1,0,9.0,7.0,9.0,12.0
Guwahati,2021-07-05,27,28.69,32.55,0.069,52.9,1418.7,11,29.54,27.78,0.003,51.1,30.17,16.32,-0.083,49.1,31.5,22.29,-0.031,47.1,28.2175,0.01549999999999999,51.525,7,1,0,10.0,9.0,9.5,15.0
Guwahati,2021-07-12,28,26.22,22.93,0.024,53.6,1402.3,11,28.01,32.57,0.042,52.0,29.86,19.97,-0.052,50.1,31.24,17.23,-0.031,48.1,28.957500000000003,0.03449999999999999,52.4,7,1,0,11.0,8.0,10.25,14.0
Guwahati,2021-07-19,29,30.5,31.56,0.084,54.2,1406.6,10,28.69,32.55,0.069,52.9,29.54,27.78,0.003,51.1,30.17,16.32,-0.083,49.1,29.9025,0.05474999999999999,53.175,7,1,0,11.0,9.0,10.5,16.0
Guwahati,2021-07-26,30,28.77,36.75,0.135,54.6,1402.9,12,26.22,22.93,0.024,53.6,28.01,32.57,0.042,52.0,29.86,19.97,-0.052,50.1,30.947499999999998,0.07799999999999999,53.825,7,1,0,10.0,10.0,11.0,22.0
Guwahati,2021-08-02,31,29.51,33.73,0.061,54.9,1401.5,15,30.5,31.56,0.084,54.2,28.69,32.55,0.069,52.9,29.54,27.78,0.003,51.1,31.2425,0.07599999999999998,54.325,8,1,0,12.0,11.0,12.0,18.0
Guwahati,2021-08-09,32,24.66,32.46,0.121,55.0,1404.0,14,28.77,36.75,0.135,54.6,26.22,22.93,0.024,53.6,28.01,32.57,0.042,52.0,33.625,0.10024999999999998,54.675,8,1,0,15.0,11.0,12.75,18.0
Guwahati,2021-08-16,33,26.65,26.87,-0.027,54.9,1411.9,16,29.51,33.73,0.061,54.9,30.5,31.56,0.084,54.2,28.69,32.55,0.069,52.9,32.4525,0.0725,54.85,8,1,0,14.0,10.0,14.25,15.0
Guwahati,2021-08-23,34,26.16,25.06,-0.001,54.6,1404.9,22,24.66,32.46,0.121,55.0,28.77,36.75,0.135,54.6,26.22,22.93,0.024,53.6,29.53,0.038499999999999986,54.849999999999994,8,1,0,16.0,12.0,16.75,11.0
Guwahati,2021-08-30,35,23.69,21.48,0.033,54.2,1415.5,18,26.65,26.87,-0.027,54.9,29.51,33.73,0.061,54.9,30.5,31.56,0.084,54.2,26.4675,0.031499999999999986,54.675000000000004,8,1,0,22.0,15.0,17.5,10.0
Guwahati,2021-09-06,36,23.35,20.23,-0.023,53.6,1400.3,18,26.16,25.06,-0.001,54.6,24.66,32.46,0.121,55.0,28.77,36.75,0.135,54.6,23.41,-0.004500000000000013,54.324999999999996,9,1,1,18.0,14.0,18.5,10.0
Guwahati,2021-09-13,37,24.05,14.24,-0.095,52.9,1412.2,15,23.69,21.48,0.033,54.2,26.65,26.87,-0.027,54.9,29.51,33.73,0.061,54.9,20.252499999999998,-0.021500000000000012,53.825,9,1,1,18.0,16.0,18.25,9.0
Guwahati,2021-09-20,38,21.13,19.56,-0.042,52.0,1411.1,11,23.35,20.23,-0.023,53.6,26.16,25.06,-0.001,54.6,24.66,32.46,0.121,55.0,18.877499999999998,-0.031750000000000014,53.175,9,1,1,15.0,22.0,15.5,8.0
Guwahati,2021-09-27,39,21.56,14.3,-0.014,51.1,1404.2,10,24.05,14.24,-0.095,52.9,23.69,21.48,0.033,54.2,26.65,26.87,-0.027,54.9,17.0825,-0.04350000000000001,52.4,9,1,1,11.0,18.0,13.5,8.0
Guwahati,2021-10-04,40,20.29,3.36,-0.167,50.1,1402.6,10,21.13,19.56,-0.042,52.0,23.35,20.23,-0.023,53.6,26.16,25.06,-0.001,54.6,12.865,-0.07950000000000002,51.525000000000006,10,0,1,10.0,18.0,11.5,8.0
Guwahati,2021-10-11,41,18.77,9.89,-0.141,49.1,1392.6,9,21.56,14.3,-0.014,51.1,24.05,14.24,-0.095,52.9,23.69,21.48,0.033,54.2,11.7775,-0.09100000000000001,50.575,10,0,1,10.0,15.0,10.0,6.0
Guwahati,2021-10-18,42,18.55,6.75,-0.06,48.1,1404.7,8,20.29,3.36,-0.167,50.1,21.13,19.56,-0.042,52.0,23.35,20.23,-0.023,53.6,8.575,-0.09550000000000002,49.6,10,0,1,9.0,11.0,9.25,6.0
Guwahati,2021-10-25,43,19.1,6.64,-0.193,47.1,1423.8,8,18.77,9.89,-0.141,49.1,21.56,14.3,-0.014,51.1,24.05,14.24,-0.095,52.9,6.66,-0.14025,48.6,10,0,1,8.0,10.0,8.75,5.0
Guwahati,2021-11-01,44,19.72,8.2,-0.104,46.2,1422.4,8,18.55,6.75,-0.06,48.1,20.29,3.36,-0.167,50.1,21.13,19.56,-0.042,52.0,7.87,-0.1245,47.62500000000001,11,0,1,8.0,10.0,8.25,5.0
Guwahati,2021-11-08,45,19.42,0.0,-0.167,45.3,1407.1,6,19.1,6.64,-0.193,47.1,18.77,9.89,-0.141,49.1,21.56,14.3,-0.014,51.1,5.3975,-0.131,46.675,11,0,1,8.0,9.0,7.5,5.0
Guwahati,2021-11-15,46,20.63,0.0,-0.241,44.5,1410.1,6,19.72,8.2,-0.104,46.2,18.55,6.75,-0.06,48.1,20.29,3.36,-0.167,50.1,3.71,-0.17625000000000002,45.775,11,0,1,6.0,8.0,7.0,5.0
Guwahati,2021-11-22,47,20.58,2.25,-0.131,43.7,1411.0,5,19.42,0.0,-0.167,45.3,19.1,6.64,-0.193,47.1,18.77,9.89,-0.141,49.1,2.6125,-0.16075,44.925000000000004,11,0,1,6.0,8.0,6.25,4.0
Guwahati,2021-11-29,48,15.67,0.2,-0.167,43.1,1401.3,5,20.63,0.0,-0.241,44.5,19.72,8.2,-0.104,46.2,18.55,6.75,-0.06,48.1,0.6125,-0.17650000000000002,44.15,11,0,1,5.0,8.0,5.5,4.0
Guwahati,2021-12-06,49,17.69,0.46,-0.2,42.5,1404.7,5,20.58,2.25,-0.131,43.7,19.42,0.0,-0.167,45.3,19.1,6.64,-0.193,47.1,0.7275,-0.18475000000000003,43.45,12,0,0,5.0,6.0,5.25,4.0
Guwahati,2021-12-13,50,17.13,0.0,-0.171,42.0,1421.4,5,15.67,0.2,-0.167,43.1,20.63,0.0,-0.241,44.5,19.72,8.2,-0.104,46.2,0.7275,-0.16725,42.825,12,0,0,5.0,6.0,5.0,4.0
Guwahati,2021-12-20,51,20.0,0.0,-0.162,41.6,1418.3,4,17.69,0.46,-0.2,42.5,20.58,2.25,-0.131,43.7,19.42,0.0,-0.167,45.3,0.165,-0.17500000000000002,42.3,12,0,0,5.0,5.0,4.75,4.0
Guwahati,2021-12-27,52,18.51,6.41,-0.184,41.3,1410.1,4,17.13,0.0,-0.171,42.0,15.67,0.2,-0.167,43.1,20.63,0.0,-0.241,44.5,1.7175,-0.17925000000000002,41.85,12,0,0,4.0,5.0,4.5,4.0
Guwahati,2022-01-03,1,20.89,1.54,-0.118,40.0,1401.1,4,20.0,0.0,-0.162,41.6,17.69,0.46,-0.2,42.5,20.58,2.25,-0.131,43.7,1.9875,-0.15875000000000003,41.225,1,0,0,4.0,5.0,4.25,4.0
Guwahati,2022-01-10,2,20.21,0.0,-0.164,40.1,1400.4,4,18.51,6.41,-0.184,41.3,17.13,0.0,-0.171,42.0,15.67,0.2,-0.167,43.1,1.9875,-0.15700000000000003,40.75,1,0,0,4.0,5.0,4.0,2.0
Guwahati,2022-01-17,3,18.15,4.3,-0.24,40.1,1405.6,4,20.89,1.54,-0.118,40.0,20.0,0.0,-0.162,41.6,17.69,0.46,-0.2,42.5,3.0625,-0.1765,40.375,1,0,0,4.0,4.0,4.0,4.0
Guwahati,2022-01-24,4,19.31,0.0,-0.181,40.1,1402.0,4,20.21,0.0,-0.164,40.1,18.51,6.41,-0.184,41.3,17.13,0.0,-0.171,42.0,1.46,-0.17575000000000002,40.075,1,0,0,4.0,4.0,4.0,3.0
Guwahati,2022-01-31,5,18.83,0.68,-0.204,40.2,1413.4,4,18.15,4.3,-0.24,40.1,20.89,1.54,-0.118,40.0,20.0,0.0,-0.162,41.6,1.2449999999999999,-0.19725,40.125,1,0,0,4.0,4.0,4.0,3.0
Guwahati,2022-02-07,6,20.76,0.0,-0.139,40.2,1410.5,2,19.31,0.0,-0.181,40.1,20.21,0.0,-0.164,40.1,18.51,6.41,-0.184,41.3,1.2449999999999999,-0.191,40.150000000000006,2,0,0,4.0,4.0,3.5,4.0
Guwahati,2022-02-14,7,20.75,0.24,-0.202,40.3,1411.3,4,18.83,0.68,-0.204,40.2,18.15,4.3,-0.24,40.1,20.89,1.54,-0.118,40.0,0.23,-0.18150000000000002,40.2,2,0,0,2.0,4.0,3.5,5.0
Guwahati,2022-02-21,8,23.04,2.15,-0.215,40.4,1406.9,3,20.76,0.0,-0.139,40.2,19.31,0.0,-0.181,40.1,20.21,0.0,-0.164,40.1,0.7675,-0.19000000000000003,40.275,2,0,0,4.0,4.0,3.25,3.0
Guwahati,2022-02-28,9,23.9,1.63,-0.177,40.6,1402.2,3,20.75,0.24,-0.202,40.3,18.83,0.68,-0.204,40.2,18.15,4.3,-0.24,40.1,1.005,-0.18325000000000002,40.375,2,0,0,3.0,4.0,3.0,4.0
Guwahati,2022-03-07,10,26.02,5.8,-0.233,40.8,1403.3,4,23.04,2.15,-0.215,40.4,20.76,0.0,-0.139,40.2,19.31,0.0,-0.181,40.1,2.455,-0.20675000000000002,40.525,3,0,0,3.0,2.0,3.5,4.0
Guwahati,2022-03-14,11,23.97,4.0,-0.154,41.0,1410.7,5,23.9,1.63,-0.177,40.6,20.75,0.24,-0.202,40.3,18.83,0.68,-0.204,40.2,3.3949999999999996,-0.19475000000000003,40.7,3,0,0,4.0,4.0,3.75,3.0
Guwahati,2022-03-21,12,25.25,0.0,-0.139,41.3,1407.6,3,26.02,5.8,-0.233,40.8,23.04,2.15,-0.215,40.4,20.76,0.0,-0.139,40.2,2.8575,-0.17575000000000002,40.925,3,0,0,5.0,3.0,3.75,4.0
Guwahati,2022-03-28,13,25.02,5.12,-0.138,41.6,1413.9,4,23.97,4.0,-0.154,41.0,23.9,1.63,-0.177,40.6,20.75,0.24,-0.202,40.3,3.73,-0.16600000000000004,41.175,3,0,0,3.0,3.0,4.0,5.0
Guwahati,2022-04-04,14,26.12,0.0,-0.155,42.0,1407.7,4,25.25,0.0,-0.139,41.3,26.02,5.8,-0.233,40.8,23.04,2.15,-0.215,40.4,2.2800000000000002,-0.14650000000000002,41.475,4,0,0,4.0,4.0,4.0,5.0
Guwahati,2022-04-11,15,27.75,0.13,-0.186,42.5,1409.3,3,25.02,5.12,-0.138,41.6,23.97,4.0,-0.154,41.0,23.9,1.63,-0.177,40.6,1.3125,-0.15450000000000003,41.85,4,0,0,4.0,5.0,3.5,6.0
Guwahati,2022-04-18,16,26.64,12.45,-0.11,43.1,1401.1,4,26.12,0.0,-0.155,42.0,25.25,0.0,-0.139,41.3,26.02,5.8,-0.233,40.8,4.425,-0.14725000000000002,42.3,4,0,0,3.0,3.0,3.75,6.0
Guwahati,2022-04-25,17,29.72,0.56,-0.178,43.7,1410.5,5,27.75,0.13,-0.186,42.5,25.02,5.12,-0.138,41.6,23.97,4.0,-0.154,41.0,3.2849999999999997,-0.15725,42.825,4,0,0,4.0,4.0,4.0,7.0
Guwahati,2022-05-02,18,29.69,5.9,-0.185,44.5,1406.6,5,26.64,12.45,-0.11,43.1,26.12,0.0,-0.155,42.0,25.25,0.0,-0.139,41.3,4.76,-0.16475,43.45,5,0,0,5.0,4.0,4.25,8.0
Guwahati,2022-05-09,19,31.37,9.19,-0.105,45.3,1410.7,6,29.72,0.56,-0.178,43.7,27.75,0.13,-0.186,42.5,25.02,5.12,-0.138,41.6,7.0249999999999995,-0.14450000000000002,44.150000000000006,5,0,0,5.0,3.0,5.0,8.0
Guwahati,2022-05-16,20,29.66,5.08,-0.141,46.2,1416.9,6,29.69,5.9,-0.185,44.5,26.64,12.45,-0.11,43.1,26.12,0.0,-0.155,42.0,5.1825,-0.15225,44.925,5,0,0,6.0,4.0,5.5,8.0
Guwahati,2022-05-23,21,29.37,8.98,-0.108,47.1,1404.4,7,31.37,9.19,-0.105,45.3,29.72,0.56,-0.178,43.7,27.75,0.13,-0.186,42.5,7.2875000000000005,-0.13475,45.775,5,0,0,6.0,5.0,6.0,8.0
Guwahati,2022-05-30,22,28.51,13.67,-0.072,48.1,1408.7,8,29.66,5.08,-0.141,46.2,29.69,5.9,-0.185,44.5,26.64,12.45,-0.11,43.1,9.23,-0.10650000000000001,46.675,5,0,0,7.0,5.0,6.75,10.0
Guwahati,2022-06-06,23,29.63,14.81,-0.103,49.1,1413.7,8,29.37,8.98,-0.108,47.1,31.37,9.19,-0.105,45.3,29.72,0.56,-0.178,43.7,10.635000000000002,-0.10600000000000001,47.625,6,1,0,8.0,6.0,7.25,9.0
Guwahati,2022-06-13,24,31.1,28.97,0.019,50.1,1408.8,8,28.51,13.67,-0.072,48.1,29.66,5.08,-0.141,46.2,29.69,5.9,-0.185,44.5,16.6075,-0.06600000000000002,48.6,6,1,0,8.0,6.0,7.75,12.0
Guwahati,2022-06-20,25,29.16,20.15,0.033,51.1,1408.9,8,29.63,14.81,-0.103,49.1,29.37,8.98,-0.108,47.1,31.37,9.19,-0.105,45.3,19.4,-0.030750000000000013,49.6,6,1,0,8.0,7.0,8.0,14.0
Guwahati,2022-06-27,26,27.6,33.68,0.063,52.0,1408.6,10,31.1,28.97,0.019,50.1,28.51,13.67,-0.072,48.1,29.66,5.08,-0.141,46.2,24.4025,0.002999999999999989,50.575,6,1,0,8.0,8.0,8.5,14.0
Guwahati,2022-07-04,27,27.5,33.79,0.113,52.9,1412.2,9,29.16,20.15,0.033,51.1,29.63,14.81,-0.103,49.1,29.37,8.98,-0.108,47.1,29.1475,0.05699999999999999,51.525,7,1,0,10.0,8.0,8.75,20.0
Guwahati,2022-07-11,28,28.98,33.63,0.13,53.6,1409.3,12,27.6,33.68,0.063,52.0,31.1,28.97,0.019,50.1,28.51,13.67,-0.072,48.1,30.3125,0.08474999999999999,52.4,7,1,0,9.0,8.0,9.75,23.0
Guwahati,2022-07-18,29,29.27,27.16,0.048,54.2,1407.3,14,27.5,33.79,0.113,52.9,29.16,20.15,0.033,51.1,29.63,14.81,-0.103,49.1,32.065000000000005,0.08849999999999998,53.175000000000004,7,1,0,12.0,8.0,11.25,20.0
Guwahati,2022-07-25,30,27.33,29.55,0.081,54.6,1403.3,14,28.98,33.63,0.13,53.6,27.6,33.68,0.063,52.0,31.1,28.97,0.019,50.1,31.0325,0.09299999999999999,53.825,7,1,0,14.0,10.0,12.25,15.0
Guwahati,2022-08-01,31,26.83,39.27,0.17,54.9,1413.6,20,29.27,27.16,0.048,54.2,27.5,33.79,0.113,52.9,29.16,20.15,0.033,51.1,32.4025,0.10724999999999998,54.325,8,1,0,14.0,9.0,15.0,21.0
Guwahati,2022-08-08,32,25.78,38.99,0.186,55.0,1411.5,23,27.33,29.55,0.081,54.6,28.98,33.63,0.13,53.6,27.6,33.68,0.063,52.0,33.7425,0.12125,54.675000000000004,8,1,0,20.0,12.0,17.75,30.0
Guwahati,2022-08-15,33,24.96,25.09,0.1,54.9,1405.0,20,26.83,39.27,0.17,54.9,29.27,27.16,0.048,54.2,27.5,33.79,0.113,52.9,33.225,0.13424999999999998,54.849999999999994,8,1,0,23.0,14.0,19.25,23.0
Guwahati,2022-08-22,34,25.15,31.7,0.077,54.6,1411.4,15,25.78,38.99,0.186,55.0,27.33,29.55,0.081,54.6,28.98,33.63,0.13,53.6,33.7625,0.13324999999999998,54.85,8,1,0,20.0,14.0,19.5,19.0
Guwahati,2022-08-29,35,24.95,22.24,0.005,54.2,1406.0,21,24.96,25.09,0.1,54.9,26.83,39.27,0.17,54.9,29.27,27.16,0.048,54.2,29.505,0.09199999999999998,54.675,8,1,0,15.0,20.0,19.75,12.0
Guwahati,2022-09-05,36,23.25,26.62,0.042,53.6,1410.7,30,25.15,31.7,0.077,54.6,25.78,38.99,0.186,55.0,27.33,29.55,0.081,54.6,26.4125,0.05599999999999999,54.325,9,1,1,21.0,23.0,21.5,10.0
Guwahati,2022-09-12,37,24.97,19.67,-0.025,52.9,1411.9,23,24.95,22.24,0.005,54.2,24.96,25.09,0.1,54.9,26.83,39.27,0.17,54.9,25.0575,0.024749999999999987,53.825,9,1,1,30.0,20.0,22.25,10.0
Guwahati,2022-09-19,38,21.41,16.91,-0.041,52.0,1405.6,19,23.25,26.62,0.042,53.6,25.15,31.7,0.077,54.6,25.78,38.99,0.186,55.0,21.36,-0.004750000000000015,53.175,9,1,1,23.0,15.0,23.25,8.0
Guwahati,2022-09-26,39,22.93,20.01,-0.063,51.1,1412.0,12,24.97,19.67,-0.025,52.9,24.95,22.24,0.005,54.2,24.96,25.09,0.1,54.9,20.802500000000002,-0.021750000000000016,52.400000000000006,9,1,1,19.0,21.0,21.0,7.0
Guwahati,2022-10-03,40,22.79,12.09,-0.068,50.1,1402.6,10,21.41,16.91,-0.041,52.0,23.25,26.62,0.042,53.6,25.15,31.7,0.077,54.6,17.17,-0.049250000000000016,51.525,10,0,1,12.0,30.0,16.0,6.0
Guwahati,2022-10-10,41,17.49,3.41,-0.156,49.1,1404.8,10,22.93,20.01,-0.063,51.1,24.97,19.67,-0.025,52.9,24.95,22.24,0.005,54.2,13.105,-0.08200000000000002,50.575,10,0,1,10.0,23.0,12.75,6.0
Guwahati,2022-10-17,42,18.62,2.87,-0.171,48.1,1410.0,8,22.79,12.09,-0.068,50.1,21.41,16.91,-0.041,52.0,23.25,26.62,0.042,53.6,9.595,-0.11450000000000002,49.6,10,0,1,10.0,19.0,10.0,6.0
Guwahati,2022-10-24,43,20.06,9.88,-0.137,47.1,1415.6,7,17.49,3.41,-0.156,49.1,22.93,20.01,-0.063,51.1,24.97,19.67,-0.025,52.9,7.0625,-0.133,48.60000000000001,10,0,1,8.0,12.0,8.75,6.0
Guwahati,2022-10-31,44,18.72,0.0,-0.2,46.2,1405.2,6,18.62,2.87,-0.171,48.1,22.79,12.09,-0.068,50.1,21.41,16.91,-0.041,52.0,4.04,-0.16600000000000004,47.625,10,0,1,7.0,10.0,7.75,4.0
Guwahati,2022-11-07,45,20.2,3.92,-0.212,45.3,1401.3,6,20.06,9.88,-0.137,47.1,17.49,3.41,-0.156,49.1,22.93,20.01,-0.063,51.1,4.1675,-0.18000000000000002,46.675,11,0,1,6.0,10.0,6.75,3.0
Guwahati,2022-11-14,46,19.89,8.67,-0.179,44.5,1412.0,6,18.72,0.0,-0.2,46.2,18.62,2.87,-0.171,48.1,22.79,12.09,-0.068,50.1,5.6175,-0.182,45.775000000000006,11,0,1,6.0,8.0,6.25,5.0
Guwahati,2022-11-21,47,16.76,2.26,-0.173,43.7,1416.6,6,20.2,3.92,-0.212,45.3,20.06,9.88,-0.137,47.1,17.49,3.41,-0.156,49.1,3.7125,-0.191,44.925,11,0,1,6.0,7.0,6.0,5.0
Guwahati,2022-11-28,48,18.51,3.44,-0.193,43.1,1411.1,4,19.89,8.67,-0.179,44.5,18.72,0.0,-0.2,46.2,18.62,2.87,-0.171,48.1,4.5725,-0.18925000000000003,44.15,11,0,1,6.0,6.0,5.5,5.0
Guwahati,2022-12-05,49,18.05,0.0,-0.191,42.5,1406.2,3,16.76,2.26,-0.173,43.7,20.2,3.92,-0.212,45.3,20.06,9.88,-0.137,47.1,3.5925,-0.18400000000000002,43.45,12,0,0,4.0,6.0,4.75,2.0
Guwahati,2022-12-12,50,16.46,0.0,-0.222,42.0,1410.4,5,18.51,3.44,-0.193,43.1,19.89,8.67,-0.179,44.5,18.72,0.0,-0.2,46.2,1.4249999999999998,-0.19475,42.825,12,0,0,3.0,6.0,4.5,5.0
Guwahati,2022-12-19,51,17.7,0.0,-0.13,41.6,1412.9,5,18.05,0.0,-0.191,42.5,16.76,2.26,-0.173,43.7,20.2,3.92,-0.212,45.3,0.86,-0.18400000000000002,42.3,12,0,0,5.0,6.0,4.25,4.0
Guwahati,2022-12-26,52,15.35,2.77,-0.169,41.3,1420.2,5,16.46,0.0,-0.222,42.0,18.51,3.44,-0.193,43.1,19.89,8.67,-0.179,44.5,0.6925,-0.17800000000000002,41.85,12,0,0,5.0,4.0,4.5,3.0
Guwahati,2023-01-02,1,19.9,0.0,-0.207,40.0,1407.0,2,17.7,0.0,-0.13,41.6,18.05,0.0,-0.191,42.5,16.76,2.26,-0.173,43.7,0.6925,-0.18200000000000002,41.225,1,0,0,5.0,3.0,4.25,3.0
Guwahati,2023-01-09,2,18.67,0.0,-0.234,40.1,1414.3,5,15.35,2.77,-0.169,41.3,16.46,0.0,-0.222,42.0,18.51,3.44,-0.193,43.1,0.6925,-0.185,40.75,1,0,0,2.0,5.0,4.25,3.0
Guwahati,2023-01-16,3,18.62,0.0,-0.195,40.1,1405.8,4,19.9,0.0,-0.207,40.0,17.7,0.0,-0.13,41.6,18.05,0.0,-0.191,42.5,0.6925,-0.20125,40.375,1,0,0,5.0,5.0,4.0,4.0
Guwahati,2023-01-23,4,19.8,5.32,-0.226,40.1,1409.0,3,18.67,0.0,-0.234,40.1,15.35,2.77,-0.169,41.3,16.46,0.0,-0.222,42.0,1.33,-0.21550000000000002,40.075,1,0,0,4.0,5.0,3.5,4.0
Guwahati,2023-01-30,5,19.96,0.0,-0.184,40.2,1409.8,3,18.62,0.0,-0.195,40.1,19.9,0.0,-0.207,40.0,17.7,0.0,-0.13,41.6,1.33,-0.20975000000000002,40.125,1,0,0,3.0,2.0,3.75,2.0
Guwahati,2023-02-06,6,22.2,0.0,-0.257,40.2,1420.2,3,19.8,5.32,-0.226,40.1,18.67,0.0,-0.234,40.1,15.35,2.77,-0.169,41.3,1.33,-0.21550000000000002,40.150000000000006,2,0,0,3.0,5.0,3.25,3.0
Guwahati,2023-02-13,7,20.16,0.0,-0.215,40.3,1416.1,4,19.96,0.0,-0.184,40.2,18.62,0.0,-0.195,40.1,19.9,0.0,-0.207,40.0,1.33,-0.2205,40.2,2,0,0,3.0,4.0,3.25,2.0
Guwahati,2023-02-20,8,22.57,5.75,-0.169,40.4,1411.1,4,22.2,0.0,-0.257,40.2,19.8,5.32,-0.226,40.1,18.67,0.0,-0.234,40.1,1.4375,-0.20625000000000002,40.275000000000006,2,0,0,4.0,3.0,3.5,4.0
Guwahati,2023-02-27,9,24.44,0.0,-0.192,40.6,1408.7,2,20.16,0.0,-0.215,40.3,19.96,0.0,-0.184,40.2,18.62,0.0,-0.195,40.1,1.4375,-0.20825000000000005,40.375,2,0,0,4.0,3.0,3.25,5.0
Guwahati,2023-03-06,10,23.74,0.0,-0.229,40.8,1408.6,3,22.57,5.75,-0.169,40.4,22.2,0.0,-0.257,40.2,19.8,5.32,-0.226,40.1,1.4375,-0.20125000000000004,40.525,3,0,0,2.0,3.0,3.25,2.0
Guwahati,2023-03-13,11,24.63,0.0,-0.232,41.0,1409.7,2,24.44,0.0,-0.192,40.6,20.16,0.0,-0.215,40.3,19.96,0.0,-0.184,40.2,1.4375,-0.20550000000000004,40.699999999999996,3,0,0,3.0,4.0,2.75,5.0
Guwahati,2023-03-20,12,24.1,7.16,-0.113,41.3,1422.3,4,23.74,0.0,-0.229,40.8,22.57,5.75,-0.169,40.4,22.2,0.0,-0.257,40.2,1.79,-0.19150000000000003,40.925,3,0,0,2.0,4.0,2.75,4.0
Guwahati,2023-03-27,13,26.76,1.11,-0.189,41.6,1407.1,5,24.63,0.0,-0.232,41.0,24.44,0.0,-0.192,40.6,20.16,0.0,-0.215,40.3,2.0675,-0.19075000000000003,41.175,3,0,0,4.0,2.0,3.5,6.0
Guwahati,2023-04-03,14,28.03,9.44,-0.16,42.0,1409.7,2,24.1,7.16,-0.113,41.3,23.74,0.0,-0.229,40.8,22.57,5.75,-0.169,40.4,4.4275,-0.17350000000000002,41.474999999999994,4,0,0,5.0,3.0,3.25,4.0
Guwahati,2023-04-10,15,28.39,0.0,-0.162,42.5,1407.5,5,26.76,1.11,-0.189,41.6,24.63,0.0,-0.232,41.0,24.44,0.0,-0.192,40.6,4.4275,-0.15600000000000003,41.849999999999994,4,0,0,2.0,2.0,4.0,6.0
Guwahati,2023-04-17,16,25.25,13.39,-0.097,43.1,1417.3,4,28.03,9.44,-0.16,42.0,24.1,7.16,-0.113,41.3,23.74,0.0,-0.229,40.8,5.984999999999999,-0.15200000000000002,42.300000000000004,4,0,0,5.0,4.0,4.0,7.0
Guwahati,2023-04-24,17,27.19,4.21,-0.188,43.7,1423.8,6,28.39,0.0,-0.162,42.5,26.76,1.11,-0.189,41.6,24.63,0.0,-0.232,41.0,6.76,-0.15175000000000002,42.825,4,0,0,4.0,5.0,4.25,6.0
Guwahati,2023-05-01,18,29.8,9.33,-0.095,44.5,1403.8,4,25.25,13.39,-0.097,43.1,28.03,9.44,-0.16,42.0,24.1,7.16,-0.113,41.3,6.732500000000001,-0.1355,43.45,5,0,0,6.0,2.0,4.75,7.0
Guwahati,2023-05-08,19,28.27,9.73,-0.152,45.3,1412.9,6,27.19,4.21,-0.188,43.7,28.39,0.0,-0.162,42.5,26.76,1.11,-0.189,41.6,9.165,-0.13300000000000003,44.15,5,0,0,4.0,5.0,5.0,6.0
Guwahati,2023-05-15,20,31.24,13.07,-0.09,46.2,1418.1,7,29.8,9.33,-0.095,44.5,25.25,13.39,-0.097,43.1,28.03,9.44,-0.16,42.0,9.085,-0.13125000000000003,44.925000000000004,5,0,0,6.0,4.0,5.75,9.0
Guwahati,2023-05-22,21,27.34,15.39,-0.073,47.1,1419.0,6,28.27,9.73,-0.152,45.3,27.19,4.21,-0.188,43.7,28.39,0.0,-0.162,42.5,11.879999999999999,-0.10250000000000002,45.775,5,0,0,7.0,6.0,5.75,7.0
Guwahati,2023-05-29,22,31.07,18.58,0.004,48.1,1414.8,7,31.24,13.07,-0.09,46.2,29.8,9.33,-0.095,44.5,25.25,13.39,-0.097,43.1,14.192499999999999,-0.07775000000000003,46.675,5,0,0,6.0,4.0,6.5,8.0
Guwahati,2023-06-05,23,29.17,15.65,-0.026,49.1,1414.0,6,27.34,15.39,-0.073,47.1,28.27,9.73,-0.152,45.3,27.19,4.21,-0.188,43.7,15.6725,-0.04625000000000003,47.625,6,1,0,7.0,6.0,6.5,9.0
Guwahati,2023-06-12,24,28.83,22.2,-0.018,50.1,1410.7,9,31.07,18.58,0.004,48.1,31.24,13.07,-0.09,46.2,29.8,9.33,-0.095,44.5,17.955,-0.028250000000000025,48.6,6,1,0,6.0,7.0,7.0,8.0
Guwahati,2023-06-19,25,32.66,24.27,-0.052,51.1,1418.1,7,29.17,15.65,-0.026,49.1,27.34,15.39,-0.073,47.1,28.27,9.73,-0.152,45.3,20.175,-0.023000000000000027,49.6,6,1,0,9.0,6.0,7.25,10.0
Guwahati,2023-06-26,26,30.8,20.3,-0.019,52.0,1417.1,8,28.83,22.2,-0.018,50.1,31.07,18.58,0.004,48.1,31.24,13.07,-0.09,46.2,20.605,-0.02875000000000003,50.575,6,1,0,7.0,7.0,7.5,13.0
Guwahati,2023-07-03,27,28.86,32.09,0.037,52.9,1408.0,9,32.66,24.27,-0.052,51.1,29.17,15.65,-0.026,49.1,27.34,15.39,-0.073,47.1,24.715,-0.013000000000000025,51.525,7,1,0,8.0,6.0,8.25,13.0
Guwahati,2023-07-10,28,29.05,21.82,0.044,53.6,1407.5,8,30.8,20.3,-0.019,52.0,28.83,22.2,-0.018,50.1,31.07,18.58,0.004,48.1,24.619999999999997,0.002499999999999971,52.4,7,1,0,9.0,9.0,8.0,13.0
Guwahati,2023-07-17,29,26.54,27.83,0.009,54.2,1406.0,10,28.86,32.09,0.037,52.9,32.66,24.27,-0.052,51.1,29.17,15.65,-0.026,49.1,25.509999999999998,0.01774999999999997,53.175,7,1,0,8.0,7.0,8.75,12.0
Guwahati,2023-07-24,30,27.2,19.67,0.034,54.6,1413.9,13,29.05,21.82,0.044,53.6,30.8,20.3,-0.019,52.0,28.83,22.2,-0.018,50.1,25.3525,0.030999999999999972,53.825,7,1,0,10.0,8.0,10.0,13.0
Guwahati,2023-07-31,31,28.46,24.02,-0.049,54.9,1414.3,13,26.54,27.83,0.009,54.2,28.86,32.09,0.037,52.9,32.66,24.27,-0.052,51.1,23.335,0.009499999999999972,54.325,7,1,0,13.0,9.0,11.0,12.0
Guwahati,2023-08-07,32,26.17,23.12,0.011,55.0,1411.1,13,27.2,19.67,0.034,54.6,29.05,21.82,0.044,53.6,30.8,20.3,-0.019,52.0,23.660000000000004,0.0012499999999999725,54.675,8,1,0,13.0,8.0,12.25,10.0
Guwahati,2023-08-14,33,25.19,22.56,0.016,54.9,1418.6,12,28.46,24.02,-0.049,54.9,26.54,27.83,0.009,54.2,28.86,32.09,0.037,52.9,22.342499999999998,0.0029999999999999727,54.85,8,1,0,13.0,10.0,12.75,11.0
Guwahati,2023-08-21,34,26.99,23.8,0.034,54.6,1415.9,13,26.17,23.12,0.011,55.0,27.2,19.67,0.034,54.6,29.05,21.82,0.044,53.6,23.375,0.002999999999999973,54.849999999999994,8,1,0,12.0,13.0,12.75,12.0
Guwahati,2023-08-28,35,25.91,29.64,0.031,54.2,1419.5,12,25.19,22.56,0.016,54.9,28.46,24.02,-0.049,54.9,26.54,27.83,0.009,54.2,24.78,0.022999999999999972,54.675000000000004,8,1,0,13.0,13.0,12.5,12.0
Guwahati,2023-09-04,36,25.08,17.15,-0.029,53.6,1411.7,10,26.99,23.8,0.034,54.6,26.17,23.12,0.011,55.0,27.2,19.67,0.034,54.6,23.287499999999998,0.012999999999999973,54.324999999999996,9,1,1,12.0,13.0,11.75,12.0
Guwahati,2023-09-11,37,23.5,13.4,-0.034,52.9,1415.9,11,25.91,29.64,0.031,54.2,25.19,22.56,0.016,54.9,28.46,24.02,-0.049,54.9,20.997500000000002,0.0004999999999999727,53.825,9,1,1,10.0,12.0,11.5,8.0
Guwahati,2023-09-18,38,22.08,16.78,-0.053,52.0,1424.1,12,25.08,17.15,-0.029,53.6,26.99,23.8,0.034,54.6,26.17,23.12,0.011,55.0,19.2425,-0.021250000000000026,53.175,9,1,1,11.0,13.0,11.25,7.0
Guwahati,2023-09-25,39,21.58,3.97,-0.097,51.1,1405.9,12,23.5,13.4,-0.034,52.9,25.91,29.64,0.031,54.2,25.19,22.56,0.016,54.9,12.825,-0.053250000000000026,52.4,9,1,1,12.0,12.0,11.25,7.0
Guwahati,2023-10-02,40,21.51,10.29,-0.13,50.1,1412.4,12,22.08,16.78,-0.053,52.0,25.08,17.15,-0.029,53.6,26.99,23.8,0.034,54.6,11.11,-0.07850000000000003,51.525000000000006,10,0,1,12.0,10.0,11.75,6.0
Guwahati,2023-10-09,41,21.24,16.34,-0.1,49.1,1417.6,8,21.58,3.97,-0.097,51.1,23.5,13.4,-0.034,52.9,25.91,29.64,0.031,54.2,11.845,-0.09500000000000003,50.575,10,0,1,12.0,11.0,11.0,7.0
Guwahati,2023-10-16,42,17.92,12.68,-0.007,48.1,1413.2,7,21.51,10.29,-0.13,50.1,22.08,16.78,-0.053,52.0,25.08,17.15,-0.029,53.6,10.82,-0.08350000000000002,49.6,10,0,1,8.0,12.0,9.75,7.0
Guwahati,2023-10-23,43,20.97,10.39,-0.105,47.1,1411.5,7,21.24,16.34,-0.1,49.1,21.58,3.97,-0.097,51.1,23.5,13.4,-0.034,52.9,12.425,-0.08550000000000003,48.6,10,0,1,7.0,12.0,8.5,7.0
Guwahati,2023-10-30,44,19.61,5.63,-0.191,46.2,1408.7,6,17.92,12.68,-0.007,48.1,21.51,10.29,-0.13,50.1,22.08,16.78,-0.053,52.0,11.260000000000002,-0.10075000000000003,47.62500000000001,10,0,1,7.0,12.0,7.0,5.0
Guwahati,2023-11-06,45,19.34,0.0,-0.172,45.3,1420.3,7,20.97,10.39,-0.105,47.1,21.24,16.34,-0.1,49.1,21.58,3.97,-0.097,51.1,7.175,-0.11875000000000004,46.675,11,0,1,6.0,8.0,6.75,5.0
Guwahati,2023-11-13,46,17.61,1.97,-0.234,44.5,1416.8,7,19.61,5.63,-0.191,46.2,17.92,12.68,-0.007,48.1,21.51,10.29,-0.13,50.1,4.4975000000000005,-0.17550000000000004,45.775,11,0,1,7.0,7.0,6.75,5.0
Guwahati,2023-11-20,47,18.77,3.31,-0.171,43.7,1407.5,7,19.34,0.0,-0.172,45.3,20.97,10.39,-0.105,47.1,21.24,16.34,-0.1,49.1,2.7275,-0.19200000000000006,44.925000000000004,11,0,1,7.0,7.0,6.75,5.0
Guwahati,2023-11-27,48,18.64,0.0,-0.201,43.1,1416.8,5,17.61,1.97,-0.234,44.5,19.61,5.63,-0.191,46.2,17.92,12.68,-0.007,48.1,1.32,-0.19450000000000003,44.15,11,0,1,7.0,6.0,6.5,4.0
Kochi,2019-02-18,8,25.11,2.23,-0.213,40.4,6337.0,5,26.54,6.17,-0.166,40.2,22.06,10.73,-0.074,40.1,22.47,0.0,-0.216,40.1,2.985,-0.16875,40.275000000000006,2,0,0,3.0,4.0,3.5,4.0
Kochi,2019-02-25,9,27.83,9.39,-0.095,40.6,6345.7,2,28.26,0.0,-0.166,40.3,23.82,3.54,-0.13,40.2,26.0,1.56,-0.167,40.1,4.4475,-0.16,40.375,2,0,0,5.0,4.0,3.0,4.0
Kochi,2019-03-04,10,29.1,0.0,-0.188,40.8,6339.3,3,25.11,2.23,-0.213,40.4,26.54,6.17,-0.166,40.2,22.06,10.73,-0.074,40.1,2.9050000000000002,-0.16549999999999998,40.525,3,0,0,2.0,2.0,3.25,5.0
Kochi,2019-03-11,11,29.35,0.0,-0.234,41.0,6349.6,5,27.83,9.39,-0.095,40.6,28.26,0.0,-0.166,40.3,23.82,3.54,-0.13,40.2,2.9050000000000002,-0.1825,40.699999999999996,3,0,0,3.0,3.0,3.75,6.0
Kochi,2019-03-18,12,31.22,0.0,-0.238,41.3,6337.9,4,29.1,0.0,-0.188,40.8,25.11,2.23,-0.213,40.4,26.54,6.17,-0.166,40.2,2.3475,-0.18875,40.925,3,0,0,5.0,5.0,3.5,7.0
Kochi,2019-03-25,13,31.02,6.77,-0.148,41.6,6343.3,4,29.35,0.0,-0.234,41.0,27.83,9.39,-0.095,40.6,28.26,0.0,-0.166,40.3,1.6925,-0.20199999999999999,41.175,3,0,0,4.0,2.0,4.0,7.0
Kochi,2019-04-01,14,31.28,3.64,-0.178,42.0,6341.4,5,31.22,0.0,-0.238,41.3,29.1,0.0,-0.188,40.8,25.11,2.23,-0.213,40.4,2.6025,-0.1995,41.474999999999994,4,0,0,4.0,3.0,4.5,8.0
Kochi,2019-04-08,15,29.82,3.49,-0.174,42.5,6345.2,6,31.02,6.77,-0.148,41.6,29.35,0.0,-0.234,41.0,27.83,9.39,-0.095,40.6,3.475,-0.1845,41.849999999999994,4,0,0,5.0,5.0,4.75,7.0
Kochi,2019-04-15,16,30.65,3.95,-0.177,43.1,6337.0,7,31.28,3.64,-0.178,42.0,31.22,0.0,-0.238,41.3,29.1,0.0,-0.188,40.8,4.4625,-0.16925,42.300000000000004,4,0,0,6.0,4.0,5.5,6.0
Kochi,2019-04-22,17,32.98,11.7,-0.127,43.7,6341.0,7,29.82,3.49,-0.174,42.5,31.02,6.77,-0.148,41.6,29.35,0.0,-0.234,41.0,5.695,-0.16399999999999998,42.825,4,0,0,7.0,4.0,6.25,10.0
Kochi,2019-04-29,18,32.51,0.0,-0.149,44.5,6344.0,8,30.65,3.95,-0.177,43.1,31.28,3.64,-0.178,42.0,31.22,0.0,-0.238,41.3,4.785,-0.15675,43.45,4,0,0,7.0,5.0,7.0,10.0
Kochi,2019-05-06,19,33.82,12.02,-0.172,45.3,6351.5,7,32.98,11.7,-0.127,43.7,29.82,3.49,-0.174,42.5,31.02,6.77,-0.148,41.6,6.9174999999999995,-0.15625,44.15,5,0,0,8.0,6.0,7.25,9.0
Kochi,2019-05-13,20,32.58,13.57,-0.131,46.2,6348.1,6,32.51,0.0,-0.149,44.5,30.65,3.95,-0.177,43.1,31.28,3.64,-0.178,42.0,9.3225,-0.14475,44.925000000000004,5,0,0,7.0,7.0,7.0,11.0
Kochi,2019-05-20,21,33.65,18.28,-0.035,47.1,6346.7,10,33.82,12.02,-0.172,45.3,32.98,11.7,-0.127,43.7,29.82,3.49,-0.174,42.5,10.967500000000001,-0.12175,45.775,5,0,0,6.0,7.0,7.75,9.0
Kochi,2019-05-27,22,34.76,10.13,-0.076,48.1,6344.3,10,32.58,13.57,-0.131,46.2,32.51,0.0,-0.149,44.5,30.65,3.95,-0.177,43.1,13.5,-0.1035,46.675,5,0,0,10.0,8.0,8.25,12.0
Kochi,2019-06-03,23,35.95,23.24,-0.077,49.1,6341.1,9,33.65,18.28,-0.035,47.1,33.82,12.02,-0.172,45.3,32.98,11.7,-0.127,43.7,16.305,-0.07975,47.625,6,1,0,10.0,7.0,8.75,13.0
Kochi,2019-06-10,24,34.58,18.76,0.001,50.1,6343.4,11,34.76,10.13,-0.076,48.1,32.58,13.57,-0.131,46.2,32.51,0.0,-0.149,44.5,17.6025,-0.04675,48.6,6,1,0,9.0,6.0,10.0,14.0
Kochi,2019-06-17,25,33.73,27.91,0.023,51.1,6352.3,9,35.95,23.24,-0.077,49.1,33.65,18.28,-0.035,47.1,33.82,12.02,-0.172,45.3,20.009999999999998,-0.03225,49.6,6,1,0,11.0,10.0,9.75,13.0
Kochi,2019-06-24,26,33.32,30.02,-0.004,52.0,6344.3,12,34.58,18.76,0.001,50.1,34.76,10.13,-0.076,48.1,32.58,13.57,-0.131,46.2,24.9825,-0.014249999999999999,50.575,6,1,0,9.0,10.0,10.25,14.0
Kochi,2019-07-01,27,31.48,26.38,0.095,52.9,6341.3,13,33.73,27.91,0.023,51.1,35.95,23.24,-0.077,49.1,33.65,18.28,-0.035,47.1,25.7675,0.02875,51.525,7,1,0,12.0,9.0,11.25,14.0
Kochi,2019-07-08,28,33.14,40.02,0.138,53.6,6349.6,14,33.32,30.02,-0.004,52.0,34.58,18.76,0.001,50.1,34.76,10.13,-0.076,48.1,31.082500000000003,0.063,52.4,7,1,0,13.0,11.0,12.0,24.0
Kochi,2019-07-15,29,32.52,29.47,0.026,54.2,6338.4,13,31.48,26.38,0.095,52.9,33.73,27.91,0.023,51.1,35.95,23.24,-0.077,49.1,31.472500000000004,0.06375,53.175,7,1,0,14.0,9.0,13.0,20.0
Kochi,2019-07-22,30,33.54,35.06,0.055,54.6,6347.2,14,33.14,40.02,0.138,53.6,33.32,30.02,-0.004,52.0,34.58,18.76,0.001,50.1,32.7325,0.0785,53.825,7,1,0,13.0,12.0,13.5,18.0
Kochi,2019-07-29,31,31.32,39.25,0.158,54.9,6341.6,14,32.52,29.47,0.026,54.2,31.48,26.38,0.095,52.9,33.73,27.91,0.023,51.1,35.95,0.09425,54.325,7,1,0,14.0,13.0,13.75,24.0
Kochi,2019-08-05,32,33.09,27.66,0.069,55.0,6347.2,24,33.54,35.06,0.055,54.6,33.14,40.02,0.138,53.6,33.32,30.02,-0.004,52.0,32.86,0.077,54.675,8,1,0,14.0,14.0,16.25,23.0
Kochi,2019-08-12,33,29.34,28.04,0.01,54.9,6342.4,20,31.32,39.25,0.158,54.9,32.52,29.47,0.026,54.2,31.48,26.38,0.095,52.9,32.5025,0.073,54.85,8,1,0,24.0,13.0,18.0,16.0
Kochi,2019-08-19,34,30.04,27.48,0.122,54.6,6349.4,18,33.09,27.66,0.069,55.0,33.54,35.06,0.055,54.6,33.14,40.02,0.138,53.6,30.607499999999998,0.08975,54.849999999999994,8,1,0,20.0,14.0,19.0,15.0
Kochi,2019-08-26,35,29.26,23.24,0.039,54.2,6357.0,24,29.34,28.04,0.01,54.9,31.32,39.25,0.158,54.9,32.52,29.47,0.026,54.2,26.605,0.06,54.675000000000004,8,1,0,18.0,14.0,21.5,19.0
Kochi,2019-09-02,36,28.78,23.05,0.062,53.6,6346.3,23,30.04,27.48,0.122,54.6,33.09,27.66,0.069,55.0,33.54,35.06,0.055,54.6,25.4525,0.058249999999999996,54.324999999999996,9,1,1,24.0,24.0,21.25,16.0
Kochi,2019-09-09,37,25.15,17.67,-0.044,52.9,6350.6,16,29.26,23.24,0.039,54.2,29.34,28.04,0.01,54.9,31.32,39.25,0.158,54.9,22.86,0.04475,53.825,9,1,1,23.0,20.0,20.25,14.0
Kochi,2019-09-16,38,27.11,24.41,-0.039,52.0,6357.1,15,28.78,23.05,0.062,53.6,30.04,27.48,0.122,54.6,33.09,27.66,0.069,55.0,22.0925,0.0045000000000000005,53.175,9,1,1,16.0,18.0,19.5,8.0
Kochi,2019-09-23,39,26.46,17.05,-0.011,51.1,6342.4,19,25.15,17.67,-0.044,52.9,29.26,23.24,0.039,54.2,29.34,28.04,0.01,54.9,20.545,-0.008,52.4,9,1,1,15.0,24.0,18.25,9.0
Kochi,2019-09-30,40,24.12,14.0,-0.071,50.1,6351.1,16,27.11,24.41,-0.039,52.0,28.78,23.05,0.062,53.6,30.04,27.48,0.122,54.6,18.2825,-0.041249999999999995,51.525000000000006,9,1,1,19.0,23.0,16.5,7.0
Kochi,2019-10-07,41,24.81,21.32,0.011,49.1,6352.1,14,26.46,17.05,-0.011,51.1,25.15,17.67,-0.044,52.9,29.26,23.24,0.039,54.2,19.195,-0.0275,50.575,10,0,1,16.0,16.0,16.0,8.0
Kochi,2019-10-14,42,24.01,12.95,-0.102,48.1,6344.9,8,24.12,14.0,-0.071,50.1,27.11,24.41,-0.039,52.0,28.78,23.05,0.062,53.6,16.330000000000002,-0.04325,49.6,10,0,1,14.0,15.0,14.25,7.0
Kochi,2019-10-21,43,22.65,5.8,-0.075,47.1,6352.8,9,24.81,21.32,0.011,49.1,26.46,17.05,-0.011,51.1,25.15,17.67,-0.044,52.9,13.5175,-0.05925,48.6,10,0,1,8.0,19.0,11.75,6.0
Kochi,2019-10-28,44,21.97,7.93,-0.141,46.2,6350.2,7,24.01,12.95,-0.102,48.1,24.12,14.0,-0.071,50.1,27.11,24.41,-0.039,52.0,12.0,-0.07674999999999998,47.62500000000001,10,0,1,9.0,16.0,9.5,5.0
Kochi,2019-11-04,45,24.46,4.53,-0.202,45.3,6348.9,8,22.65,5.8,-0.075,47.1,24.81,21.32,0.011,49.1,26.46,17.05,-0.011,51.1,7.8025,-0.13,46.675,11,0,1,7.0,14.0,8.0,5.0
Kochi,2019-11-11,46,22.24,10.89,-0.106,44.5,6355.7,7,21.97,7.93,-0.141,46.2,24.01,12.95,-0.102,48.1,24.12,14.0,-0.071,50.1,7.2875,-0.131,45.775,11,0,1,8.0,8.0,7.75,5.0
Kochi,2019-11-18,47,23.13,0.0,-0.182,43.7,6350.4,6,24.46,4.53,-0.202,45.3,22.65,5.8,-0.075,47.1,24.81,21.32,0.011,49.1,5.8375,-0.15775,44.925000000000004,11,0,1,7.0,9.0,7.0,4.0
Kochi,2019-11-25,48,21.47,0.0,-0.167,43.1,6357.5,5,22.24,10.89,-0.106,44.5,21.97,7.93,-0.141,46.2,24.01,12.95,-0.102,48.1,3.855,-0.16425,44.15,11,0,1,6.0,7.0,6.5,4.0
Kochi,2019-12-02,49,22.52,1.76,-0.194,42.5,6347.5,5,23.13,0.0,-0.182,43.7,24.46,4.53,-0.202,45.3,22.65,5.8,-0.075,47.1,3.1625,-0.16225,43.45,12,0,0,5.0,8.0,5.75,25.0
Kochi,2019-12-09,50,22.41,0.0,-0.238,42.0,6357.7,5,21.47,0.0,-0.167,43.1,22.24,10.89,-0.106,44.5,21.97,7.93,-0.141,46.2,0.44,-0.19525,42.825,12,0,0,5.0,7.0,5.25,4.0
Kochi,2019-12-16,51,21.94,4.01,-0.156,41.6,6350.9,4,22.52,1.76,-0.194,42.5,23.13,0.0,-0.182,43.7,24.46,4.53,-0.202,45.3,1.4425,-0.18875,42.3,12,0,0,5.0,6.0,4.75,4.0
Kochi,2019-12-23,52,21.67,3.35,-0.169,41.3,6354.0,4,22.41,0.0,-0.238,42.0,21.47,0.0,-0.167,43.1,22.24,10.89,-0.106,44.5,2.28,-0.18925,41.85,12,0,0,4.0,5.0,4.5,4.0
Kochi,2019-12-30,1,22.9,0.0,-0.166,40.0,6354.8,25,21.94,4.01,-0.156,41.6,22.52,1.76,-0.194,42.5,23.13,0.0,-0.182,43.7,1.8399999999999999,-0.18225000000000002,41.225,12,0,0,4.0,5.0,9.5,2.0
Kochi,2020-01-06,2,22.74,0.86,-0.186,40.1,6354.6,4,21.67,3.35,-0.169,41.3,22.41,0.0,-0.238,42.0,21.47,0.0,-0.167,43.1,2.055,-0.16925,40.75,1,0,0,25.0,5.0,9.25,2.0
Kochi,2020-01-13,3,22.35,4.05,-0.199,40.1,6357.8,4,22.9,0.0,-0.166,40.0,21.94,4.01,-0.156,41.6,22.52,1.76,-0.194,42.5,2.065,-0.18,40.375,1,0,0,4.0,4.0,9.25,3.0
Kochi,2020-01-20,4,25.46,3.66,-0.135,40.1,6359.2,4,22.74,0.86,-0.186,40.1,21.67,3.35,-0.169,41.3,22.41,0.0,-0.238,42.0,2.1425,-0.17149999999999999,40.075,1,0,0,4.0,4.0,9.25,3.0
Kochi,2020-01-27,5,25.16,10.89,-0.132,40.2,6360.2,2,22.35,4.05,-0.199,40.1,22.9,0.0,-0.166,40.0,21.94,4.01,-0.156,41.6,4.865,-0.16300000000000003,40.125,1,0,0,4.0,25.0,3.5,3.0
Kochi,2020-02-03,6,25.79,10.21,-0.073,40.2,6354.9,2,25.46,3.66,-0.135,40.1,22.74,0.86,-0.186,40.1,21.67,3.35,-0.169,41.3,7.202500000000001,-0.13475,40.150000000000006,2,0,0,2.0,4.0,3.0,4.0
Kochi,2020-02-10,7,25.53,4.1,-0.106,40.3,6355.9,3,25.16,10.89,-0.132,40.2,22.35,4.05,-0.199,40.1,22.9,0.0,-0.166,40.0,7.215,-0.1115,40.2,2,0,0,2.0,4.0,2.75,5.0
Kochi,2020-02-17,8,26.51,0.0,-0.253,40.4,6354.5,3,25.79,10.21,-0.073,40.2,25.46,3.66,-0.135,40.1,22.74,0.86,-0.186,40.1,6.300000000000001,-0.14100000000000001,40.275,2,0,0,3.0,4.0,2.5,3.0
Kochi,2020-02-24,9,27.54,0.0,-0.26,40.6,6351.3,3,25.53,4.1,-0.106,40.3,25.16,10.89,-0.132,40.2,22.35,4.05,-0.199,40.1,3.5775,-0.173,40.375,2,0,0,3.0,2.0,2.75,5.0
Kochi,2020-03-02,10,28.39,0.0,-0.171,40.8,6353.9,4,26.51,0.0,-0.253,40.4,25.79,10.21,-0.073,40.2,25.46,3.66,-0.135,40.1,1.025,-0.1975,40.525,3,0,0,3.0,2.0,3.25,6.0
Kochi,2020-03-09,11,26.97,2.36,-0.237,41.0,6354.3,5,27.54,0.0,-0.26,40.6,25.53,4.1,-0.106,40.3,25.16,10.89,-0.132,40.2,0.59,-0.23024999999999998,40.7,3,0,0,4.0,3.0,3.75,4.0
Kochi,2020-03-16,12,31.49,12.72,-0.12,41.3,6348.9,3,28.39,0.0,-0.171,40.8,26.51,0.0,-0.253,40.4,25.79,10.21,-0.073,40.2,3.77,-0.19699999999999998,40.925,3,0,0,5.0,3.0,3.75,5.0
Kochi,2020-03-23,13,31.58,0.0,-0.145,41.6,6350.3,5,26.97,2.36,-0.237,41.0,27.54,0.0,-0.26,40.6,25.53,4.1,-0.106,40.3,3.77,-0.16825,41.175,3,0,0,3.0,3.0,4.25,9.0
Kochi,2020-03-30,14,31.6,1.53,-0.131,42.0,6354.4,6,31.49,12.72,-0.12,41.3,28.39,0.0,-0.171,40.8,26.51,0.0,-0.253,40.4,4.1525,-0.15825,41.475,3,0,0,5.0,4.0,4.75,9.0
Kochi,2020-04-06,15,31.25,11.17,-0.174,42.5,6354.6,4,31.58,0.0,-0.145,41.6,26.97,2.36,-0.237,41.0,27.54,0.0,-0.26,40.6,6.355,-0.14250000000000002,41.85,4,0,0,6.0,5.0,4.5,8.0
Kochi,2020-04-13,16,32.48,20.4,-0.024,43.1,6361.0,5,31.6,1.53,-0.131,42.0,31.49,12.72,-0.12,41.3,28.39,0.0,-0.171,40.8,8.275,-0.11850000000000001,42.3,4,0,0,4.0,3.0,5.0,8.0
Kochi,2020-04-20,17,31.09,3.04,-0.109,43.7,6359.9,9,31.25,11.17,-0.174,42.5,31.58,0.0,-0.145,41.6,26.97,2.36,-0.237,41.0,9.035,-0.1095,42.825,4,0,0,5.0,5.0,6.0,8.0
Kochi,2020-04-27,18,30.96,3.34,-0.179,44.5,6351.9,9,32.48,20.4,-0.024,43.1,31.6,1.53,-0.131,42.0,31.49,12.72,-0.12,41.3,9.4875,-0.1215,43.45,4,0,0,9.0,6.0,6.75,8.0
Kochi,2020-05-04,19,32.57,4.9,-0.168,45.3,6353.9,8,31.09,3.04,-0.109,43.7,31.25,11.17,-0.174,42.5,31.58,0.0,-0.145,41.6,7.920000000000001,-0.12,44.150000000000006,5,0,0,9.0,4.0,7.75,9.0
Kochi,2020-05-11,20,33.93,16.37,-0.133,46.2,6349.9,8,30.96,3.34,-0.179,44.5,32.48,20.4,-0.024,43.1,31.6,1.53,-0.131,42.0,6.912500000000001,-0.14725,44.925,5,0,0,8.0,5.0,8.5,10.0
Kochi,2020-05-18,21,35.5,17.23,-0.031,47.1,6360.3,8,32.57,4.9,-0.168,45.3,31.09,3.04,-0.109,43.7,31.25,11.17,-0.174,42.5,10.46,-0.12775,45.775,5,0,0,8.0,9.0,8.25,11.0
Kochi,2020-05-25,22,33.55,24.53,-0.013,48.1,6358.8,8,33.93,16.37,-0.133,46.2,30.96,3.34,-0.179,44.5,32.48,20.4,-0.024,43.1,15.7575,-0.08625000000000001,46.675,5,0,0,8.0,9.0,8.0,10.0
Kochi,2020-06-01,23,33.57,17.92,0.005,49.1,6360.7,9,35.5,17.23,-0.031,47.1,32.57,4.9,-0.168,45.3,31.09,3.04,-0.109,43.7,19.012500000000003,-0.043000000000000003,47.625,6,1,0,8.0,8.0,8.25,11.0
Kochi,2020-06-08,24,34.48,32.01,0.044,50.1,6366.2,10,33.55,24.53,-0.013,48.1,33.93,16.37,-0.133,46.2,30.96,3.34,-0.179,44.5,22.9225,0.0012499999999999994,48.6,6,1,0,9.0,8.0,8.75,15.0
Kochi,2020-06-15,25,34.78,23.33,0.014,51.1,6357.0,11,33.57,17.92,0.005,49.1,35.5,17.23,-0.031,47.1,32.57,4.9,-0.168,45.3,24.4475,0.012499999999999999,49.6,6,1,0,10.0,8.0,9.5,15.0
Kochi,2020-06-22,26,35.76,29.63,0.062,52.0,6360.3,10,34.48,32.01,0.044,50.1,33.55,24.53,-0.013,48.1,33.93,16.37,-0.133,46.2,25.722499999999997,0.03125,50.575,6,1,0,11.0,8.0,10.0,18.0
Kochi,2020-06-29,27,34.58,35.96,0.143,52.9,6355.7,11,34.78,23.33,0.014,51.1,33.57,17.92,0.005,49.1,35.5,17.23,-0.031,47.1,30.2325,0.06575,51.525,6,1,0,10.0,9.0,10.5,22.0
Kochi,2020-07-06,28,31.86,22.8,0.06,53.6,6358.8,15,35.76,29.63,0.062,52.0,34.48,32.01,0.044,50.1,33.55,24.53,-0.013,48.1,27.93,0.06975,52.4,7,1,0,11.0,10.0,11.75,23.0
Kochi,2020-07-13,29,33.55,37.68,0.08,54.2,6367.5,15,34.58,35.96,0.143,52.9,34.78,23.33,0.014,51.1,33.57,17.92,0.005,49.1,31.517500000000002,0.08625,53.175000000000004,7,1,0,15.0,11.0,12.75,19.0
Kochi,2020-07-20,30,33.02,35.23,0.178,54.6,6356.0,18,31.86,22.8,0.06,53.6,35.76,29.63,0.062,52.0,34.48,32.01,0.044,50.1,32.917500000000004,0.11524999999999999,53.825,7,1,0,15.0,10.0,14.75,23.0
Kochi,2020-07-27,31,32.21,34.8,0.132,54.9,6355.3,22,33.55,37.68,0.08,54.2,34.58,35.96,0.143,52.9,34.78,23.33,0.014,51.1,32.6275,0.11249999999999999,54.325,7,1,0,18.0,11.0,17.5,24.0
Kochi,2020-08-03,32,31.6,30.61,0.072,55.0,6358.5,23,33.02,35.23,0.178,54.6,31.86,22.8,0.06,53.6,35.76,29.63,0.062,52.0,34.58,0.1155,54.675000000000004,8,1,0,22.0,15.0,19.5,23.0
Kochi,2020-08-10,33,29.46,27.59,0.034,54.9,6355.8,19,32.21,34.8,0.132,54.9,33.55,37.68,0.08,54.2,34.58,35.96,0.143,52.9,32.0575,0.104,54.849999999999994,8,1,0,23.0,15.0,20.5,14.0
Kochi,2020-08-17,34,28.59,22.92,-0.062,54.6,6363.5,23,31.6,30.61,0.072,55.0,33.02,35.23,0.178,54.6,31.86,22.8,0.06,53.6,28.98,0.044,54.85,8,1,0,19.0,18.0,21.75,15.0
Kochi,2020-08-24,35,27.74,30.75,0.058,54.2,6361.2,24,29.46,27.59,0.034,54.9,32.21,34.8,0.132,54.9,33.55,37.68,0.08,54.2,27.9675,0.025500000000000002,54.675,8,1,0,23.0,22.0,22.25,12.0
Kochi,2020-08-31,36,29.49,20.17,-0.042,53.6,6359.2,23,28.59,22.92,-0.062,54.6,31.6,30.61,0.072,55.0,33.02,35.23,0.178,54.6,25.357499999999998,-0.002999999999999999,54.325,8,1,0,24.0,23.0,22.25,14.0
Kochi,2020-09-07,37,26.41,16.97,0.021,52.9,6365.4,14,27.74,30.75,0.058,54.2,29.46,27.59,0.034,54.9,32.21,34.8,0.132,54.9,22.7025,-0.0062499999999999995,53.825,9,1,1,23.0,19.0,21.0,10.0
Kochi,2020-09-14,38,26.41,6.48,-0.084,52.0,6362.2,15,29.49,20.17,-0.042,53.6,28.59,22.92,-0.062,54.6,31.6,30.61,0.072,55.0,18.5925,-0.01175,53.175,9,1,1,14.0,23.0,19.0,9.0
Kochi,2020-09-21,39,26.63,16.12,-0.116,51.1,6357.6,12,26.41,16.97,0.021,52.9,27.74,30.75,0.058,54.2,29.46,27.59,0.034,54.9,14.935000000000002,-0.05525000000000001,52.400000000000006,9,1,1,15.0,24.0,16.0,9.0
Kochi,2020-09-28,40,23.84,7.09,-0.126,50.1,6357.2,14,26.41,6.48,-0.084,52.0,29.49,20.17,-0.042,53.6,28.59,22.92,-0.062,54.6,11.665000000000001,-0.07625000000000001,51.525,9,1,1,12.0,23.0,13.75,32.0
Kochi,2020-10-05,41,26.23,7.33,-0.118,49.1,6351.4,10,26.63,16.12,-0.116,51.1,26.41,16.97,0.021,52.9,27.74,30.75,0.058,54.2,9.255,-0.11100000000000002,50.575,10,0,1,14.0,14.0,12.75,7.0
Kochi,2020-10-12,42,22.83,3.83,-0.164,48.1,6358.1,9,23.84,7.09,-0.126,50.1,26.41,6.48,-0.084,52.0,29.49,20.17,-0.042,53.6,8.592500000000001,-0.131,49.6,10,0,1,10.0,15.0,11.25,8.0
Kochi,2020-10-19,43,21.94,6.96,-0.173,47.1,6359.4,9,26.23,7.33,-0.118,49.1,26.63,16.12,-0.116,51.1,26.41,16.97,0.021,52.9,6.3025,-0.14525,48.60000000000001,10,0,1,9.0,12.0,10.5,6.0
Kochi,2020-10-26,44,25.83,3.75,-0.176,46.2,6367.0,32,22.83,3.83,-0.164,48.1,23.84,7.09,-0.126,50.1,26.41,6.48,-0.084,52.0,5.4675,-0.15775,47.625,10,0,1,9.0,14.0,15.0,5.0
Kochi,2020-11-02,45,21.88,4.53,-0.11,45.3,6361.4,7,21.94,6.96,-0.173,47.1,26.23,7.33,-0.118,49.1,26.63,16.12,-0.116,51.1,4.7675,-0.15575,46.675,11,0,1,32.0,10.0,14.25,5.0
Kochi,2020-11-09,46,20.5,0.0,-0.196,44.5,6363.2,8,25.83,3.75,-0.176,46.2,22.83,3.83,-0.164,48.1,23.84,7.09,-0.126,50.1,3.81,-0.16375,45.775000000000006,11,0,1,7.0,9.0,14.0,5.0
Kochi,2020-11-16,47,23.57,6.96,-0.121,43.7,6363.5,6,21.88,4.53,-0.11,45.3,21.94,6.96,-0.173,47.1,26.23,7.33,-0.118,49.1,3.8100000000000005,-0.15075,44.925,11,0,1,8.0,9.0,13.25,4.0
Kochi,2020-11-23,48,21.9,1.8,-0.096,43.1,6376.7,5,20.5,0.0,-0.196,44.5,25.83,3.75,-0.176,46.2,22.83,3.83,-0.164,48.1,3.3225000000000002,-0.13075,44.15,11,0,1,6.0,32.0,6.5,4.0
Kochi,2020-11-30,49,20.55,1.69,-0.163,42.5,6364.9,5,23.57,6.96,-0.121,43.7,21.88,4.53,-0.11,45.3,21.94,6.96,-0.173,47.1,2.6125,-0.14400000000000002,43.45,11,0,1,5.0,7.0,6.0,5.0
Kochi,2020-12-07,50,20.18,2.69,-0.201,42.0,6368.1,5,21.9,1.8,-0.096,43.1,20.5,0.0,-0.196,44.5,25.83,3.75,-0.176,46.2,3.285,-0.14525,42.825,12,0,0,5.0,8.0,5.25,3.0
Kochi,2020-12-14,51,21.82,0.0,-0.21,41.6,6365.2,4,20.55,1.69,-0.163,42.5,23.57,6.96,-0.121,43.7,21.88,4.53,-0.11,45.3,1.545,-0.1675,42.3,12,0,0,5.0,6.0,4.75,2.0
Kochi,2020-12-21,52,20.84,0.0,-0.167,41.3,6365.8,4,20.18,2.69,-0.201,42.0,21.9,1.8,-0.096,43.1,20.5,0.0,-0.196,44.5,1.095,-0.18525000000000003,41.85,12,0,0,4.0,5.0,4.5,3.0
Kochi,2020-12-28,53,23.81,0.88,-0.154,41.0,6358.3,5,21.82,0.0,-0.21,41.6,20.55,1.69,-0.163,42.5,23.57,6.96,-0.121,43.7,0.8924999999999998,-0.183,41.475,12,0,0,4.0,5.0,4.5,3.0
Kochi,2021-01-04,1,22.68,0.0,-0.224,40.0,6359.6,3,20.84,0.0,-0.167,41.3,20.18,2.69,-0.201,42.0,21.9,1.8,-0.096,43.1,0.22,-0.18874999999999997,40.975,1,0,0,5.0,5.0,4.0,3.0
Kochi,2021-01-11,2,23.74,5.44,-0.172,40.1,6363.8,2,23.81,0.88,-0.154,41.0,21.82,0.0,-0.21,41.6,20.55,1.69,-0.163,42.5,1.58,-0.17925,40.6,1,0,0,3.0,4.0,3.5,3.0
Kochi,2021-01-18,3,26.01,7.02,-0.176,40.1,6362.1,3,22.68,0.0,-0.224,40.0,20.84,0.0,-0.167,41.3,20.18,2.69,-0.201,42.0,3.335,-0.1815,40.3,1,0,0,2.0,4.0,3.25,5.0
Kochi,2021-01-25,4,23.43,0.0,-0.163,40.1,6372.6,3,23.74,5.44,-0.172,40.1,23.81,0.88,-0.154,41.0,21.82,0.0,-0.21,41.6,3.1149999999999998,-0.18375,40.075,1,0,0,3.0,5.0,2.75,3.0
Kochi,2021-02-01,5,25.43,2.12,-0.127,40.2,6362.3,3,26.01,7.02,-0.176,40.1,22.68,0.0,-0.224,40.0,20.84,0.0,-0.167,41.3,3.6449999999999996,-0.15949999999999998,40.125,2,0,0,3.0,3.0,2.75,3.0
Kochi,2021-02-08,6,22.95,0.0,-0.2,40.2,6372.3,3,23.43,0.0,-0.163,40.1,23.74,5.44,-0.172,40.1,23.81,0.88,-0.154,41.0,2.285,-0.1665,40.150000000000006,2,0,0,3.0,2.0,3.0,2.0
Kochi,2021-02-15,7,27.14,5.3,-0.173,40.3,6365.4,5,25.43,2.12,-0.127,40.2,26.01,7.02,-0.176,40.1,22.68,0.0,-0.224,40.0,1.855,-0.16575,40.2,2,0,0,3.0,3.0,3.5,4.0
Kochi,2021-02-22,8,27.31,0.0,-0.21,40.4,6370.4,3,22.95,0.0,-0.2,40.2,23.43,0.0,-0.163,40.1,23.74,5.44,-0.172,40.1,1.855,-0.1775,40.275000000000006,2,0,0,5.0,3.0,3.5,4.0
Kochi,2021-03-01,9,27.55,10.43,-0.17,40.6,6362.6,3,27.14,5.3,-0.173,40.3,25.43,2.12,-0.127,40.2,26.01,7.02,-0.176,40.1,3.9325,-0.18825,40.375,3,0,0,3.0,3.0,3.5,5.0
Kochi,2021-03-08,10,27.17,0.0,-0.135,40.8,6361.5,2,27.31,0.0,-0.21,40.4,22.95,0.0,-0.2,40.2,23.43,0.0,-0.163,40.1,3.9325,-0.17200000000000001,40.525,3,0,0,3.0,3.0,3.25,5.0
Kochi,2021-03-15,11,26.31,2.74,-0.163,41.0,6362.7,4,27.55,10.43,-0.17,40.6,27.14,5.3,-0.173,40.3,25.43,2.12,-0.127,40.2,3.2925,-0.16949999999999998,40.699999999999996,3,0,0,2.0,5.0,3.0,6.0
Kochi,2021-03-22,12,28.49,0.0,-0.182,41.3,6363.9,4,27.17,0.0,-0.135,40.8,27.31,0.0,-0.21,40.4,22.95,0.0,-0.2,40.2,3.2925000000000004,-0.1625,40.925,3,0,0,4.0,3.0,3.25,5.0
Kochi,2021-03-29,13,30.26,0.0,-0.212,41.6,6368.0,5,26.31,2.74,-0.163,41.0,27.55,10.43,-0.17,40.6,27.14,5.3,-0.173,40.3,0.6850000000000005,-0.173,41.175,3,0,0,4.0,3.0,3.75,6.0
Kochi,2021-04-05,14,31.61,2.43,-0.149,42.0,6366.0,5,28.49,0.0,-0.182,41.3,27.17,0.0,-0.135,40.8,27.31,0.0,-0.21,40.4,1.2925000000000004,-0.1765,41.474999999999994,4,0,0,5.0,2.0,4.5,6.0
Kochi,2021-04-12,15,30.5,0.0,-0.177,42.5,6363.1,6,30.26,0.0,-0.212,41.6,26.31,2.74,-0.163,41.0,27.55,10.43,-0.17,40.6,0.6075000000000005,-0.18,41.849999999999994,4,0,0,5.0,4.0,5.0,10.0
Kochi,2021-04-19,16,32.21,5.94,-0.163,43.1,6362.9,5,31.61,2.43,-0.149,42.0,28.49,0.0,-0.182,41.3,27.17,0.0,-0.135,40.8,2.0925000000000007,-0.17525,42.300000000000004,4,0,0,6.0,4.0,5.25,6.0
Kochi,2021-04-26,17,30.81,6.86,-0.133,43.7,6369.9,6,30.5,0.0,-0.177,42.5,30.26,0.0,-0.212,41.6,26.31,2.74,-0.163,41.0,3.8075000000000006,-0.1555,42.825,4,0,0,5.0,5.0,5.5,9.0
Kochi,2021-05-03,18,30.63,13.69,-0.083,44.5,6372.2,6,32.21,5.94,-0.163,43.1,31.61,2.43,-0.149,42.0,28.49,0.0,-0.182,41.3,6.6225000000000005,-0.139,43.45,5,0,0,6.0,5.0,5.75,9.0
Kochi,2021-05-10,19,31.45,11.0,-0.054,45.3,6376.6,10,30.81,6.86,-0.133,43.7,30.5,0.0,-0.177,42.5,30.26,0.0,-0.212,41.6,9.3725,-0.10825,44.15,5,0,0,6.0,6.0,6.75,9.0
Kochi,2021-05-17,20,33.34,13.62,-0.045,46.2,6362.6,6,30.63,13.69,-0.083,44.5,32.21,5.94,-0.163,43.1,31.61,2.43,-0.149,42.0,11.2925,-0.07875000000000001,44.925000000000004,5,0,0,10.0,5.0,7.0,10.0
Kochi,2021-05-24,21,34.62,3.05,-0.098,47.1,6358.2,9,31.45,11.0,-0.054,45.3,30.81,6.86,-0.133,43.7,30.5,0.0,-0.177,42.5,10.34,-0.07,45.775,5,0,0,6.0,6.0,7.75,10.0
Kochi,2021-05-31,22,32.19,22.26,-0.117,48.1,6367.9,9,33.34,13.62,-0.045,46.2,30.63,13.69,-0.083,44.5,32.21,5.94,-0.163,43.1,12.4825,-0.0785,46.675,5,0,0,9.0,6.0,8.5,11.0
Kochi,2021-06-07,23,34.64,18.66,-0.037,49.1,6368.9,9,34.62,3.05,-0.098,47.1,31.45,11.0,-0.054,45.3,30.81,6.86,-0.133,43.7,14.3975,-0.07425,47.625,6,1,0,9.0,10.0,8.25,10.0
Kochi,2021-06-14,24,34.83,26.38,0.051,50.1,6371.6,10,32.19,22.26,-0.117,48.1,33.34,13.62,-0.045,46.2,30.63,13.69,-0.083,44.5,17.5875,-0.05025,48.6,6,1,0,9.0,6.0,9.25,14.0
Kochi,2021-06-21,25,35.11,34.07,0.067,51.1,6367.3,10,34.64,18.66,-0.037,49.1,34.62,3.05,-0.098,47.1,31.45,11.0,-0.054,45.3,25.3425,-0.009000000000000001,49.6,6,1,0,10.0,9.0,9.5,19.0
Kochi,2021-06-28,26,33.47,23.37,0.091,52.0,6376.6,11,34.83,26.38,0.051,50.1,32.19,22.26,-0.117,48.1,33.34,13.62,-0.045,46.2,25.62,0.043,50.575,6,1,0,10.0,9.0,10.0,21.0
Kochi,2021-07-05,27,34.21,32.79,0.071,52.9,6373.1,10,35.11,34.07,0.067,51.1,34.64,18.66,-0.037,49.1,34.62,3.05,-0.098,47.1,29.1525,0.07,51.525,7,1,0,11.0,9.0,10.25,20.0
Kochi,2021-07-12,28,34.05,34.38,0.114,53.6,6364.1,14,33.47,23.37,0.091,52.0,34.83,26.38,0.051,50.1,32.19,22.26,-0.117,48.1,31.152499999999996,0.08575,52.4,7,1,0,10.0,10.0,11.25,21.0
Kochi,2021-07-19,29,32.06,37.02,0.067,54.2,6373.8,19,34.21,32.79,0.071,52.9,35.11,34.07,0.067,51.1,34.64,18.66,-0.037,49.1,31.89,0.08575,53.175,7,1,0,14.0,10.0,13.5,20.0
Kochi,2021-07-26,30,30.76,22.83,0.018,54.6,6369.9,21,34.05,34.38,0.114,53.6,33.47,23.37,0.091,52.0,34.83,26.38,0.051,50.1,31.755,0.06749999999999999,53.825,7,1,0,19.0,11.0,16.0,18.0
Kochi,2021-08-02,31,30.53,29.66,0.023,54.9,6368.2,20,32.06,37.02,0.067,54.2,34.21,32.79,0.071,52.9,35.11,34.07,0.067,51.1,30.9725,0.0555,54.325,8,1,0,21.0,10.0,18.5,15.0
Kochi,2021-08-09,32,31.25,27.05,0.091,55.0,6369.1,21,30.76,22.83,0.018,54.6,34.05,34.38,0.114,53.6,33.47,23.37,0.091,52.0,29.14,0.04975,54.675,8,1,0,20.0,14.0,20.25,16.0
Kochi,2021-08-16,33,29.37,38.42,0.139,54.9,6377.8,20,30.53,29.66,0.023,54.9,32.06,37.02,0.067,54.2,34.21,32.79,0.071,52.9,29.490000000000002,0.06775,54.85,8,1,0,21.0,19.0,20.5,22.0
Kochi,2021-08-23,34,28.88,17.21,0.037,54.6,6372.4,18,31.25,27.05,0.091,55.0,30.76,22.83,0.018,54.6,34.05,34.38,0.114,53.6,28.085,0.0725,54.849999999999994,8,1,0,20.0,21.0,19.75,17.0
Kochi,2021-08-30,35,27.23,26.05,-0.092,54.2,6377.9,15,29.37,38.42,0.139,54.9,30.53,29.66,0.023,54.9,32.06,37.02,0.067,54.2,27.1825,0.04375000000000001,54.675000000000004,8,1,0,18.0,20.0,18.5,14.0
Kochi,2021-09-06,36,28.9,30.41,0.075,53.6,6378.1,16,28.88,17.21,0.037,54.6,31.25,27.05,0.091,55.0,30.76,22.83,0.018,54.6,28.0225,0.03975000000000001,54.324999999999996,9,1,1,15.0,21.0,17.25,14.0
Kochi,2021-09-13,37,26.83,16.58,0.005,52.9,6375.6,22,27.23,26.05,-0.092,54.2,29.37,38.42,0.139,54.9,30.53,29.66,0.023,54.9,22.5625,0.006250000000000005,53.825,9,1,1,16.0,20.0,17.75,14.0
Kochi,2021-09-20,38,26.83,22.06,-0.023,52.0,6378.9,17,28.9,30.41,0.075,53.6,28.88,17.21,0.037,54.6,31.25,27.05,0.091,55.0,23.775,-0.008749999999999994,53.175,9,1,1,22.0,18.0,17.5,10.0
Kochi,2021-09-27,39,27.5,11.81,-0.046,51.1,6362.0,14,26.83,16.58,0.005,52.9,27.23,26.05,-0.092,54.2,29.37,38.42,0.139,54.9,20.215,0.002750000000000006,52.4,9,1,1,17.0,15.0,17.25,8.0
Kochi,2021-10-04,40,26.67,6.31,-0.125,50.1,6369.9,14,26.83,22.06,-0.023,52.0,28.9,30.41,0.075,53.6,28.88,17.21,0.037,54.6,14.19,-0.04724999999999999,51.525000000000006,10,0,1,14.0,16.0,16.75,9.0
Kochi,2021-10-11,41,23.79,12.05,-0.155,49.1,6375.6,14,27.5,11.81,-0.046,51.1,26.83,16.58,0.005,52.9,27.23,26.05,-0.092,54.2,13.057500000000001,-0.08725,50.575,10,0,1,14.0,22.0,14.75,8.0
Kochi,2021-10-18,42,22.78,12.25,-0.078,48.1,6375.4,10,26.67,6.31,-0.125,50.1,26.83,22.06,-0.023,52.0,28.9,30.41,0.075,53.6,10.605,-0.10099999999999999,49.6,10,0,1,14.0,17.0,13.0,5.0
Kochi,2021-10-25,43,23.84,13.99,-0.013,47.1,6370.3,8,23.79,12.05,-0.155,49.1,27.5,11.81,-0.046,51.1,26.83,16.58,0.005,52.9,11.15,-0.09275,48.6,10,0,1,10.0,14.0,11.5,6.0
Kochi,2021-11-01,44,21.27,0.0,-0.177,46.2,6378.0,9,22.78,12.25,-0.078,48.1,26.67,6.31,-0.125,50.1,26.83,22.06,-0.023,52.0,9.572500000000002,-0.10574999999999998,47.62500000000001,11,0,1,8.0,14.0,10.25,6.0
Kochi,2021-11-08,45,21.8,4.58,-0.155,45.3,6381.7,8,23.84,13.99,-0.013,47.1,23.79,12.05,-0.155,49.1,27.5,11.81,-0.046,51.1,7.705,-0.10574999999999998,46.675,11,0,1,9.0,14.0,8.75,4.0
Kochi,2021-11-15,46,24.14,0.0,-0.155,44.5,6367.8,5,21.27,0.0,-0.177,46.2,22.78,12.25,-0.078,48.1,26.67,6.31,-0.125,50.1,4.6425,-0.125,45.775,11,0,1,8.0,10.0,7.5,4.0
Kochi,2021-11-22,47,22.89,4.75,-0.17,43.7,6385.0,6,21.8,4.58,-0.155,45.3,23.84,13.99,-0.013,47.1,23.79,12.05,-0.155,49.1,2.3325,-0.16425,44.925000000000004,11,0,1,5.0,8.0,7.0,4.0
Kochi,2021-11-29,48,23.09,9.97,-0.139,43.1,6373.2,6,24.14,0.0,-0.155,44.5,21.27,0.0,-0.177,46.2,22.78,12.25,-0.078,48.1,4.825,-0.15475,44.15,11,0,1,6.0,9.0,6.25,4.0
Kochi,2021-12-06,49,20.62,0.0,-0.174,42.5,6374.2,4,22.89,4.75,-0.17,43.7,21.8,4.58,-0.155,45.3,23.84,13.99,-0.013,47.1,3.68,-0.15949999999999998,43.45,12,0,0,6.0,8.0,5.25,4.0
Kochi,2021-12-13,50,20.69,0.0,-0.248,42.0,6378.1,4,23.09,9.97,-0.139,43.1,24.14,0.0,-0.155,44.5,21.27,0.0,-0.177,46.2,3.68,-0.18275,42.825,12,0,0,4.0,5.0,5.0,4.0
Kochi,2021-12-20,51,22.08,0.0,-0.187,41.6,6387.1,4,20.62,0.0,-0.174,42.5,22.89,4.75,-0.17,43.7,21.8,4.58,-0.155,45.3,2.4925,-0.187,42.3,12,0,0,4.0,6.0,4.5,3.0
Kochi,2021-12-27,52,22.64,12.97,-0.181,41.3,6382.2,4,20.69,0.0,-0.248,42.0,23.09,9.97,-0.139,43.1,24.14,0.0,-0.155,44.5,3.2425,-0.19749999999999998,41.85,12,0,0,4.0,6.0,4.0,3.0
Kochi,2022-01-03,1,22.92,0.0,-0.142,40.0,6375.7,4,22.08,0.0,-0.187,41.6,20.62,0.0,-0.174,42.5,22.89,4.75,-0.17,43.7,3.2425,-0.1895,41.225,1,0,0,4.0,4.0,4.0,3.0
Kochi,2022-01-10,2,24.75,0.98,-0.162,40.1,6376.6,4,22.64,12.97,-0.181,41.3,20.69,0.0,-0.248,42.0,23.09,9.97,-0.139,43.1,3.4875000000000003,-0.16799999999999998,40.75,1,0,0,4.0,4.0,4.0,4.0
Kochi,2022-01-17,3,23.46,5.52,-0.202,40.1,6378.9,3,22.92,0.0,-0.142,40.0,22.08,0.0,-0.187,41.6,20.62,0.0,-0.174,42.5,4.8675,-0.17174999999999999,40.375,1,0,0,4.0,4.0,3.75,2.0
Kochi,2022-01-24,4,22.61,3.97,-0.148,40.1,6382.9,3,24.75,0.98,-0.162,40.1,22.64,12.97,-0.181,41.3,20.69,0.0,-0.248,42.0,2.6175,-0.1635,40.075,1,0,0,3.0,4.0,3.5,2.0
Kochi,2022-01-31,5,25.26,0.0,-0.178,40.2,6374.4,3,23.46,5.52,-0.202,40.1,22.92,0.0,-0.142,40.0,22.08,0.0,-0.187,41.6,2.6175,-0.1725,40.125,1,0,0,3.0,4.0,3.25,4.0
Kochi,2022-02-07,6,26.03,0.0,-0.124,40.2,6376.7,4,22.61,3.97,-0.148,40.1,24.75,0.98,-0.162,40.1,22.64,12.97,-0.181,41.3,2.3725,-0.16299999999999998,40.150000000000006,2,0,0,3.0,4.0,3.25,4.0
Kochi,2022-02-14,7,26.24,0.0,-0.195,40.3,6382.4,2,25.26,0.0,-0.178,40.2,23.46,5.52,-0.202,40.1,22.92,0.0,-0.142,40.0,0.9925,-0.16125,40.2,2,0,0,4.0,3.0,3.0,5.0
Kochi,2022-02-21,8,26.82,2.03,-0.204,40.4,6380.0,2,26.03,0.0,-0.124,40.2,22.61,3.97,-0.148,40.1,24.75,0.98,-0.162,40.1,0.5075,-0.17525,40.275,2,0,0,2.0,3.0,2.75,5.0
Kochi,2022-02-28,9,29.29,0.03,-0.188,40.6,6381.7,4,26.24,0.0,-0.195,40.3,25.26,0.0,-0.178,40.2,23.46,5.52,-0.202,40.1,0.5149999999999999,-0.17774999999999996,40.375,2,0,0,2.0,3.0,3.0,6.0
Kochi,2022-03-07,10,28.48,2.33,-0.228,40.8,6375.5,4,26.82,2.03,-0.204,40.4,26.03,0.0,-0.124,40.2,22.61,3.97,-0.148,40.1,1.0975,-0.20375000000000001,40.525,3,0,0,4.0,4.0,3.0,7.0
Kochi,2022-03-14,11,27.58,0.0,-0.24,41.0,6377.7,5,29.29,0.03,-0.188,40.6,26.24,0.0,-0.195,40.3,25.26,0.0,-0.178,40.2,1.0975,-0.215,40.7,3,0,0,4.0,2.0,3.75,6.0
Kochi,2022-03-21,12,28.48,8.04,-0.126,41.3,6376.4,5,28.48,2.33,-0.228,40.8,26.82,2.03,-0.204,40.4,26.03,0.0,-0.124,40.2,2.5999999999999996,-0.1955,40.925,3,0,0,5.0,2.0,4.5,5.0
Kochi,2022-03-28,13,29.63,0.55,-0.186,41.6,6383.0,6,27.58,0.0,-0.24,41.0,29.29,0.03,-0.188,40.6,26.24,0.0,-0.195,40.3,2.73,-0.19499999999999998,41.175,3,0,0,5.0,4.0,5.0,5.0
Kochi,2022-04-04,14,29.83,3.82,-0.185,42.0,6384.7,7,28.48,8.04,-0.126,41.3,28.48,2.33,-0.228,40.8,26.82,2.03,-0.204,40.4,3.1025,-0.18425,41.475,4,0,0,6.0,4.0,5.75,7.0
Kochi,2022-04-11,15,32.1,14.3,-0.104,42.5,6381.8,6,29.63,0.55,-0.186,41.6,27.58,0.0,-0.24,41.0,29.29,0.03,-0.188,40.6,6.6775,-0.15025,41.85,4,0,0,7.0,5.0,6.0,8.0
Kochi,2022-04-18,16,31.67,2.62,-0.141,43.1,6380.5,5,29.83,3.82,-0.185,42.0,28.48,8.04,-0.126,41.3,28.48,2.33,-0.228,40.8,5.322500000000001,-0.15399999999999997,42.3,4,0,0,6.0,5.0,6.0,7.0
Kochi,2022-04-25,17,31.91,11.68,-0.128,43.7,6382.2,5,32.1,14.3,-0.104,42.5,29.63,0.55,-0.186,41.6,27.58,0.0,-0.24,41.0,8.105,-0.13949999999999999,42.825,4,0,0,5.0,6.0,5.75,7.0
Kochi,2022-05-02,18,33.09,21.56,-0.049,44.5,6384.1,7,31.67,2.62,-0.141,43.1,29.83,3.82,-0.185,42.0,28.48,8.04,-0.126,41.3,12.54,-0.10549999999999998,43.45,5,0,0,5.0,7.0,5.75,9.0
Kochi,2022-05-09,19,33.73,15.07,-0.031,45.3,6377.0,8,31.91,11.68,-0.128,43.7,32.1,14.3,-0.104,42.5,29.63,0.55,-0.186,41.6,12.732500000000002,-0.08725,44.150000000000006,5,0,0,7.0,6.0,6.25,10.0
Kochi,2022-05-16,20,32.43,12.24,-0.057,46.2,6390.9,7,33.09,21.56,-0.049,44.5,31.67,2.62,-0.141,43.1,29.83,3.82,-0.185,42.0,15.1375,-0.06624999999999999,44.925,5,0,0,8.0,5.0,6.75,10.0
Kochi,2022-05-23,21,33.58,7.7,-0.171,47.1,6381.3,7,33.73,15.07,-0.031,45.3,31.91,11.68,-0.128,43.7,32.1,14.3,-0.104,42.5,14.1425,-0.07699999999999999,45.775,5,0,0,7.0,5.0,7.25,11.0
Kochi,2022-05-30,22,34.55,15.74,-0.047,48.1,6383.0,9,32.43,12.24,-0.057,46.2,33.09,21.56,-0.049,44.5,31.67,2.62,-0.141,43.1,12.6875,-0.0765,46.675,5,0,0,7.0,7.0,7.75,9.0
Kochi,2022-06-06,23,34.94,23.24,0.049,49.1,6387.0,10,33.58,7.7,-0.171,47.1,33.73,15.07,-0.031,45.3,31.91,11.68,-0.128,43.7,14.729999999999999,-0.05649999999999999,47.625,6,1,0,9.0,8.0,8.25,15.0
Kochi,2022-06-13,24,35.08,22.33,-0.036,50.1,6382.6,10,34.55,15.74,-0.047,48.1,32.43,12.24,-0.057,46.2,33.09,21.56,-0.049,44.5,17.252499999999998,-0.05124999999999999,48.6,6,1,0,10.0,7.0,9.0,15.0
Kochi,2022-06-20,25,31.59,20.97,0.038,51.1,6386.7,11,34.94,23.24,0.049,49.1,33.58,7.7,-0.171,47.1,33.73,15.07,-0.031,45.3,20.57,0.0010000000000000148,49.6,6,1,0,10.0,7.0,10.0,15.0
Kochi,2022-06-27,26,33.5,22.29,0.035,52.0,6387.1,9,35.08,22.33,-0.036,50.1,34.55,15.74,-0.047,48.1,32.43,12.24,-0.057,46.2,22.2075,0.021500000000000016,50.575,6,1,0,11.0,9.0,10.0,15.0
Kochi,2022-07-04,27,33.95,27.89,0.05,52.9,6376.4,15,31.59,20.97,0.038,51.1,34.94,23.24,0.049,49.1,33.58,7.7,-0.171,47.1,23.37,0.021750000000000016,51.525,7,1,0,9.0,10.0,11.25,17.0
Kochi,2022-07-11,28,33.05,27.98,0.065,53.6,6381.0,15,33.5,22.29,0.035,52.0,35.08,22.33,-0.036,50.1,34.55,15.74,-0.047,48.1,24.782500000000002,0.047000000000000014,52.4,7,1,0,15.0,10.0,12.5,19.0
Kochi,2022-07-18,29,31.06,40.1,0.146,54.2,6392.8,15,33.95,27.89,0.05,52.9,31.59,20.97,0.038,51.1,34.94,23.24,0.049,49.1,29.564999999999998,0.07400000000000001,53.175000000000004,7,1,0,15.0,11.0,13.5,21.0
Kochi,2022-07-25,30,28.95,44.03,0.175,54.6,6392.9,15,33.05,27.98,0.065,53.6,33.5,22.29,0.035,52.0,35.08,22.33,-0.036,50.1,35.0,0.10900000000000001,53.825,7,1,0,15.0,9.0,15.0,23.0
Kochi,2022-08-01,31,32.2,32.08,0.127,54.9,6387.5,17,31.06,40.1,0.146,54.2,33.95,27.89,0.05,52.9,31.59,20.97,0.038,51.1,36.0475,0.12825,54.325,8,1,0,15.0,15.0,15.5,25.0
Kochi,2022-08-08,32,29.33,32.2,0.081,55.0,6392.8,19,28.95,44.03,0.175,54.6,33.05,27.98,0.065,53.6,33.5,22.29,0.035,52.0,37.1025,0.13225,54.675000000000004,8,1,0,17.0,15.0,16.5,20.0
Kochi,2022-08-15,33,30.73,43.37,0.151,54.9,6382.0,21,32.2,32.08,0.127,54.9,31.06,40.1,0.146,54.2,33.95,27.89,0.05,52.9,37.92,0.1335,54.849999999999994,8,1,0,19.0,15.0,18.0,22.0
Kochi,2022-08-22,34,28.12,34.57,0.124,54.6,6393.6,23,29.33,32.2,0.081,55.0,28.95,44.03,0.175,54.6,33.05,27.98,0.065,53.6,35.555,0.12075000000000002,54.85,8,1,0,21.0,15.0,20.0,20.0
Kochi,2022-08-29,35,28.19,31.38,0.098,54.2,6385.7,25,30.73,43.37,0.151,54.9,32.2,32.08,0.127,54.9,31.06,40.1,0.146,54.2,35.38,0.11350000000000002,54.675,8,1,0,23.0,17.0,22.0,19.0
Kochi,2022-09-05,36,28.96,22.56,0.038,53.6,6387.4,20,28.12,34.57,0.124,54.6,29.33,32.2,0.081,55.0,28.95,44.03,0.175,54.6,32.97,0.10275000000000002,54.325,9,1,1,25.0,19.0,22.25,18.0
Kochi,2022-09-12,37,26.69,15.99,0.003,52.9,6387.9,22,28.19,31.38,0.098,54.2,30.73,43.37,0.151,54.9,32.2,32.08,0.127,54.9,26.124999999999996,0.06575000000000002,53.825,9,1,1,20.0,21.0,22.5,12.0
Kochi,2022-09-19,38,26.39,13.31,-0.012,52.0,6371.5,20,28.96,22.56,0.038,53.6,28.12,34.57,0.124,54.6,29.33,32.2,0.081,55.0,20.81,0.031750000000000014,53.175,9,1,1,22.0,23.0,21.75,8.0
Kochi,2022-09-26,39,24.31,16.59,-0.038,51.1,6394.8,19,26.69,15.99,0.003,52.9,28.19,31.38,0.098,54.2,30.73,43.37,0.151,54.9,17.1125,-0.0022499999999999864,52.400000000000006,9,1,1,20.0,25.0,20.25,8.0
Kochi,2022-10-03,40,26.36,17.57,-0.026,50.1,6397.4,18,26.39,13.31,-0.012,52.0,28.96,22.56,0.038,53.6,28.12,34.57,0.124,54.6,15.865,-0.018249999999999985,51.525,10,0,1,19.0,20.0,19.75,7.0
Kochi,2022-10-10,41,24.97,12.08,-0.054,49.1,6389.9,12,24.31,16.59,-0.038,51.1,26.69,15.99,0.003,52.9,28.19,31.38,0.098,54.2,14.8875,-0.03249999999999999,50.575,10,0,1,18.0,22.0,17.25,7.0
Kochi,2022-10-17,42,23.84,13.6,-0.051,48.1,6388.4,8,26.36,17.57,-0.026,50.1,26.39,13.31,-0.012,52.0,28.96,22.56,0.038,53.6,14.959999999999999,-0.04224999999999998,49.6,10,0,1,12.0,20.0,14.25,7.0
Kochi,2022-10-24,43,23.23,7.39,-0.107,47.1,6388.3,8,24.97,12.08,-0.054,49.1,24.31,16.59,-0.038,51.1,26.69,15.99,0.003,52.9,12.66,-0.05949999999999999,48.60000000000001,10,0,1,8.0,19.0,11.5,6.0
Kochi,2022-10-31,44,23.93,0.0,-0.202,46.2,6393.7,7,23.84,13.6,-0.051,48.1,26.36,17.57,-0.026,50.1,26.39,13.31,-0.012,52.0,8.2675,-0.10349999999999998,47.625,10,0,1,8.0,18.0,8.75,4.0
Kochi,2022-11-07,45,22.64,12.79,-0.14,45.3,6395.7,7,23.23,7.39,-0.107,47.1,24.97,12.08,-0.054,49.1,24.31,16.59,-0.038,51.1,8.445,-0.125,46.675,11,0,1,7.0,12.0,7.5,6.0
Kochi,2022-11-14,46,21.73,1.5,-0.169,44.5,6388.1,7,23.93,0.0,-0.202,46.2,23.84,13.6,-0.051,48.1,26.36,17.57,-0.026,50.1,5.42,-0.1545,45.775000000000006,11,0,1,7.0,8.0,7.25,5.0
Kochi,2022-11-21,47,21.18,6.22,-0.146,43.7,6388.8,6,22.64,12.79,-0.14,45.3,23.23,7.39,-0.107,47.1,24.97,12.08,-0.054,49.1,5.1274999999999995,-0.16425,44.925,11,0,1,7.0,8.0,6.75,4.0
Kochi,2022-11-28,48,22.23,0.0,-0.185,43.1,6379.6,4,21.73,1.5,-0.169,44.5,23.93,0.0,-0.202,46.2,23.84,13.6,-0.051,48.1,5.1274999999999995,-0.15999999999999998,44.15,11,0,1,6.0,7.0,6.0,5.0
Kochi,2022-12-05,49,22.41,2.85,-0.205,42.5,6395.3,6,21.18,6.22,-0.146,43.7,22.64,12.79,-0.14,45.3,23.23,7.39,-0.107,47.1,2.6425,-0.17624999999999996,43.45,12,0,0,4.0,7.0,5.75,4.0
Kochi,2022-12-12,50,21.82,4.97,-0.181,42.0,6391.4,5,22.23,0.0,-0.185,43.1,21.73,1.5,-0.169,44.5,23.93,0.0,-0.202,46.2,3.51,-0.17924999999999996,42.825,12,0,0,6.0,7.0,5.25,4.0
Kochi,2022-12-19,51,21.66,0.0,-0.136,41.6,6386.3,4,22.41,2.85,-0.205,42.5,21.18,6.22,-0.146,43.7,22.64,12.79,-0.14,45.3,1.9549999999999998,-0.17675,42.3,12,0,0,5.0,6.0,4.75,4.0
Kochi,2022-12-26,52,22.97,0.0,-0.195,41.3,6392.4,5,21.82,4.97,-0.181,42.0,22.23,0.0,-0.185,43.1,21.73,1.5,-0.169,44.5,1.9549999999999998,-0.17924999999999996,41.85,12,0,0,4.0,4.0,5.0,3.0
Kochi,2023-01-02,1,23.85,0.0,-0.218,40.0,6390.0,4,21.66,0.0,-0.136,41.6,22.41,2.85,-0.205,42.5,21.18,6.22,-0.146,43.7,1.2424999999999997,-0.1825,41.225,1,0,0,5.0,6.0,4.5,3.0
Kochi,2023-01-09,2,23.18,8.58,-0.128,40.1,6386.4,4,22.97,0.0,-0.195,41.3,21.82,4.97,-0.181,42.0,22.23,0.0,-0.185,43.1,2.145,-0.16924999999999998,40.75,1,0,0,4.0,5.0,4.25,3.0
Kochi,2023-01-16,3,23.7,9.16,-0.091,40.1,6389.4,4,23.85,0.0,-0.218,40.0,21.66,0.0,-0.136,41.6,22.41,2.85,-0.205,42.5,4.4350000000000005,-0.15799999999999997,40.375,1,0,0,4.0,4.0,4.25,4.0
Kochi,2023-01-23,4,21.13,10.84,-0.153,40.1,6382.5,3,23.18,8.58,-0.128,40.1,22.97,0.0,-0.195,41.3,21.82,4.97,-0.181,42.0,7.145,-0.1475,40.075,1,0,0,4.0,5.0,3.75,3.0
Kochi,2023-01-30,5,23.22,0.0,-0.166,40.2,6394.1,3,23.7,9.16,-0.091,40.1,23.85,0.0,-0.218,40.0,21.66,0.0,-0.136,41.6,7.145,-0.1345,40.125,1,0,0,3.0,4.0,3.5,4.0
Kochi,2023-02-06,6,25.7,5.03,-0.225,40.2,6393.3,3,21.13,10.84,-0.153,40.1,23.18,8.58,-0.128,40.1,22.97,0.0,-0.195,41.3,6.2575,-0.15875,40.150000000000006,2,0,0,3.0,4.0,3.25,2.0
Kochi,2023-02-13,7,26.89,0.0,-0.171,40.3,6390.8,4,23.22,0.0,-0.166,40.2,23.7,9.16,-0.091,40.1,23.85,0.0,-0.218,40.0,3.9675000000000002,-0.17875000000000002,40.2,2,0,0,3.0,4.0,3.25,5.0
Kochi,2023-02-20,8,26.7,0.0,-0.186,40.4,6395.7,3,25.7,5.03,-0.225,40.2,21.13,10.84,-0.153,40.1,23.18,8.58,-0.128,40.1,1.2575,-0.187,40.275000000000006,2,0,0,4.0,3.0,3.25,5.0
Kochi,2023-02-27,9,25.97,0.0,-0.252,40.6,6384.8,4,26.89,0.0,-0.171,40.3,23.22,0.0,-0.166,40.2,23.7,9.16,-0.091,40.1,1.2575,-0.2085,40.375,2,0,0,3.0,3.0,3.5,4.0
Kochi,2023-03-06,10,29.19,2.14,-0.176,40.8,6386.6,2,26.7,0.0,-0.186,40.4,25.7,5.03,-0.225,40.2,21.13,10.84,-0.153,40.1,0.535,-0.19624999999999998,40.525,3,0,0,4.0,3.0,3.25,5.0
Kochi,2023-03-13,11,30.22,7.56,-0.105,41.0,6384.3,5,25.97,0.0,-0.252,40.6,26.89,0.0,-0.171,40.3,23.22,0.0,-0.166,40.2,2.425,-0.17975,40.699999999999996,3,0,0,2.0,4.0,3.5,8.0
Kochi,2023-03-20,12,29.25,3.78,-0.121,41.3,6391.5,5,29.19,2.14,-0.176,40.8,26.7,0.0,-0.186,40.4,25.7,5.03,-0.225,40.2,3.37,-0.16349999999999998,40.925,3,0,0,5.0,3.0,4.0,7.0
Kochi,2023-03-27,13,28.42,0.0,-0.156,41.6,6402.7,4,30.22,7.56,-0.105,41.0,25.97,0.0,-0.252,40.6,26.89,0.0,-0.171,40.3,3.37,-0.13949999999999999,41.175,3,0,0,5.0,4.0,4.0,6.0
Kochi,2023-04-03,14,30.56,0.0,-0.23,42.0,6394.1,5,29.25,3.78,-0.121,41.3,29.19,2.14,-0.176,40.8,26.7,0.0,-0.186,40.4,2.835,-0.153,41.474999999999994,4,0,0,4.0,2.0,4.75,8.0
Kochi,2023-04-10,15,32.73,3.21,-0.182,42.5,6398.3,8,28.42,0.0,-0.156,41.6,30.22,7.56,-0.105,41.0,25.97,0.0,-0.252,40.6,1.7475,-0.17225,41.849999999999994,4,0,0,5.0,5.0,5.5,9.0
Kochi,2023-04-17,16,32.49,16.57,-0.086,43.1,6397.7,7,30.56,0.0,-0.23,42.0,29.25,3.78,-0.121,41.3,29.19,2.14,-0.176,40.8,4.945,-0.16349999999999998,42.300000000000004,4,0,0,8.0,5.0,6.0,8.0
Kochi,2023-04-24,17,31.23,11.18,-0.071,43.7,6398.5,6,32.73,3.21,-0.182,42.5,28.42,0.0,-0.156,41.6,30.22,7.56,-0.105,41.0,7.74,-0.14225,42.825,4,0,0,7.0,4.0,6.5,7.0
Kochi,2023-05-01,18,34.57,4.36,-0.178,44.5,6390.3,8,32.49,16.57,-0.086,43.1,30.56,0.0,-0.23,42.0,29.25,3.78,-0.121,41.3,8.83,-0.12924999999999998,43.45,5,0,0,6.0,5.0,7.25,9.0
Kochi,2023-05-08,19,34.42,7.16,-0.198,45.3,6393.2,9,31.23,11.18,-0.071,43.7,32.73,3.21,-0.182,42.5,28.42,0.0,-0.156,41.6,9.8175,-0.13324999999999998,44.15,5,0,0,8.0,8.0,7.5,12.0
Kochi,2023-05-15,20,34.29,24.79,-0.019,46.2,6397.6,8,34.57,4.36,-0.178,44.5,32.49,16.57,-0.086,43.1,30.56,0.0,-0.23,42.0,11.872499999999999,-0.11649999999999999,44.925000000000004,5,0,0,9.0,7.0,7.75,10.0
Kochi,2023-05-22,21,33.3,19.35,0.005,47.1,6395.4,7,34.42,7.16,-0.198,45.3,31.23,11.18,-0.071,43.7,32.73,3.21,-0.182,42.5,13.915,-0.09749999999999999,45.775,5,0,0,8.0,6.0,8.0,10.0
Kochi,2023-05-29,22,32.23,10.0,-0.09,48.1,6397.6,9,34.29,24.79,-0.019,46.2,34.57,4.36,-0.178,44.5,32.49,16.57,-0.086,43.1,15.325,-0.07549999999999998,46.675,5,0,0,7.0,8.0,8.25,10.0
Kochi,2023-06-05,23,35.22,16.03,-0.023,49.1,6388.8,12,33.3,19.35,0.005,47.1,34.42,7.16,-0.198,45.3,31.23,11.18,-0.071,43.7,17.5425,-0.03174999999999999,47.625,6,1,0,9.0,9.0,9.0,11.0
Kochi,2023-06-12,24,33.67,27.49,0.057,50.1,6401.4,10,32.23,10.0,-0.09,48.1,34.29,24.79,-0.019,46.2,34.57,4.36,-0.178,44.5,18.2175,-0.012749999999999984,48.6,6,1,0,12.0,8.0,9.5,14.0
Kochi,2023-06-19,25,34.52,20.31,0.011,51.1,6392.7,10,35.22,16.03,-0.023,49.1,33.3,19.35,0.005,47.1,34.42,7.16,-0.198,45.3,18.4575,-0.011249999999999986,49.6,6,1,0,10.0,7.0,10.25,15.0
Kochi,2023-06-26,26,33.87,22.67,0.031,52.0,6401.3,10,33.67,27.49,0.057,50.1,32.23,10.0,-0.09,48.1,34.29,24.79,-0.019,46.2,21.625,0.019000000000000013,50.575,6,1,0,10.0,9.0,10.5,16.0
Kochi,2023-07-03,27,32.22,28.91,0.083,52.9,6395.5,11,34.52,20.31,0.011,51.1,35.22,16.03,-0.023,49.1,33.3,19.35,0.005,47.1,24.845,0.04550000000000001,51.525,7,1,0,10.0,12.0,10.25,14.0
Kochi,2023-07-10,28,33.37,36.0,0.118,53.6,6398.7,14,33.87,22.67,0.031,52.0,33.67,27.49,0.057,50.1,32.23,10.0,-0.09,48.1,26.9725,0.06075000000000001,52.4,7,1,0,11.0,10.0,11.25,22.0
Kochi,2023-07-17,29,32.98,30.79,0.061,54.2,6389.7,15,32.22,28.91,0.083,52.9,34.52,20.31,0.011,51.1,35.22,16.03,-0.023,49.1,29.5925,0.07325000000000001,53.175,7,1,0,14.0,10.0,12.5,21.0
Kochi,2023-07-24,30,31.78,39.34,0.036,54.6,6392.0,16,33.37,36.0,0.118,53.6,33.87,22.67,0.031,52.0,33.67,27.49,0.057,50.1,33.76,0.07450000000000001,53.825,7,1,0,15.0,10.0,14.0,16.0
Kochi,2023-07-31,31,30.93,33.4,0.066,54.9,6395.3,14,32.98,30.79,0.061,54.2,32.22,28.91,0.083,52.9,34.52,20.31,0.011,51.1,34.8825,0.07025,54.325,7,1,0,16.0,11.0,14.75,17.0
Kochi,2023-08-07,32,29.61,34.78,0.12,55.0,6398.4,22,31.78,39.34,0.036,54.6,33.37,36.0,0.118,53.6,33.87,22.67,0.031,52.0,34.5775,0.07075000000000001,54.675,8,1,0,14.0,14.0,16.75,18.0
Kochi,2023-08-14,33,30.75,34.53,0.165,54.9,6392.2,21,30.93,33.4,0.066,54.9,32.98,30.79,0.061,54.2,32.22,28.91,0.083,52.9,35.5125,0.09675000000000002,54.85,8,1,0,22.0,15.0,18.25,29.0
Kochi,2023-08-21,34,30.95,27.07,0.061,54.6,6399.9,16,29.61,34.78,0.12,55.0,31.78,39.34,0.036,54.6,33.37,36.0,0.118,53.6,32.445,0.10300000000000001,54.849999999999994,8,1,0,21.0,16.0,18.25,24.0
Kochi,2023-08-28,35,28.76,26.09,0.026,54.2,6406.5,17,30.75,34.53,0.165,54.9,30.93,33.4,0.066,54.9,32.98,30.79,0.061,54.2,30.6175,0.09300000000000003,54.675000000000004,8,1,0,16.0,14.0,19.0,17.0
Kochi,2023-09-04,36,27.33,20.58,-0.037,53.6,6406.0,18,30.95,27.07,0.061,54.6,29.61,34.78,0.12,55.0,31.78,39.34,0.036,54.6,27.0675,0.05375000000000002,54.324999999999996,9,1,1,17.0,22.0,18.0,11.0
Kochi,2023-09-11,37,25.98,20.41,0.005,52.9,6391.7,29,28.76,26.09,0.026,54.2,30.75,34.53,0.165,54.9,30.93,33.4,0.066,54.9,23.5375,0.013750000000000014,53.825,9,1,1,18.0,21.0,20.0,10.0
Kochi,2023-09-18,38,27.7,16.61,-0.093,52.0,6402.6,24,27.33,20.58,-0.037,53.6,30.95,27.07,0.061,54.6,29.61,34.78,0.12,55.0,20.9225,-0.024749999999999987,53.175,9,1,1,29.0,16.0,22.0,10.0
Kochi,2023-09-25,39,25.13,11.65,-0.084,51.1,6393.9,17,25.98,20.41,0.005,52.9,28.76,26.09,0.026,54.2,30.75,34.53,0.165,54.9,17.3125,-0.05224999999999999,52.4,9,1,1,24.0,17.0,22.0,10.0
Kochi,2023-10-02,40,25.24,10.58,-0.088,50.1,6407.9,11,27.7,16.61,-0.093,52.0,27.33,20.58,-0.037,53.6,30.95,27.07,0.061,54.6,14.8125,-0.06499999999999999,51.525000000000006,10,0,1,17.0,18.0,20.25,7.0
Kochi,2023-10-09,41,24.37,15.27,-0.092,49.1,6401.7,10,25.13,11.65,-0.084,51.1,25.98,20.41,0.005,52.9,28.76,26.09,0.026,54.2,13.5275,-0.08925,50.575,10,0,1,11.0,29.0,15.5,7.0
Kochi,2023-10-16,42,23.37,9.92,-0.08,48.1,6406.2,10,25.24,10.58,-0.088,50.1,27.7,16.61,-0.093,52.0,27.33,20.58,-0.037,53.6,11.855,-0.086,49.6,10,0,1,10.0,24.0,12.0,6.0
Kochi,2023-10-23,43,24.83,7.66,-0.118,47.1,6402.5,10,24.37,15.27,-0.092,49.1,25.13,11.65,-0.084,51.1,25.98,20.41,0.005,52.9,10.8575,-0.0945,48.6,10,0,1,10.0,17.0,10.25,7.0
Kochi,2023-10-30,44,22.25,14.44,-0.172,46.2,6394.2,7,23.37,9.92,-0.08,48.1,25.24,10.58,-0.088,50.1,27.7,16.61,-0.093,52.0,11.822499999999998,-0.11549999999999999,47.62500000000001,10,0,1,10.0,11.0,9.25,5.0
Kochi,2023-11-06,45,22.57,0.0,-0.173,45.3,6405.3,7,24.83,7.66,-0.118,47.1,24.37,15.27,-0.092,49.1,25.13,11.65,-0.084,51.1,8.004999999999999,-0.13574999999999998,46.675,11,0,1,7.0,10.0,8.5,5.0
Kochi,2023-11-13,46,20.38,4.65,-0.175,44.5,6408.8,6,22.25,14.44,-0.172,46.2,23.37,9.92,-0.08,48.1,25.24,10.58,-0.088,50.1,6.6875,-0.15949999999999998,45.775,11,0,1,7.0,10.0,7.5,6.0
Kochi,2023-11-20,47,25.17,6.83,-0.106,43.7,6400.1,7,22.57,0.0,-0.173,45.3,24.83,7.66,-0.118,47.1,24.37,15.27,-0.092,49.1,6.48,-0.15649999999999997,44.925000000000004,11,0,1,6.0,10.0,6.75,5.0
Kochi,2023-11-27,48,22.05,0.0,-0.222,43.1,6403.2,5,20.38,4.65,-0.175,44.5,22.25,14.44,-0.172,46.2,23.37,9.92,-0.08,48.1,2.87,-0.16899999999999998,44.15,11,0,1,7.0,7.0,6.25,4.0
Kolkata,2019-02-18,8,25.71,4.41,-0.13,40.4,24701.8,4,24.96,0.0,-0.212,40.2,19.95,0.0,-0.253,40.1,22.2,0.0,-0.225,40.1,1.9975,-0.185,40.275000000000006,2,0,0,3.0,3.0,3.5,4.0
Kolkata,2019-02-25,9,25.16,0.6,-0.133,40.6,24705.7,2,23.6,3.58,-0.207,40.3,23.39,0.0,-0.191,40.2,23.56,0.0,-0.193,40.1,2.1475,-0.17049999999999998,40.375,2,0,0,4.0,3.0,3.25,3.0
Kolkata,2019-03-04,10,27.6,2.51,-0.159,40.8,24699.6,3,25.71,4.41,-0.13,40.4,24.96,0.0,-0.212,40.2,19.95,0.0,-0.253,40.1,2.775,-0.15725,40.525,3,0,0,2.0,4.0,3.0,5.0
Kolkata,2019-03-11,11,26.98,0.0,-0.178,41.0,24706.0,3,25.16,0.6,-0.133,40.6,23.6,3.58,-0.207,40.3,23.39,0.0,-0.191,40.2,1.88,-0.15,40.699999999999996,3,0,0,3.0,3.0,3.0,5.0
Kolkata,2019-03-18,12,29.45,0.0,-0.142,41.3,24714.2,4,27.6,2.51,-0.159,40.8,25.71,4.41,-0.13,40.4,24.96,0.0,-0.212,40.2,0.7775,-0.153,40.925,3,0,0,3.0,4.0,3.0,4.0
Kolkata,2019-03-25,13,27.51,2.47,-0.184,41.6,24718.7,3,26.98,0.0,-0.178,41.0,25.16,0.6,-0.133,40.6,23.6,3.58,-0.207,40.3,1.245,-0.16575,41.175,3,0,0,4.0,2.0,3.25,6.0
Kolkata,2019-04-01,14,31.48,2.07,-0.153,42.0,24720.7,5,29.45,0.0,-0.142,41.3,27.6,2.51,-0.159,40.8,25.71,4.41,-0.13,40.4,1.135,-0.16424999999999998,41.474999999999994,4,0,0,3.0,3.0,3.75,8.0
Kolkata,2019-04-08,15,30.24,5.72,-0.137,42.5,24707.9,5,27.51,2.47,-0.184,41.6,26.98,0.0,-0.178,41.0,25.16,0.6,-0.133,40.6,2.565,-0.154,41.849999999999994,4,0,0,5.0,3.0,4.25,8.0
Kolkata,2019-04-15,16,31.38,5.53,-0.142,43.1,24714.7,4,31.48,2.07,-0.153,42.0,29.45,0.0,-0.142,41.3,27.6,2.51,-0.159,40.8,3.9475,-0.154,42.300000000000004,4,0,0,5.0,4.0,4.25,9.0
Kolkata,2019-04-22,17,31.54,6.88,-0.138,43.7,24715.7,6,30.24,5.72,-0.137,42.5,27.51,2.47,-0.184,41.6,26.98,0.0,-0.178,41.0,5.05,-0.14250000000000002,42.825,4,0,0,4.0,3.0,5.0,9.0
Kolkata,2019-04-29,18,32.85,6.37,-0.161,44.5,24718.6,8,31.38,5.53,-0.142,43.1,31.48,2.07,-0.153,42.0,29.45,0.0,-0.142,41.3,6.125,-0.1445,43.45,4,0,0,6.0,5.0,5.75,8.0
Kolkata,2019-05-06,19,33.62,13.69,-0.084,45.3,24715.4,8,31.54,6.88,-0.138,43.7,30.24,5.72,-0.137,42.5,27.51,2.47,-0.184,41.6,8.1175,-0.13125,44.15,5,0,0,8.0,5.0,6.5,10.0
Kolkata,2019-05-13,20,32.19,9.11,-0.13,46.2,24719.4,9,32.85,6.37,-0.161,44.5,31.38,5.53,-0.142,43.1,31.48,2.07,-0.153,42.0,9.0125,-0.12825,44.925000000000004,5,0,0,8.0,4.0,7.75,10.0
Kolkata,2019-05-20,21,32.29,11.78,-0.109,47.1,24722.3,9,33.62,13.69,-0.084,45.3,31.54,6.88,-0.138,43.7,30.24,5.72,-0.137,42.5,10.237499999999999,-0.121,45.775,5,0,0,9.0,6.0,8.5,10.0
Kolkata,2019-05-27,22,34.66,13.34,-0.083,48.1,24718.4,8,32.19,9.11,-0.13,46.2,32.85,6.37,-0.161,44.5,31.38,5.53,-0.142,43.1,11.98,-0.10149999999999999,46.675,5,0,0,9.0,8.0,8.5,10.0
Kolkata,2019-06-03,23,34.22,19.79,-0.007,49.1,24719.1,10,32.29,11.78,-0.109,47.1,33.62,13.69,-0.084,45.3,31.54,6.88,-0.138,43.7,13.505,-0.08225,47.625,6,1,0,8.0,8.0,9.0,12.0
Kolkata,2019-06-10,24,31.57,16.66,-0.052,50.1,24717.5,10,34.66,13.34,-0.083,48.1,32.19,9.11,-0.13,46.2,32.85,6.37,-0.161,44.5,15.392499999999998,-0.06275,48.6,6,1,0,10.0,9.0,9.25,12.0
Kolkata,2019-06-17,25,33.95,18.04,-0.032,51.1,24711.9,10,34.22,19.79,-0.007,49.1,32.29,11.78,-0.109,47.1,33.62,13.69,-0.084,45.3,16.9575,-0.043500000000000004,49.6,6,1,0,10.0,9.0,9.5,13.0
Kolkata,2019-06-24,26,30.23,18.89,-0.065,52.0,24721.3,10,31.57,16.66,-0.052,50.1,34.66,13.34,-0.083,48.1,32.19,9.11,-0.13,46.2,18.345,-0.039,50.575,6,1,0,10.0,8.0,10.0,12.0
Kolkata,2019-07-01,27,30.02,30.82,0.039,52.9,24723.9,12,33.95,18.04,-0.032,51.1,34.22,19.79,-0.007,49.1,32.29,11.78,-0.109,47.1,21.1025,-0.027499999999999997,51.525,7,1,0,10.0,10.0,10.5,13.0
Kolkata,2019-07-08,28,30.86,23.24,0.066,53.6,24732.9,12,30.23,18.89,-0.065,52.0,31.57,16.66,-0.052,50.1,34.66,13.34,-0.083,48.1,22.747500000000002,0.0020000000000000018,52.4,7,1,0,12.0,10.0,11.0,15.0
Kolkata,2019-07-15,29,30.75,25.95,0.007,54.2,24720.9,13,30.02,30.82,0.039,52.9,33.95,18.04,-0.032,51.1,34.22,19.79,-0.007,49.1,24.724999999999998,0.011750000000000002,53.175,7,1,0,12.0,10.0,11.75,15.0
Kolkata,2019-07-22,30,30.69,28.8,0.056,54.6,24727.4,12,30.86,23.24,0.066,53.6,30.23,18.89,-0.065,52.0,31.57,16.66,-0.052,50.1,27.2025,0.042,53.825,7,1,0,13.0,10.0,12.25,14.0
Kolkata,2019-07-29,31,29.9,32.62,0.045,54.9,24740.4,13,30.75,25.95,0.007,54.2,30.02,30.82,0.039,52.9,33.95,18.04,-0.032,51.1,27.6525,0.043500000000000004,54.325,7,1,0,12.0,12.0,12.5,17.0
Kolkata,2019-08-05,32,31.3,29.83,0.063,55.0,24730.0,15,30.69,28.8,0.056,54.6,30.86,23.24,0.066,53.6,30.23,18.89,-0.065,52.0,29.3,0.04275,54.675,8,1,0,13.0,12.0,13.25,17.0
Kolkata,2019-08-12,33,30.14,34.65,0.127,54.9,24735.1,15,29.9,32.62,0.045,54.9,30.75,25.95,0.007,54.2,30.02,30.82,0.039,52.9,31.475,0.07275000000000001,54.85,8,1,0,15.0,13.0,13.75,22.0
Kolkata,2019-08-19,34,29.31,25.18,0.011,54.6,24733.7,14,31.3,29.83,0.063,55.0,30.69,28.8,0.056,54.6,30.86,23.24,0.066,53.6,30.569999999999997,0.061500000000000006,54.849999999999994,8,1,0,15.0,12.0,14.25,13.0
Kolkata,2019-08-26,35,26.72,27.08,0.039,54.2,24734.3,17,30.14,34.65,0.127,54.9,29.9,32.62,0.045,54.9,30.75,25.95,0.007,54.2,29.185,0.06,54.675000000000004,8,1,0,14.0,13.0,15.25,13.0
Kolkata,2019-09-02,36,27.24,10.65,0.005,53.6,24734.8,17,29.31,25.18,0.011,54.6,31.3,29.83,0.063,55.0,30.69,28.8,0.056,54.6,24.39,0.0455,54.324999999999996,9,1,1,17.0,15.0,15.75,11.0
Kolkata,2019-09-09,37,26.87,17.43,-0.072,52.9,24729.9,22,26.72,27.08,0.039,54.2,30.14,34.65,0.127,54.9,29.9,32.62,0.045,54.9,20.085,-0.004249999999999997,53.825,9,1,1,17.0,15.0,17.5,9.0
Kolkata,2019-09-16,38,28.17,15.58,0.011,52.0,24737.3,13,27.24,10.65,0.005,53.6,29.31,25.18,0.011,54.6,31.3,29.83,0.063,55.0,17.685,-0.004249999999999997,53.175,9,1,1,22.0,14.0,17.25,10.0
Kolkata,2019-09-23,39,25.5,10.93,-0.086,51.1,24744.7,13,26.87,17.43,-0.072,52.9,26.72,27.08,0.039,54.2,30.14,34.65,0.127,54.9,13.647499999999999,-0.0355,52.4,9,1,1,13.0,17.0,16.25,8.0
Kolkata,2019-09-30,40,25.67,14.05,-0.068,50.1,24728.3,11,28.17,15.58,0.011,52.0,27.24,10.65,0.005,53.6,29.31,25.18,0.011,54.6,14.4975,-0.05375,51.525000000000006,9,1,1,13.0,17.0,14.75,7.0
Kolkata,2019-10-07,41,21.86,10.65,-0.079,49.1,24732.6,9,25.5,10.93,-0.086,51.1,26.87,17.43,-0.072,52.9,26.72,27.08,0.039,54.2,12.8025,-0.05550000000000001,50.575,10,0,1,11.0,22.0,11.5,7.0
Kolkata,2019-10-14,42,20.78,8.93,-0.156,48.1,24745.3,10,25.67,14.05,-0.068,50.1,28.17,15.58,0.011,52.0,27.24,10.65,0.005,53.6,11.14,-0.09725,49.6,10,0,1,9.0,13.0,10.75,7.0
Kolkata,2019-10-21,43,23.9,4.12,-0.152,47.1,24739.3,8,21.86,10.65,-0.079,49.1,25.5,10.93,-0.086,51.1,26.87,17.43,-0.072,52.9,9.4375,-0.11375,48.6,10,0,1,10.0,13.0,9.5,6.0
Kolkata,2019-10-28,44,20.24,4.42,-0.154,46.2,24736.5,7,20.78,8.93,-0.156,48.1,25.67,14.05,-0.068,50.1,28.17,15.58,0.011,52.0,7.029999999999999,-0.13525,47.62500000000001,10,0,1,8.0,11.0,8.5,6.0
Kolkata,2019-11-04,45,19.71,7.56,-0.166,45.3,24738.2,7,23.9,4.12,-0.152,47.1,21.86,10.65,-0.079,49.1,25.5,10.93,-0.086,51.1,6.2575,-0.157,46.675,11,0,1,7.0,9.0,8.0,6.0
Kolkata,2019-11-11,46,20.6,0.0,-0.168,44.5,24747.0,7,20.24,4.42,-0.154,46.2,20.78,8.93,-0.156,48.1,25.67,14.05,-0.068,50.1,4.025,-0.16,45.775,11,0,1,7.0,10.0,7.25,5.0
Kolkata,2019-11-18,47,21.27,5.22,-0.151,43.7,24745.1,6,19.71,7.56,-0.166,45.3,23.9,4.12,-0.152,47.1,21.86,10.65,-0.079,49.1,4.3,-0.15975,44.925000000000004,11,0,1,7.0,8.0,6.75,3.0
Kolkata,2019-11-25,48,20.54,5.4,-0.149,43.1,24751.2,6,20.6,0.0,-0.168,44.5,20.24,4.42,-0.154,46.2,20.78,8.93,-0.156,48.1,4.545,-0.1585,44.15,11,0,1,6.0,7.0,6.5,4.0
Kolkata,2019-12-02,49,20.6,0.0,-0.222,42.5,24740.2,6,21.27,5.22,-0.151,43.7,19.71,7.56,-0.166,45.3,23.9,4.12,-0.152,47.1,2.6550000000000002,-0.1725,43.45,12,0,0,6.0,7.0,6.25,4.0
Kolkata,2019-12-09,50,21.99,2.83,-0.15,42.0,24741.6,5,20.54,5.4,-0.149,43.1,20.6,0.0,-0.168,44.5,20.24,4.42,-0.154,46.2,3.3625,-0.168,42.825,12,0,0,6.0,7.0,5.75,2.0
Kolkata,2019-12-16,51,20.61,0.42,-0.204,41.6,24751.9,3,20.6,0.0,-0.222,42.5,21.27,5.22,-0.151,43.7,19.71,7.56,-0.166,45.3,2.1625000000000005,-0.18125,42.3,12,0,0,5.0,6.0,5.0,5.0
Kolkata,2019-12-23,52,20.6,4.37,-0.16,41.3,24741.3,4,21.99,2.83,-0.15,42.0,20.54,5.4,-0.149,43.1,20.6,0.0,-0.168,44.5,1.905,-0.184,41.85,12,0,0,3.0,6.0,4.5,5.0
Kolkata,2019-12-30,1,22.34,0.09,-0.19,40.0,24750.9,4,20.61,0.42,-0.204,41.6,20.6,0.0,-0.222,42.5,21.27,5.22,-0.151,43.7,1.9275,-0.176,41.225,12,0,0,4.0,6.0,4.0,3.0
Kolkata,2020-01-06,2,21.51,3.14,-0.154,40.1,24750.7,2,20.6,4.37,-0.16,41.3,21.99,2.83,-0.15,42.0,20.54,5.4,-0.149,43.1,2.005,-0.177,40.75,1,0,0,4.0,5.0,3.25,3.0
Kolkata,2020-01-13,3,21.61,0.0,-0.219,40.1,24760.4,5,22.34,0.09,-0.19,40.0,20.61,0.42,-0.204,41.6,20.6,0.0,-0.222,42.5,1.9,-0.18075,40.375,1,0,0,2.0,3.0,3.75,4.0
Kolkata,2020-01-20,4,24.0,0.0,-0.223,40.1,24749.5,5,21.51,3.14,-0.154,40.1,20.6,4.37,-0.16,41.3,21.99,2.83,-0.15,42.0,0.8075,-0.1965,40.075,1,0,0,5.0,4.0,4.0,3.0
Kolkata,2020-01-27,5,23.23,8.74,-0.158,40.2,24756.1,3,21.61,0.0,-0.219,40.1,22.34,0.09,-0.19,40.0,20.61,0.42,-0.204,41.6,2.97,-0.1885,40.125,1,0,0,5.0,4.0,3.75,3.0
Kolkata,2020-02-03,6,23.56,0.0,-0.182,40.2,24742.7,3,24.0,0.0,-0.223,40.1,21.51,3.14,-0.154,40.1,20.6,4.37,-0.16,41.3,2.185,-0.1955,40.150000000000006,2,0,0,3.0,2.0,4.0,4.0
Kolkata,2020-02-10,7,25.08,0.0,-0.258,40.3,24754.1,4,23.23,8.74,-0.158,40.2,21.61,0.0,-0.219,40.1,22.34,0.09,-0.19,40.0,2.185,-0.20525,40.2,2,0,0,3.0,5.0,3.75,1.0
Kolkata,2020-02-17,8,26.42,0.0,-0.206,40.4,24752.2,3,23.56,0.0,-0.182,40.2,24.0,0.0,-0.223,40.1,21.51,3.14,-0.154,40.1,2.185,-0.20099999999999998,40.275,2,0,0,4.0,5.0,3.25,4.0
Kolkata,2020-02-24,9,26.97,5.29,-0.164,40.6,24756.9,3,25.08,0.0,-0.258,40.3,23.23,8.74,-0.158,40.2,21.61,0.0,-0.219,40.1,1.3225,-0.20249999999999999,40.375,2,0,0,3.0,3.0,3.25,5.0
Kolkata,2020-03-02,10,26.36,0.65,-0.225,40.8,24753.4,4,26.42,0.0,-0.206,40.4,23.56,0.0,-0.182,40.2,24.0,0.0,-0.223,40.1,1.485,-0.21325,40.525,3,0,0,3.0,3.0,3.5,4.0
Kolkata,2020-03-09,11,25.12,7.87,-0.17,41.0,24753.7,1,26.97,5.29,-0.164,40.6,25.08,0.0,-0.258,40.3,23.23,8.74,-0.158,40.2,3.4525,-0.19125,40.7,3,0,0,4.0,4.0,2.75,4.0
Kolkata,2020-03-16,12,28.78,0.0,-0.1,41.3,24756.3,4,26.36,0.65,-0.225,40.8,26.42,0.0,-0.206,40.4,23.56,0.0,-0.182,40.2,3.4525,-0.16475,40.925,3,0,0,1.0,3.0,3.0,4.0
Kolkata,2020-03-23,13,29.11,3.3,-0.168,41.6,24763.3,5,25.12,7.87,-0.17,41.0,26.97,5.29,-0.164,40.6,25.08,0.0,-0.258,40.3,2.955,-0.16575,41.175,3,0,0,4.0,3.0,3.5,6.0
Kolkata,2020-03-30,14,30.56,1.7,-0.197,42.0,24757.7,4,28.78,0.0,-0.1,41.3,26.36,0.65,-0.225,40.8,26.42,0.0,-0.206,40.4,3.2175000000000002,-0.15875,41.475,3,0,0,5.0,4.0,3.5,7.0
Kolkata,2020-04-06,15,29.34,4.69,-0.168,42.5,24763.5,4,29.11,3.3,-0.168,41.6,25.12,7.87,-0.17,41.0,26.97,5.29,-0.164,40.6,2.4225000000000003,-0.15825,41.85,4,0,0,4.0,1.0,4.25,7.0
Kolkata,2020-04-13,16,30.68,3.11,-0.144,43.1,24760.8,4,30.56,1.7,-0.197,42.0,28.78,0.0,-0.1,41.3,26.36,0.65,-0.225,40.8,3.2,-0.16925,42.3,4,0,0,4.0,4.0,4.25,7.0
Kolkata,2020-04-20,17,32.71,7.2,-0.141,43.7,24761.1,6,29.34,4.69,-0.168,42.5,29.11,3.3,-0.168,41.6,25.12,7.87,-0.17,41.0,4.175,-0.1625,42.825,4,0,0,4.0,5.0,4.5,8.0
Kolkata,2020-04-27,18,31.66,10.53,-0.032,44.5,24763.2,7,30.68,3.11,-0.144,43.1,30.56,1.7,-0.197,42.0,28.78,0.0,-0.1,41.3,6.3825,-0.12125,43.45,4,0,0,6.0,4.0,5.25,9.0
Kolkata,2020-05-04,19,32.29,6.38,-0.096,45.3,24759.1,7,32.71,7.2,-0.141,43.7,29.34,4.69,-0.168,42.5,29.11,3.3,-0.168,41.6,6.805,-0.10324999999999998,44.150000000000006,5,0,0,7.0,4.0,6.0,9.0
Kolkata,2020-05-11,20,32.53,15.32,-0.099,46.2,24763.6,7,31.66,10.53,-0.032,44.5,30.68,3.11,-0.144,43.1,30.56,1.7,-0.197,42.0,9.8575,-0.092,44.925,5,0,0,7.0,4.0,6.75,10.0
Kolkata,2020-05-18,21,32.75,18.0,-0.023,47.1,24766.6,8,32.29,6.38,-0.096,45.3,32.71,7.2,-0.141,43.7,29.34,4.69,-0.168,42.5,12.557500000000001,-0.0625,45.775,5,0,0,7.0,6.0,7.25,10.0
Kolkata,2020-05-25,22,33.01,14.61,-0.128,48.1,24771.6,9,32.53,15.32,-0.099,46.2,31.66,10.53,-0.032,44.5,30.68,3.11,-0.144,43.1,13.5775,-0.0865,46.675,5,0,0,8.0,7.0,7.75,11.0
Kolkata,2020-06-01,23,35.43,18.17,-0.049,49.1,24770.1,9,32.75,18.0,-0.023,47.1,32.29,6.38,-0.096,45.3,32.71,7.2,-0.141,43.7,16.525,-0.07475,47.625,6,1,0,9.0,7.0,8.25,14.0
Kolkata,2020-06-08,24,33.5,17.08,-0.052,50.1,24771.9,10,33.01,14.61,-0.128,48.1,32.53,15.32,-0.099,46.2,31.66,10.53,-0.032,44.5,16.965,-0.063,48.6,6,1,0,9.0,7.0,9.0,11.0
Kolkata,2020-06-15,25,33.56,19.23,-0.036,51.1,24773.6,10,35.43,18.17,-0.049,49.1,32.75,18.0,-0.023,47.1,32.29,6.38,-0.096,45.3,17.2725,-0.06625,49.6,6,1,0,10.0,8.0,9.5,13.0
Kolkata,2020-06-22,26,31.65,17.86,-0.095,52.0,24777.6,11,33.5,17.08,-0.052,50.1,33.01,14.61,-0.128,48.1,32.53,15.32,-0.099,46.2,18.085,-0.057999999999999996,50.575,6,1,0,10.0,9.0,10.0,11.0
Kolkata,2020-06-29,27,34.57,21.25,-0.018,52.9,24771.0,14,33.56,19.23,-0.036,51.1,35.43,18.17,-0.049,49.1,32.75,18.0,-0.023,47.1,18.855,-0.05025,51.525,6,1,0,11.0,9.0,11.25,12.0
Kolkata,2020-07-06,28,30.94,24.82,-0.023,53.6,24782.1,11,31.65,17.86,-0.095,52.0,33.5,17.08,-0.052,50.1,33.01,14.61,-0.128,48.1,20.79,-0.043,52.4,7,1,0,14.0,10.0,11.5,13.0
Kolkata,2020-07-13,29,31.34,27.37,0.022,54.2,24771.6,13,34.57,21.25,-0.018,52.9,33.56,19.23,-0.036,51.1,35.43,18.17,-0.049,49.1,22.825,-0.028500000000000004,53.175000000000004,7,1,0,11.0,10.0,12.25,12.0
Kolkata,2020-07-20,30,32.06,27.62,0.059,54.6,24769.0,11,30.94,24.82,-0.023,53.6,31.65,17.86,-0.095,52.0,33.5,17.08,-0.052,50.1,25.265,0.009999999999999998,53.825,7,1,0,13.0,11.0,12.25,16.0
Kolkata,2020-07-27,31,29.42,25.74,0.016,54.9,24777.6,12,31.34,27.37,0.022,54.2,34.57,21.25,-0.018,52.9,33.56,19.23,-0.036,51.1,26.3875,0.0185,54.325,7,1,0,11.0,14.0,11.75,15.0
Kolkata,2020-08-03,32,30.16,25.3,0.042,55.0,24777.5,13,32.06,27.62,0.059,54.6,30.94,24.82,-0.023,53.6,31.65,17.86,-0.095,52.0,26.5075,0.034749999999999996,54.675000000000004,8,1,0,12.0,11.0,12.25,14.0
Kolkata,2020-08-10,33,29.75,21.34,-0.0,54.9,24783.3,12,29.42,25.74,0.016,54.9,31.34,27.37,0.022,54.2,34.57,21.25,-0.018,52.9,25.0,0.029249999999999998,54.849999999999994,8,1,0,13.0,13.0,12.0,13.0
Kolkata,2020-08-17,34,28.64,26.27,-0.003,54.6,24778.0,16,30.16,25.3,0.042,55.0,32.06,27.62,0.059,54.6,30.94,24.82,-0.023,53.6,24.662499999999998,0.01375,54.85,8,1,0,12.0,11.0,13.25,10.0
Kolkata,2020-08-24,35,26.27,22.31,0.019,54.2,24779.4,15,29.75,21.34,-0.0,54.9,29.42,25.74,0.016,54.9,31.34,27.37,0.022,54.2,23.805,0.0145,54.675,8,1,0,16.0,12.0,14.0,11.0
Kolkata,2020-08-31,36,27.36,19.3,0.002,53.6,24783.5,14,28.64,26.27,-0.003,54.6,30.16,25.3,0.042,55.0,32.06,27.62,0.059,54.6,22.305,0.0045000000000000005,54.325,8,1,0,15.0,13.0,14.25,10.0
Kolkata,2020-09-07,37,25.75,8.64,-0.059,52.9,24789.1,13,26.27,22.31,0.019,54.2,29.75,21.34,-0.0,54.9,29.42,25.74,0.016,54.9,19.13,-0.010249999999999999,53.825,9,1,1,14.0,12.0,14.5,9.0
Kolkata,2020-09-14,38,26.28,16.3,-0.088,52.0,24779.6,10,27.36,19.3,0.002,53.6,28.64,26.27,-0.003,54.6,30.16,25.3,0.042,55.0,16.637500000000003,-0.0315,53.175,9,1,1,13.0,16.0,13.0,9.0
Kolkata,2020-09-21,39,25.79,10.21,-0.088,51.1,24789.5,11,25.75,8.64,-0.059,52.9,26.27,22.31,0.019,54.2,29.75,21.34,-0.0,54.9,13.6125,-0.058249999999999996,52.400000000000006,9,1,1,10.0,15.0,12.0,8.0
Kolkata,2020-09-28,40,23.57,10.29,-0.051,50.1,24785.5,10,26.28,16.3,-0.088,52.0,27.36,19.3,0.002,53.6,28.64,26.27,-0.003,54.6,11.360000000000001,-0.0715,51.525,9,1,1,11.0,14.0,11.0,6.0
Kolkata,2020-10-05,41,23.55,5.17,-0.095,49.1,24797.3,9,25.79,10.21,-0.088,51.1,25.75,8.64,-0.059,52.9,26.27,22.31,0.019,54.2,10.4925,-0.08049999999999999,50.575,10,0,1,10.0,13.0,10.0,6.0
Kolkata,2020-10-12,42,22.31,16.85,-0.073,48.1,24781.5,9,23.57,10.29,-0.051,50.1,26.28,16.3,-0.088,52.0,27.36,19.3,0.002,53.6,10.63,-0.07675,49.6,10,0,1,9.0,10.0,9.75,6.0
Kolkata,2020-10-19,43,24.25,7.22,-0.133,47.1,24794.6,8,23.55,5.17,-0.095,49.1,25.79,10.21,-0.088,51.1,25.75,8.64,-0.059,52.9,9.8825,-0.088,48.60000000000001,10,0,1,9.0,11.0,9.0,6.0
Kolkata,2020-10-26,44,22.44,8.58,-0.138,46.2,24791.4,6,22.31,16.85,-0.073,48.1,23.57,10.29,-0.051,50.1,26.28,16.3,-0.088,52.0,9.455000000000002,-0.10975,47.625,10,0,1,8.0,10.0,8.0,6.0
Kolkata,2020-11-02,45,20.45,1.36,-0.17,45.3,24785.0,6,24.25,7.22,-0.133,47.1,23.55,5.17,-0.095,49.1,25.79,10.21,-0.088,51.1,8.502500000000001,-0.1285,46.675,11,0,1,6.0,9.0,7.25,4.0
Kolkata,2020-11-09,46,21.08,1.02,-0.216,44.5,24789.5,6,22.44,8.58,-0.138,46.2,22.31,16.85,-0.073,48.1,23.57,10.29,-0.051,50.1,4.545,-0.16425,45.775000000000006,11,0,1,6.0,9.0,6.5,5.0
Kolkata,2020-11-16,47,21.71,0.0,-0.174,43.7,24794.7,6,20.45,1.36,-0.17,45.3,24.25,7.22,-0.133,47.1,23.55,5.17,-0.095,49.1,2.7400000000000007,-0.1745,44.925,11,0,1,6.0,8.0,6.0,5.0
Kolkata,2020-11-23,48,19.57,4.12,-0.151,43.1,24787.1,6,21.08,1.02,-0.216,44.5,22.44,8.58,-0.138,46.2,22.31,16.85,-0.073,48.1,1.625,-0.17775,44.15,11,0,1,6.0,6.0,6.0,5.0
Kolkata,2020-11-30,49,18.87,4.31,-0.197,42.5,24802.3,4,21.71,0.0,-0.174,43.7,20.45,1.36,-0.17,45.3,24.25,7.22,-0.133,47.1,2.3625,-0.1845,43.45,11,0,1,6.0,6.0,5.5,5.0
Kolkata,2020-12-07,50,20.34,0.0,-0.157,42.0,24798.5,5,19.57,4.12,-0.151,43.1,21.08,1.02,-0.216,44.5,22.44,8.58,-0.138,46.2,2.1075,-0.16975,42.825,12,0,0,4.0,6.0,5.25,4.0
Kolkata,2020-12-14,51,22.84,0.0,-0.19,41.6,24794.1,5,18.87,4.31,-0.197,42.5,21.71,0.0,-0.174,43.7,20.45,1.36,-0.17,45.3,2.1075,-0.17375000000000002,42.3,12,0,0,5.0,6.0,5.0,4.0
Kolkata,2020-12-21,52,21.19,0.0,-0.197,41.3,24798.1,5,20.34,0.0,-0.157,42.0,19.57,4.12,-0.151,43.1,21.08,1.02,-0.216,44.5,1.0775,-0.18525000000000003,41.85,12,0,0,5.0,6.0,4.75,3.0
Kolkata,2020-12-28,53,20.56,0.0,-0.216,41.0,24799.1,5,22.84,0.0,-0.19,41.6,18.87,4.31,-0.197,42.5,21.71,0.0,-0.174,43.7,0.0,-0.19,41.475,12,0,0,5.0,4.0,5.0,4.0
Kolkata,2021-01-04,1,21.94,5.16,-0.161,40.0,24800.2,4,21.19,0.0,-0.197,41.3,20.34,0.0,-0.157,42.0,19.57,4.12,-0.151,43.1,1.29,-0.191,40.975,1,0,0,5.0,5.0,4.75,4.0
Kolkata,2021-01-11,2,20.74,0.0,-0.201,40.1,24796.8,4,20.56,0.0,-0.216,41.0,22.84,0.0,-0.19,41.6,18.87,4.31,-0.197,42.5,1.29,-0.19375,40.6,1,0,0,4.0,5.0,4.5,3.0
Kolkata,2021-01-18,3,22.19,0.0,-0.231,40.1,24810.0,3,21.94,5.16,-0.161,40.0,21.19,0.0,-0.197,41.3,20.34,0.0,-0.157,42.0,1.29,-0.20225,40.3,1,0,0,4.0,5.0,4.0,1.0
Kolkata,2021-01-25,4,23.76,0.0,-0.219,40.1,24803.2,4,20.74,0.0,-0.201,40.1,20.56,0.0,-0.216,41.0,22.84,0.0,-0.19,41.6,1.29,-0.203,40.075,1,0,0,3.0,5.0,3.75,3.0
Kolkata,2021-02-01,5,23.74,3.71,-0.158,40.2,24799.8,4,22.19,0.0,-0.231,40.1,21.94,5.16,-0.161,40.0,21.19,0.0,-0.197,41.3,0.9275,-0.20224999999999999,40.125,2,0,0,4.0,4.0,3.75,3.0
Kolkata,2021-02-08,6,22.44,0.0,-0.166,40.2,24802.6,3,23.76,0.0,-0.219,40.1,20.74,0.0,-0.201,40.1,20.56,0.0,-0.216,41.0,0.9275,-0.1935,40.150000000000006,2,0,0,4.0,4.0,3.5,3.0
Kolkata,2021-02-15,7,26.92,0.12,-0.161,40.3,24803.1,1,23.74,3.71,-0.158,40.2,22.19,0.0,-0.231,40.1,21.94,5.16,-0.161,40.0,0.9575,-0.17600000000000002,40.2,2,0,0,3.0,3.0,3.0,5.0
Kolkata,2021-02-22,8,25.73,7.07,-0.168,40.4,24800.3,3,22.44,0.0,-0.166,40.2,23.76,0.0,-0.219,40.1,20.74,0.0,-0.201,40.1,2.725,-0.16325,40.275000000000006,2,0,0,1.0,4.0,2.75,5.0
Kolkata,2021-03-01,9,27.02,0.0,-0.21,40.6,24824.9,3,26.92,0.12,-0.161,40.3,23.74,3.71,-0.158,40.2,22.19,0.0,-0.231,40.1,1.7975,-0.17625,40.375,3,0,0,3.0,4.0,2.5,4.0
Kolkata,2021-03-08,10,25.65,3.26,-0.17,40.8,24798.1,3,25.73,7.07,-0.168,40.4,22.44,0.0,-0.166,40.2,23.76,0.0,-0.219,40.1,2.6125,-0.17725,40.525,3,0,0,3.0,3.0,2.5,4.0
Kolkata,2021-03-15,11,27.19,0.0,-0.141,41.0,24810.4,5,27.02,0.0,-0.21,40.6,26.92,0.12,-0.161,40.3,23.74,3.71,-0.158,40.2,2.5825000000000005,-0.17225000000000001,40.699999999999996,3,0,0,3.0,1.0,3.5,6.0
Kolkata,2021-03-22,12,26.86,0.0,-0.145,41.3,24810.9,5,25.65,3.26,-0.17,40.8,25.73,7.07,-0.168,40.4,22.44,0.0,-0.166,40.2,0.815,-0.16649999999999998,40.925,3,0,0,5.0,3.0,4.0,4.0
Kolkata,2021-03-29,13,27.85,5.56,-0.199,41.6,24810.7,4,27.19,0.0,-0.141,41.0,27.02,0.0,-0.21,40.6,26.92,0.12,-0.161,40.3,2.205,-0.16375,41.175,3,0,0,5.0,3.0,4.25,6.0
Kolkata,2021-04-05,14,29.8,0.77,-0.22,42.0,24815.9,4,26.86,0.0,-0.145,41.3,25.65,3.26,-0.17,40.8,25.73,7.07,-0.168,40.4,1.5825,-0.17625,41.474999999999994,4,0,0,4.0,3.0,4.5,6.0
Kolkata,2021-04-12,15,31.42,6.77,-0.111,42.5,24815.2,6,27.85,5.56,-0.199,41.6,27.19,0.0,-0.141,41.0,27.02,0.0,-0.21,40.6,3.275,-0.16874999999999998,41.849999999999994,4,0,0,4.0,5.0,4.75,8.0
Kolkata,2021-04-19,16,30.64,1.72,-0.196,43.1,24810.4,4,29.8,0.77,-0.22,42.0,26.86,0.0,-0.145,41.3,25.65,3.26,-0.17,40.8,3.705,-0.18150000000000002,42.300000000000004,4,0,0,6.0,5.0,4.5,6.0
Kolkata,2021-04-26,17,32.02,0.16,-0.175,43.7,24824.3,6,31.42,6.77,-0.111,42.5,27.85,5.56,-0.199,41.6,27.19,0.0,-0.141,41.0,2.3550000000000004,-0.1755,42.825,4,0,0,4.0,4.0,5.0,8.0
Kolkata,2021-05-03,18,31.34,9.71,-0.092,44.5,24813.1,6,30.64,1.72,-0.196,43.1,29.8,0.77,-0.22,42.0,26.86,0.0,-0.145,41.3,4.59,-0.14350000000000002,43.45,5,0,0,6.0,4.0,5.5,8.0
Kolkata,2021-05-10,19,29.83,0.91,-0.123,45.3,24817.6,8,32.02,0.16,-0.175,43.7,31.42,6.77,-0.111,42.5,27.85,5.56,-0.199,41.6,3.1250000000000004,-0.1465,44.15,5,0,0,6.0,6.0,6.0,10.0
Kolkata,2021-05-17,20,33.59,1.21,-0.2,46.2,24810.2,6,31.34,9.71,-0.092,44.5,30.64,1.72,-0.196,43.1,29.8,0.77,-0.22,42.0,2.9975000000000005,-0.1475,44.925000000000004,5,0,0,8.0,4.0,6.5,10.0
Kolkata,2021-05-24,21,30.82,11.44,-0.126,47.1,24810.8,8,29.83,0.91,-0.123,45.3,32.02,0.16,-0.175,43.7,31.42,6.77,-0.111,42.5,5.8175,-0.13525,45.775,5,0,0,6.0,6.0,7.0,11.0
Kolkata,2021-05-31,22,33.56,15.45,-0.147,48.1,24825.9,8,33.59,1.21,-0.2,46.2,31.34,9.71,-0.092,44.5,30.64,1.72,-0.196,43.1,7.2524999999999995,-0.14900000000000002,46.675,5,0,0,8.0,6.0,7.5,11.0
Kolkata,2021-06-07,23,33.79,24.94,-0.044,49.1,24816.7,10,30.82,11.44,-0.126,47.1,29.83,0.91,-0.123,45.3,32.02,0.16,-0.175,43.7,13.26,-0.12925,47.625,6,1,0,8.0,8.0,8.0,11.0
Kolkata,2021-06-14,24,32.28,21.77,0.043,50.1,24826.9,10,33.56,15.45,-0.147,48.1,33.59,1.21,-0.2,46.2,31.34,9.71,-0.092,44.5,18.4,-0.06849999999999999,48.6,6,1,0,10.0,6.0,9.0,13.0
Kolkata,2021-06-21,25,34.64,20.51,-0.003,51.1,24824.5,11,33.79,24.94,-0.044,49.1,30.82,11.44,-0.126,47.1,29.83,0.91,-0.123,45.3,20.6675,-0.03775,49.6,6,1,0,10.0,8.0,9.75,13.0
Kolkata,2021-06-28,26,32.89,21.94,-0.042,52.0,24825.2,11,32.28,21.77,0.043,50.1,33.56,15.45,-0.147,48.1,33.59,1.21,-0.2,46.2,22.29,-0.011500000000000002,50.575,6,1,0,11.0,8.0,10.5,12.0
Kolkata,2021-07-05,27,32.97,12.44,-0.082,52.9,24822.6,11,34.64,20.51,-0.003,51.1,33.79,24.94,-0.044,49.1,30.82,11.44,-0.126,47.1,19.165,-0.021000000000000005,51.525,7,1,0,11.0,10.0,10.75,13.0
Kolkata,2021-07-12,28,31.24,21.91,-0.127,53.6,24827.5,13,32.89,21.94,-0.042,52.0,32.28,21.77,0.043,50.1,33.56,15.45,-0.147,48.1,19.200000000000003,-0.0635,52.4,7,1,0,11.0,10.0,11.5,13.0
Kolkata,2021-07-19,29,29.76,28.43,0.029,54.2,24829.5,13,32.97,12.44,-0.082,52.9,34.64,20.51,-0.003,51.1,33.79,24.94,-0.044,49.1,21.18,-0.0555,53.175,7,1,0,13.0,11.0,12.0,12.0
Kolkata,2021-07-26,30,30.6,27.27,0.006,54.6,24834.9,12,31.24,21.91,-0.127,53.6,32.89,21.94,-0.042,52.0,32.28,21.77,0.043,50.1,22.5125,-0.043500000000000004,53.825,7,1,0,13.0,11.0,12.25,14.0
Kolkata,2021-08-02,31,31.37,27.01,0.025,54.9,24830.2,13,29.76,28.43,0.029,54.2,32.97,12.44,-0.082,52.9,34.64,20.51,-0.003,51.1,26.155,-0.01675,54.325,8,1,0,12.0,11.0,12.75,13.0
Kolkata,2021-08-09,32,30.44,34.94,0.042,55.0,24834.5,13,30.6,27.27,0.006,54.6,31.24,21.91,-0.127,53.6,32.89,21.94,-0.042,52.0,29.4125,0.025500000000000002,54.675,8,1,0,13.0,13.0,12.75,16.0
Kolkata,2021-08-16,33,28.88,23.38,0.064,54.9,24827.5,12,31.37,27.01,0.025,54.9,29.76,28.43,0.029,54.2,32.97,12.44,-0.082,52.9,28.15,0.03425,54.85,8,1,0,13.0,13.0,12.5,17.0
Kolkata,2021-08-23,34,26.91,19.0,-0.006,54.6,24823.7,14,30.44,34.94,0.042,55.0,30.6,27.27,0.006,54.6,31.24,21.91,-0.127,53.6,26.0825,0.03125,54.849999999999994,8,1,0,12.0,12.0,13.0,13.0
Kolkata,2021-08-30,35,29.33,25.13,-0.027,54.2,24830.6,13,28.88,23.38,0.064,54.9,31.37,27.01,0.025,54.9,29.76,28.43,0.029,54.2,25.612499999999997,0.018250000000000002,54.675000000000004,8,1,0,14.0,13.0,13.0,11.0
Kolkata,2021-09-06,36,27.96,14.26,-0.072,53.6,24827.0,16,26.91,19.0,-0.006,54.6,30.44,34.94,0.042,55.0,30.6,27.27,0.006,54.6,20.4425,-0.010249999999999999,54.324999999999996,9,1,1,13.0,13.0,13.75,12.0
Kolkata,2021-09-13,37,25.39,14.89,-0.07,52.9,24842.6,17,29.33,25.13,-0.027,54.2,28.88,23.38,0.064,54.9,31.37,27.01,0.025,54.9,18.32,-0.04375,53.825,9,1,1,16.0,12.0,15.0,9.0
Kolkata,2021-09-20,38,24.83,15.75,-0.085,52.0,24833.8,13,27.96,14.26,-0.072,53.6,26.91,19.0,-0.006,54.6,30.44,34.94,0.042,55.0,17.5075,-0.0635,53.175,9,1,1,17.0,14.0,14.75,7.0
Kolkata,2021-09-27,39,26.11,9.47,-0.094,51.1,24833.7,11,25.39,14.89,-0.07,52.9,29.33,25.13,-0.027,54.2,28.88,23.38,0.064,54.9,13.592500000000001,-0.08025,52.4,9,1,1,13.0,13.0,14.25,7.0
Kolkata,2021-10-04,40,23.26,5.9,-0.142,50.1,24835.2,12,24.83,15.75,-0.085,52.0,27.96,14.26,-0.072,53.6,26.91,19.0,-0.006,54.6,11.502500000000001,-0.09775,51.525000000000006,10,0,1,11.0,16.0,13.25,7.0
Kolkata,2021-10-11,41,23.8,5.57,-0.164,49.1,24830.3,9,26.11,9.47,-0.094,51.1,25.39,14.89,-0.07,52.9,29.33,25.13,-0.027,54.2,9.172500000000001,-0.12125,50.575,10,0,1,12.0,17.0,11.25,6.0
Kolkata,2021-10-18,42,21.87,4.81,-0.145,48.1,24836.6,7,23.26,5.9,-0.142,50.1,24.83,15.75,-0.085,52.0,27.96,14.26,-0.072,53.6,6.437500000000001,-0.13625,49.6,10,0,1,9.0,13.0,9.75,7.0
Kolkata,2021-10-25,43,22.53,1.86,-0.244,47.1,24840.0,7,23.8,5.57,-0.164,49.1,26.11,9.47,-0.094,51.1,25.39,14.89,-0.07,52.9,4.535,-0.17375,48.6,10,0,1,7.0,11.0,8.75,6.0
Kolkata,2021-11-01,44,23.95,3.41,-0.149,46.2,24837.6,7,21.87,4.81,-0.145,48.1,23.26,5.9,-0.142,50.1,24.83,15.75,-0.085,52.0,3.9125,-0.1755,47.62500000000001,11,0,1,7.0,12.0,7.5,5.0
Kolkata,2021-11-08,45,22.49,5.76,-0.172,45.3,24843.0,6,22.53,1.86,-0.244,47.1,23.8,5.57,-0.164,49.1,26.11,9.47,-0.094,51.1,3.96,-0.1775,46.675,11,0,1,7.0,9.0,6.75,5.0
Kolkata,2021-11-15,46,22.6,0.0,-0.205,44.5,24836.8,7,23.95,3.41,-0.149,46.2,21.87,4.81,-0.145,48.1,23.26,5.9,-0.142,50.1,2.7575000000000003,-0.1925,45.775,11,0,1,6.0,7.0,6.75,5.0
Kolkata,2021-11-22,47,20.51,0.0,-0.181,43.7,24850.1,6,22.49,5.76,-0.172,45.3,22.53,1.86,-0.244,47.1,23.8,5.57,-0.164,49.1,2.2925,-0.17675,44.925000000000004,11,0,1,7.0,7.0,6.5,5.0
Kolkata,2021-11-29,48,21.24,4.15,-0.183,43.1,24837.5,5,22.6,0.0,-0.205,44.5,23.95,3.41,-0.149,46.2,21.87,4.81,-0.145,48.1,2.4775,-0.18525,44.15,11,0,1,6.0,7.0,6.0,4.0
Kolkata,2021-12-06,49,19.53,6.17,-0.182,42.5,24844.2,5,20.51,0.0,-0.181,43.7,22.49,5.76,-0.172,45.3,22.53,1.86,-0.244,47.1,2.58,-0.18774999999999997,43.45,12,0,0,5.0,6.0,5.75,3.0
Kolkata,2021-12-13,50,19.66,2.24,-0.16,42.0,24841.9,5,21.24,4.15,-0.183,43.1,22.6,0.0,-0.205,44.5,23.95,3.41,-0.149,46.2,3.14,-0.1765,42.825,12,0,0,5.0,7.0,5.25,4.0
Kolkata,2021-12-20,51,21.15,1.77,-0.149,41.6,24838.2,5,19.53,6.17,-0.182,42.5,20.51,0.0,-0.181,43.7,22.49,5.76,-0.172,45.3,3.5825,-0.1685,42.3,12,0,0,5.0,6.0,5.0,3.0
Kolkata,2021-12-27,52,19.28,4.57,-0.108,41.3,24856.4,4,19.66,2.24,-0.16,42.0,21.24,4.15,-0.183,43.1,22.6,0.0,-0.205,44.5,3.6875,-0.14975,41.85,12,0,0,5.0,5.0,4.75,3.0
Kolkata,2022-01-03,1,22.73,4.52,-0.189,40.0,24843.1,3,21.15,1.77,-0.149,41.6,19.53,6.17,-0.182,42.5,20.51,0.0,-0.181,43.7,3.275,-0.15150000000000002,41.225,1,0,0,4.0,5.0,4.25,4.0
Kolkata,2022-01-10,2,24.28,3.81,-0.168,40.1,24850.8,4,19.28,4.57,-0.108,41.3,19.66,2.24,-0.16,42.0,21.24,4.15,-0.183,43.1,3.6675,-0.1535,40.75,1,0,0,3.0,5.0,4.0,2.0
Kolkata,2022-01-17,3,21.19,0.0,-0.227,40.1,24851.9,3,22.73,4.52,-0.189,40.0,21.15,1.77,-0.149,41.6,19.53,6.17,-0.182,42.5,3.225,-0.173,40.375,1,0,0,4.0,5.0,3.5,3.0
Kolkata,2022-01-24,4,22.84,0.0,-0.224,40.1,24854.2,3,24.28,3.81,-0.168,40.1,19.28,4.57,-0.108,41.3,19.66,2.24,-0.16,42.0,2.0825,-0.202,40.075,1,0,0,3.0,4.0,3.25,1.0
Kolkata,2022-01-31,5,25.9,0.0,-0.195,40.2,24857.4,4,21.19,0.0,-0.227,40.1,22.73,4.52,-0.189,40.0,21.15,1.77,-0.149,41.6,0.9525,-0.2035,40.125,1,0,0,3.0,3.0,3.5,3.0
Kolkata,2022-02-07,6,23.13,1.49,-0.151,40.2,24854.9,2,22.84,0.0,-0.224,40.1,24.28,3.81,-0.168,40.1,19.28,4.57,-0.108,41.3,0.3725,-0.19925,40.150000000000006,2,0,0,4.0,4.0,3.0,3.0
Kolkata,2022-02-14,7,25.42,0.78,-0.185,40.3,24858.9,3,25.9,0.0,-0.195,40.2,21.19,0.0,-0.227,40.1,22.73,4.52,-0.189,40.0,0.5675,-0.18875000000000003,40.2,2,0,0,2.0,3.0,3.0,3.0
Kolkata,2022-02-21,8,25.24,0.0,-0.253,40.4,24851.1,1,23.13,1.49,-0.151,40.2,22.84,0.0,-0.224,40.1,24.28,3.81,-0.168,40.1,0.5675,-0.196,40.275,2,0,0,3.0,3.0,2.5,5.0
Kolkata,2022-02-28,9,26.63,0.0,-0.2,40.6,24851.2,3,25.42,0.78,-0.185,40.3,25.9,0.0,-0.195,40.2,21.19,0.0,-0.227,40.1,0.5675,-0.19725,40.375,2,0,0,1.0,4.0,2.25,5.0
Kolkata,2022-03-07,10,26.39,6.14,-0.212,40.8,24854.5,3,25.24,0.0,-0.253,40.4,23.13,1.49,-0.151,40.2,22.84,0.0,-0.224,40.1,1.73,-0.2125,40.525,3,0,0,3.0,2.0,2.5,4.0
Kolkata,2022-03-14,11,27.48,12.71,-0.109,41.0,24847.6,3,26.63,0.0,-0.2,40.6,25.42,0.78,-0.185,40.3,25.9,0.0,-0.195,40.2,4.7125,-0.1935,40.7,3,0,0,3.0,3.0,2.5,5.0
Kolkata,2022-03-21,12,28.96,1.34,-0.145,41.3,24853.8,5,26.39,6.14,-0.212,40.8,25.24,0.0,-0.253,40.4,23.13,1.49,-0.151,40.2,5.0475,-0.16649999999999998,40.925,3,0,0,3.0,1.0,3.5,5.0
Kolkata,2022-03-28,13,29.14,2.0,-0.164,41.6,24862.9,5,27.48,12.71,-0.109,41.0,26.63,0.0,-0.2,40.6,25.42,0.78,-0.185,40.3,5.5475,-0.1575,41.175,3,0,0,5.0,3.0,4.0,7.0
Kolkata,2022-04-04,14,29.41,0.02,-0.163,42.0,24857.7,4,28.96,1.34,-0.145,41.3,26.39,6.14,-0.212,40.8,25.24,0.0,-0.253,40.4,4.0175,-0.14525,41.475,4,0,0,5.0,3.0,4.25,6.0
Kolkata,2022-04-11,15,30.78,0.0,-0.172,42.5,24861.3,5,29.14,2.0,-0.164,41.6,27.48,12.71,-0.109,41.0,26.63,0.0,-0.2,40.6,0.84,-0.16099999999999998,41.85,4,0,0,4.0,3.0,4.75,6.0
Kolkata,2022-04-18,16,30.28,0.0,-0.21,43.1,24859.0,5,29.41,0.02,-0.163,42.0,28.96,1.34,-0.145,41.3,26.39,6.14,-0.212,40.8,0.5049999999999999,-0.17725,42.3,4,0,0,5.0,5.0,4.75,9.0
Kolkata,2022-04-25,17,31.66,4.15,-0.194,43.7,24855.3,7,30.78,0.0,-0.172,42.5,29.14,2.0,-0.164,41.6,27.48,12.71,-0.109,41.0,1.0425,-0.18475,42.825,4,0,0,5.0,5.0,5.25,7.0
Kolkata,2022-05-02,18,32.02,5.47,-0.169,44.5,24865.0,6,30.28,0.0,-0.21,43.1,29.41,0.02,-0.163,42.0,28.96,1.34,-0.145,41.3,2.4050000000000002,-0.18625000000000003,43.45,5,0,0,7.0,4.0,5.75,9.0
Kolkata,2022-05-09,19,32.75,5.16,-0.166,45.3,24875.4,6,31.66,4.15,-0.194,43.7,30.78,0.0,-0.172,42.5,29.14,2.0,-0.164,41.6,3.6950000000000003,-0.18475,44.150000000000006,5,0,0,6.0,5.0,6.0,11.0
Kolkata,2022-05-16,20,33.29,10.48,-0.093,46.2,24874.7,9,32.02,5.47,-0.169,44.5,30.28,0.0,-0.21,43.1,29.41,0.02,-0.163,42.0,6.315,-0.15550000000000003,44.925,5,0,0,6.0,5.0,7.0,11.0
Kolkata,2022-05-23,21,30.32,10.43,-0.109,47.1,24869.5,7,32.75,5.16,-0.166,45.3,31.66,4.15,-0.194,43.7,30.78,0.0,-0.172,42.5,7.885,-0.13425,45.775,5,0,0,9.0,7.0,7.0,11.0
Kolkata,2022-05-30,22,33.67,15.36,-0.079,48.1,24869.1,9,33.29,10.48,-0.093,46.2,32.02,5.47,-0.169,44.5,30.28,0.0,-0.21,43.1,10.3575,-0.11175,46.675,5,0,0,7.0,6.0,7.75,10.0
Kolkata,2022-06-06,23,33.75,20.29,-0.084,49.1,24868.8,11,30.32,10.43,-0.109,47.1,32.75,5.16,-0.166,45.3,31.66,4.15,-0.194,43.7,14.14,-0.09125000000000001,47.625,6,1,0,9.0,6.0,9.0,12.0
Kolkata,2022-06-13,24,34.39,13.79,-0.03,50.1,24859.8,11,33.67,15.36,-0.079,48.1,33.29,10.48,-0.093,46.2,32.02,5.47,-0.169,44.5,14.9675,-0.0755,48.6,6,1,0,11.0,9.0,9.5,13.0
Kolkata,2022-06-20,25,33.15,21.29,-0.017,51.1,24870.4,11,33.75,20.29,-0.084,49.1,30.32,10.43,-0.109,47.1,32.75,5.16,-0.166,45.3,17.682499999999997,-0.052500000000000005,49.6,6,1,0,11.0,7.0,10.5,23.0
Kolkata,2022-06-27,26,33.22,17.49,-0.018,52.0,24874.0,10,34.39,13.79,-0.03,50.1,33.67,15.36,-0.079,48.1,33.29,10.48,-0.093,46.2,18.215,-0.03725,50.575,6,1,0,11.0,9.0,10.75,11.0
Kolkata,2022-07-04,27,33.61,17.36,-0.042,52.9,24873.7,12,33.15,21.29,-0.017,51.1,33.75,20.29,-0.084,49.1,30.32,10.43,-0.109,47.1,17.482499999999998,-0.02675,51.525,7,1,0,10.0,11.0,11.0,14.0
Kolkata,2022-07-11,28,32.34,23.51,-0.03,53.6,24875.2,13,33.22,17.49,-0.018,52.0,34.39,13.79,-0.03,50.1,33.67,15.36,-0.079,48.1,19.9125,-0.02675,52.4,7,1,0,12.0,11.0,11.5,12.0
Kolkata,2022-07-18,29,30.59,24.86,0.025,54.2,24880.9,23,33.61,17.36,-0.042,52.9,33.15,21.29,-0.017,51.1,33.75,20.29,-0.084,49.1,20.805,-0.01625,53.175000000000004,7,1,0,13.0,11.0,14.5,12.0
Kolkata,2022-07-25,30,31.07,32.66,0.054,54.6,24876.6,11,32.34,23.51,-0.03,53.6,33.22,17.49,-0.018,52.0,34.39,13.79,-0.03,50.1,24.5975,0.0017500000000000016,53.825,7,1,0,23.0,10.0,14.75,15.0
Kolkata,2022-08-01,31,29.98,33.56,0.062,54.9,24877.6,14,30.59,24.86,0.025,54.2,33.61,17.36,-0.042,52.9,33.15,21.29,-0.017,51.1,28.6475,0.02775,54.325,8,1,0,11.0,12.0,15.25,15.0
Kolkata,2022-08-08,32,30.56,23.32,0.001,55.0,24872.9,12,31.07,32.66,0.054,54.6,32.34,23.51,-0.03,53.6,33.22,17.49,-0.018,52.0,28.6,0.035500000000000004,54.675000000000004,8,1,0,14.0,13.0,15.0,15.0
Kolkata,2022-08-15,33,28.3,22.53,-0.004,54.9,24879.2,12,29.98,33.56,0.062,54.9,30.59,24.86,0.025,54.2,33.61,17.36,-0.042,52.9,28.0175,0.028249999999999997,54.849999999999994,8,1,0,12.0,23.0,12.25,12.0
Kolkata,2022-08-22,34,28.55,24.58,-0.007,54.6,24887.8,15,30.56,23.32,0.001,55.0,31.07,32.66,0.054,54.6,32.34,23.51,-0.03,53.6,25.997500000000002,0.013,54.85,8,1,0,12.0,11.0,13.25,11.0
Kolkata,2022-08-29,35,29.71,29.47,0.009,54.2,24887.2,15,28.3,22.53,-0.004,54.9,29.98,33.56,0.062,54.9,30.59,24.86,0.025,54.2,24.975,-0.0002500000000000002,54.675,8,1,0,15.0,14.0,13.5,13.0
Kolkata,2022-09-05,36,26.89,26.48,0.01,53.6,24878.0,15,28.55,24.58,-0.007,54.6,30.56,23.32,0.001,55.0,31.07,32.66,0.054,54.6,25.765,0.002,54.325,9,1,1,15.0,12.0,14.25,11.0
Kolkata,2022-09-12,37,24.23,21.06,-0.003,52.9,24888.9,12,29.71,29.47,0.009,54.2,28.3,22.53,-0.004,54.9,29.98,33.56,0.062,54.9,25.3975,0.0022499999999999994,53.825,9,1,1,15.0,12.0,14.25,9.0
Kolkata,2022-09-19,38,26.05,19.57,-0.031,52.0,24874.8,11,26.89,26.48,0.01,53.6,28.55,24.58,-0.007,54.6,30.56,23.32,0.001,55.0,24.144999999999996,-0.0037500000000000007,53.175,9,1,1,12.0,15.0,13.25,8.0
Kolkata,2022-09-26,39,24.61,19.61,-0.023,51.1,24891.8,13,24.23,21.06,-0.003,52.9,29.71,29.47,0.009,54.2,28.3,22.53,-0.004,54.9,21.68,-0.01175,52.400000000000006,9,1,1,11.0,15.0,12.75,8.0
Kolkata,2022-10-03,40,24.61,11.08,-0.077,50.1,24889.0,11,26.05,19.57,-0.031,52.0,26.89,26.48,0.01,53.6,28.55,24.58,-0.007,54.6,17.830000000000002,-0.0335,51.525,10,0,1,13.0,15.0,11.75,7.0
Kolkata,2022-10-10,41,23.59,13.94,-0.02,49.1,24892.9,9,24.61,19.61,-0.023,51.1,24.23,21.06,-0.003,52.9,29.71,29.47,0.009,54.2,16.05,-0.03775,50.575,10,0,1,11.0,12.0,11.0,7.0
Kolkata,2022-10-17,42,24.91,4.77,-0.123,48.1,24896.5,8,24.61,11.08,-0.077,50.1,26.05,19.57,-0.031,52.0,26.89,26.48,0.01,53.6,12.35,-0.06075,49.6,10,0,1,9.0,11.0,10.25,7.0
Kolkata,2022-10-24,43,23.1,0.0,-0.175,47.1,24886.7,8,23.59,13.94,-0.02,49.1,24.61,19.61,-0.023,51.1,24.23,21.06,-0.003,52.9,7.4475,-0.09875,48.60000000000001,10,0,1,8.0,13.0,9.0,6.0
Kolkata,2022-10-31,44,22.53,3.72,-0.14,46.2,24879.5,7,24.91,4.77,-0.123,48.1,24.61,11.08,-0.077,50.1,26.05,19.57,-0.031,52.0,5.6075,-0.11449999999999999,47.625,10,0,1,8.0,11.0,8.0,5.0
Kolkata,2022-11-07,45,23.05,3.67,-0.171,45.3,24886.1,7,23.1,0.0,-0.175,47.1,23.59,13.94,-0.02,49.1,24.61,19.61,-0.023,51.1,3.04,-0.15225,46.675,11,0,1,7.0,9.0,7.5,4.0
Kolkata,2022-11-14,46,19.63,8.06,-0.116,44.5,24880.9,7,22.53,3.72,-0.14,46.2,24.91,4.77,-0.123,48.1,24.61,11.08,-0.077,50.1,3.8625000000000003,-0.1505,45.775000000000006,11,0,1,7.0,8.0,7.25,5.0
Kolkata,2022-11-21,47,21.48,0.0,-0.184,43.7,24893.9,6,23.05,3.67,-0.171,45.3,23.1,0.0,-0.175,47.1,23.59,13.94,-0.02,49.1,3.8625000000000003,-0.15275,44.925,11,0,1,7.0,8.0,6.75,5.0
Kolkata,2022-11-28,48,23.07,0.0,-0.206,43.1,24893.9,5,19.63,8.06,-0.116,44.5,22.53,3.72,-0.14,46.2,24.91,4.77,-0.123,48.1,2.9325,-0.16924999999999998,44.15,11,0,1,6.0,7.0,6.25,3.0
Kolkata,2022-12-05,49,21.74,0.0,-0.167,42.5,24894.9,4,21.48,0.0,-0.184,43.7,23.05,3.67,-0.171,45.3,23.1,0.0,-0.175,47.1,2.015,-0.16824999999999998,43.45,12,0,0,5.0,7.0,5.5,5.0
Kolkata,2022-12-12,50,21.51,0.0,-0.203,42.0,24902.4,5,23.07,0.0,-0.206,43.1,19.63,8.06,-0.116,44.5,22.53,3.72,-0.14,46.2,0.0,-0.19,42.825,12,0,0,4.0,7.0,5.0,5.0
Kolkata,2022-12-19,51,22.21,0.0,-0.255,41.6,24900.1,5,21.74,0.0,-0.167,42.5,21.48,0.0,-0.184,43.7,23.05,3.67,-0.171,45.3,0.0,-0.20775,42.3,12,0,0,5.0,6.0,4.75,5.0
Kolkata,2022-12-26,52,25.08,1.63,-0.228,41.3,24894.7,3,21.51,0.0,-0.203,42.0,23.07,0.0,-0.206,43.1,19.63,8.06,-0.116,44.5,0.4075,-0.21325,41.85,12,0,0,5.0,5.0,4.25,3.0
Kolkata,2023-01-02,1,19.63,4.48,-0.118,40.0,24897.0,5,22.21,0.0,-0.255,41.6,21.74,0.0,-0.167,42.5,21.48,0.0,-0.184,43.7,1.5275,-0.20099999999999998,41.225,1,0,0,3.0,4.0,4.5,4.0
Kolkata,2023-01-09,2,23.49,0.0,-0.204,40.1,24901.0,5,25.08,1.63,-0.228,41.3,21.51,0.0,-0.203,42.0,23.07,0.0,-0.206,43.1,1.5275,-0.20124999999999998,40.75,1,0,0,5.0,5.0,4.5,3.0
Kolkata,2023-01-16,3,23.3,0.0,-0.141,40.1,24903.1,5,19.63,4.48,-0.118,40.0,22.21,0.0,-0.255,41.6,21.74,0.0,-0.167,42.5,1.5275,-0.17275,40.375,1,0,0,5.0,5.0,4.5,3.0
Kolkata,2023-01-23,4,20.55,0.0,-0.182,40.1,24904.0,3,23.49,0.0,-0.204,40.1,25.08,1.63,-0.228,41.3,21.51,0.0,-0.203,42.0,1.12,-0.16124999999999998,40.075,1,0,0,5.0,3.0,4.5,3.0
Kolkata,2023-01-30,5,22.78,10.22,-0.145,40.2,24903.3,4,23.3,0.0,-0.141,40.1,19.63,4.48,-0.118,40.0,22.21,0.0,-0.255,41.6,2.555,-0.16799999999999998,40.125,1,0,0,3.0,5.0,4.25,2.0
Kolkata,2023-02-06,6,24.09,0.0,-0.161,40.2,24907.5,3,20.55,0.0,-0.182,40.1,23.49,0.0,-0.204,40.1,25.08,1.63,-0.228,41.3,2.555,-0.15724999999999997,40.150000000000006,2,0,0,4.0,5.0,3.75,2.0
Kolkata,2023-02-13,7,23.71,0.0,-0.178,40.3,24908.8,3,22.78,10.22,-0.145,40.2,23.3,0.0,-0.141,40.1,19.63,4.48,-0.118,40.0,2.555,-0.16649999999999998,40.2,2,0,0,3.0,5.0,3.25,3.0
Kolkata,2023-02-20,8,26.01,0.0,-0.2,40.4,24899.2,3,24.09,0.0,-0.161,40.2,20.55,0.0,-0.182,40.1,23.49,0.0,-0.204,40.1,2.555,-0.17099999999999999,40.275000000000006,2,0,0,3.0,3.0,3.25,3.0
Kolkata,2023-02-27,9,26.08,0.0,-0.239,40.6,24911.6,2,23.71,0.0,-0.178,40.3,22.78,10.22,-0.145,40.2,23.3,0.0,-0.141,40.1,0.0,-0.19449999999999998,40.375,2,0,0,3.0,4.0,2.75,5.0
Kolkata,2023-03-06,10,26.62,5.55,-0.179,40.8,24909.8,2,26.01,0.0,-0.2,40.4,24.09,0.0,-0.161,40.2,20.55,0.0,-0.182,40.1,1.3875,-0.19899999999999998,40.525,3,0,0,2.0,3.0,2.5,3.0
Kolkata,2023-03-13,11,26.46,3.22,-0.245,41.0,24900.4,3,26.08,0.0,-0.239,40.6,23.71,0.0,-0.178,40.3,22.78,10.22,-0.145,40.2,2.1925,-0.21575,40.699999999999996,3,0,0,2.0,3.0,2.5,4.0
Kolkata,2023-03-20,12,27.46,1.63,-0.19,41.3,24907.0,3,26.62,5.55,-0.179,40.8,26.01,0.0,-0.2,40.4,24.09,0.0,-0.161,40.2,2.6,-0.21324999999999997,40.925,3,0,0,3.0,3.0,2.5,6.0
Kolkata,2023-03-27,13,28.01,0.0,-0.252,41.6,24907.6,5,26.46,3.22,-0.245,41.0,26.08,0.0,-0.239,40.6,23.71,0.0,-0.178,40.3,2.6,-0.21649999999999997,41.175,3,0,0,3.0,2.0,3.25,6.0
Kolkata,2023-04-03,14,27.97,4.03,-0.184,42.0,24910.5,3,27.46,1.63,-0.19,41.3,26.62,5.55,-0.179,40.8,26.01,0.0,-0.2,40.4,2.2199999999999998,-0.21775,41.474999999999994,4,0,0,5.0,2.0,3.5,6.0
Kolkata,2023-04-10,15,29.32,1.13,-0.197,42.5,24911.4,4,28.01,0.0,-0.252,41.6,26.46,3.22,-0.245,41.0,26.08,0.0,-0.239,40.6,1.6974999999999998,-0.20575,41.849999999999994,4,0,0,3.0,3.0,3.75,7.0
Kolkata,2023-04-17,16,31.86,9.98,-0.103,43.1,24907.3,6,27.97,4.03,-0.184,42.0,27.46,1.63,-0.19,41.3,26.62,5.55,-0.179,40.8,3.785,-0.18399999999999997,42.300000000000004,4,0,0,4.0,3.0,4.5,8.0
Kolkata,2023-04-24,17,31.58,6.56,-0.121,43.7,24922.8,6,29.32,1.13,-0.197,42.5,28.01,0.0,-0.252,41.6,26.46,3.22,-0.245,41.0,5.425,-0.15124999999999997,42.825,4,0,0,6.0,5.0,4.75,7.0
Kolkata,2023-05-01,18,31.33,9.55,-0.086,44.5,24920.2,6,31.86,9.98,-0.103,43.1,27.97,4.03,-0.184,42.0,27.46,1.63,-0.19,41.3,6.805,-0.12674999999999997,43.45,5,0,0,6.0,3.0,5.5,7.0
Kolkata,2023-05-08,19,31.58,13.42,-0.081,45.3,24922.6,7,31.58,6.56,-0.121,43.7,29.32,1.13,-0.197,42.5,28.01,0.0,-0.252,41.6,9.8775,-0.09774999999999998,44.15,5,0,0,6.0,4.0,6.25,10.0
Kolkata,2023-05-15,20,31.79,9.34,-0.093,46.2,24913.8,8,31.33,9.55,-0.086,44.5,31.86,9.98,-0.103,43.1,27.97,4.03,-0.184,42.0,9.7175,-0.09524999999999997,44.925000000000004,5,0,0,7.0,6.0,6.75,8.0
Kolkata,2023-05-22,21,30.22,6.62,-0.126,47.1,24916.0,7,31.58,13.42,-0.081,45.3,31.58,6.56,-0.121,43.7,29.32,1.13,-0.197,42.5,9.7325,-0.09649999999999997,45.775,5,0,0,8.0,6.0,7.0,9.0
Kolkata,2023-05-29,22,32.09,17.82,-0.168,48.1,24918.0,7,31.79,9.34,-0.093,46.2,31.33,9.55,-0.086,44.5,31.86,9.98,-0.103,43.1,11.8,-0.11699999999999997,46.675,5,0,0,7.0,6.0,7.25,10.0
Kolkata,2023-06-05,23,32.73,19.15,-0.019,49.1,24915.6,10,30.22,6.62,-0.126,47.1,31.58,13.42,-0.081,45.3,31.58,6.56,-0.121,43.7,13.232499999999998,-0.10149999999999998,47.625,6,1,0,7.0,7.0,8.0,10.0
Kolkata,2023-06-12,24,30.88,18.54,-0.034,50.1,24918.9,8,32.09,17.82,-0.168,48.1,31.79,9.34,-0.093,46.2,31.33,9.55,-0.086,44.5,15.532499999999999,-0.08674999999999998,48.6,6,1,0,10.0,8.0,8.0,10.0
Kolkata,2023-06-19,25,32.67,16.13,-0.029,51.1,24926.3,9,32.73,19.15,-0.019,49.1,30.22,6.62,-0.126,47.1,31.58,13.42,-0.081,45.3,17.909999999999997,-0.06249999999999998,49.6,6,1,0,8.0,7.0,8.5,12.0
Kolkata,2023-06-26,26,32.55,32.76,0.059,52.0,24913.0,10,30.88,18.54,-0.034,50.1,32.09,17.82,-0.168,48.1,31.79,9.34,-0.093,46.2,21.645,-0.005749999999999974,50.575,6,1,0,9.0,7.0,9.25,15.0
Kolkata,2023-07-03,27,32.25,27.19,0.105,52.9,24915.2,10,32.67,16.13,-0.029,51.1,32.73,19.15,-0.019,49.1,30.22,6.62,-0.126,47.1,23.654999999999998,0.025250000000000026,51.525,7,1,0,10.0,10.0,9.25,21.0
Kolkata,2023-07-10,28,31.76,27.38,0.045,53.6,24929.5,10,32.55,32.76,0.059,52.0,30.88,18.54,-0.034,50.1,32.09,17.82,-0.168,48.1,25.865000000000002,0.045000000000000026,52.4,7,1,0,10.0,8.0,9.75,19.0
Kolkata,2023-07-17,29,29.24,28.93,0.018,54.2,24921.3,12,32.25,27.19,0.105,52.9,32.67,16.13,-0.029,51.1,32.73,19.15,-0.019,49.1,29.065,0.05675000000000003,53.175,7,1,0,10.0,9.0,10.5,13.0
Kolkata,2023-07-24,30,31.16,24.52,0.009,54.6,24929.3,15,31.76,27.38,0.045,53.6,32.55,32.76,0.059,52.0,30.88,18.54,-0.034,50.1,27.005,0.044250000000000025,53.825,7,1,0,12.0,10.0,11.75,16.0
Kolkata,2023-07-31,31,31.01,26.23,0.049,54.9,24926.7,21,29.24,28.93,0.018,54.2,32.25,27.19,0.105,52.9,32.67,16.13,-0.029,51.1,26.765,0.030250000000000027,54.325,7,1,0,15.0,10.0,14.5,16.0
Kolkata,2023-08-07,32,27.07,25.14,0.064,55.0,24927.9,19,31.16,24.52,0.009,54.6,31.76,27.38,0.045,53.6,32.55,32.76,0.059,52.0,26.205000000000002,0.03500000000000003,54.675,8,1,0,21.0,10.0,16.75,15.0
Kolkata,2023-08-14,33,28.79,26.24,0.032,54.9,24929.1,13,31.01,26.23,0.049,54.9,29.24,28.93,0.018,54.2,32.25,27.19,0.105,52.9,25.5325,0.03850000000000003,54.85,8,1,0,19.0,12.0,17.0,15.0
Kolkata,2023-08-21,34,28.68,26.48,-0.015,54.6,24934.2,16,27.07,25.14,0.064,55.0,31.16,24.52,0.009,54.6,31.76,27.38,0.045,53.6,26.0225,0.03250000000000003,54.849999999999994,8,1,0,13.0,15.0,17.25,14.0
Kolkata,2023-08-28,35,27.42,27.56,0.021,54.2,24927.4,16,28.79,26.24,0.032,54.9,31.01,26.23,0.049,54.9,29.24,28.93,0.018,54.2,26.355,0.02550000000000003,54.675000000000004,8,1,0,16.0,21.0,16.0,11.0
Kolkata,2023-09-04,36,27.63,22.32,0.043,53.6,24935.2,15,28.68,26.48,-0.015,54.6,27.07,25.14,0.064,55.0,31.16,24.52,0.009,54.6,25.65,0.02025000000000003,54.324999999999996,9,1,1,16.0,19.0,15.0,14.0
Kolkata,2023-09-11,37,26.92,15.48,-0.069,52.9,24932.5,15,27.42,27.56,0.021,54.2,28.79,26.24,0.032,54.9,31.01,26.23,0.049,54.9,22.96,-0.004999999999999973,53.825,9,1,1,15.0,13.0,15.5,13.0
Kolkata,2023-09-18,38,25.65,10.22,-0.099,52.0,24944.3,14,27.63,22.32,0.043,53.6,28.68,26.48,-0.015,54.6,27.07,25.14,0.064,55.0,18.895,-0.025999999999999975,53.175,9,1,1,15.0,16.0,15.0,8.0
Kolkata,2023-09-25,39,24.24,5.94,-0.181,51.1,24941.2,11,26.92,15.48,-0.069,52.9,27.42,27.56,0.021,54.2,28.79,26.24,0.032,54.9,13.49,-0.07649999999999997,52.4,9,1,1,14.0,16.0,13.75,9.0
Kolkata,2023-10-02,40,24.39,5.24,-0.158,50.1,24931.1,14,25.65,10.22,-0.099,52.0,27.63,22.32,0.043,53.6,28.68,26.48,-0.015,54.6,9.22,-0.12674999999999997,51.525000000000006,10,0,1,11.0,15.0,13.5,6.0
Kolkata,2023-10-09,41,22.77,7.55,-0.156,49.1,24935.1,13,24.24,5.94,-0.181,51.1,26.92,15.48,-0.069,52.9,27.42,27.56,0.021,54.2,7.237500000000001,-0.14849999999999997,50.575,10,0,1,14.0,15.0,13.0,6.0
Kolkata,2023-10-16,42,20.59,8.79,-0.099,48.1,24941.9,8,24.39,5.24,-0.158,50.1,25.65,10.22,-0.099,52.0,27.63,22.32,0.043,53.6,6.880000000000001,-0.14849999999999997,49.6,10,0,1,13.0,14.0,11.5,6.0
Kolkata,2023-10-23,43,21.64,5.35,-0.12,47.1,24937.5,9,22.77,7.55,-0.156,49.1,24.24,5.94,-0.181,51.1,26.92,15.48,-0.069,52.9,6.7325,-0.13324999999999998,48.6,10,0,1,8.0,11.0,11.0,6.0
Kolkata,2023-10-30,44,21.22,3.68,-0.158,46.2,24933.6,6,20.59,8.79,-0.099,48.1,24.39,5.24,-0.158,50.1,25.65,10.22,-0.099,52.0,6.342499999999999,-0.13324999999999998,47.62500000000001,10,0,1,9.0,14.0,9.0,6.0
Kolkata,2023-11-06,45,22.66,8.98,-0.143,45.3,24936.3,6,21.64,5.35,-0.12,47.1,22.77,7.55,-0.156,49.1,24.24,5.94,-0.181,51.1,6.7,-0.12999999999999998,46.675,11,0,1,6.0,13.0,7.25,5.0
Kolkata,2023-11-13,46,21.48,4.45,-0.146,44.5,24940.2,6,21.22,3.68,-0.158,46.2,20.59,8.79,-0.099,48.1,24.39,5.24,-0.158,50.1,5.614999999999999,-0.14175,45.775,11,0,1,6.0,8.0,6.75,5.0
Kolkata,2023-11-20,47,18.8,6.01,-0.13,43.7,24940.4,6,22.66,8.98,-0.143,45.3,21.64,5.35,-0.12,47.1,22.77,7.55,-0.156,49.1,5.78,-0.14425,44.925000000000004,11,0,1,6.0,9.0,6.0,4.0
Kolkata,2023-11-27,48,21.98,1.03,-0.224,43.1,24942.4,6,21.48,4.45,-0.146,44.5,21.22,3.68,-0.158,46.2,20.59,8.79,-0.099,48.1,5.1175,-0.16074999999999998,44.15,11,0,1,6.0,6.0,6.0,4.0
Lucknow,2019-02-18,8,25.77,0.0,-0.214,40.4,7292.5,3,24.56,0.0,-0.212,40.2,22.79,3.34,-0.171,40.1,20.45,1.68,-0.169,40.1,0.765,-0.18625,40.275000000000006,2,0,0,3.0,3.0,3.0,3.0
Lucknow,2019-02-25,9,26.72,2.18,-0.185,40.6,7313.6,3,25.55,2.72,-0.161,40.3,21.9,0.34,-0.158,40.2,20.61,0.0,-0.164,40.1,1.225,-0.193,40.375,2,0,0,3.0,3.0,3.0,5.0
Lucknow,2019-03-04,10,25.3,0.0,-0.241,40.8,7307.1,3,25.77,0.0,-0.214,40.4,24.56,0.0,-0.212,40.2,22.79,3.34,-0.171,40.1,1.225,-0.20025,40.525,3,0,0,3.0,3.0,3.0,5.0
Lucknow,2019-03-11,11,25.98,0.0,-0.204,41.0,7305.5,4,26.72,2.18,-0.185,40.6,25.55,2.72,-0.161,40.3,21.9,0.34,-0.158,40.2,0.545,-0.211,40.699999999999996,3,0,0,3.0,3.0,3.25,3.0
Lucknow,2019-03-18,12,27.15,2.05,-0.147,41.3,7311.8,3,25.3,0.0,-0.241,40.8,25.77,0.0,-0.214,40.4,24.56,0.0,-0.212,40.2,1.0575,-0.19425,40.925,3,0,0,4.0,3.0,3.25,6.0
Lucknow,2019-03-25,13,26.98,1.87,-0.212,41.6,7308.6,5,25.98,0.0,-0.204,41.0,26.72,2.18,-0.185,40.6,25.55,2.72,-0.161,40.3,0.98,-0.20099999999999998,41.175,3,0,0,3.0,3.0,3.75,7.0
Lucknow,2019-04-01,14,28.66,0.53,-0.189,42.0,7301.9,5,27.15,2.05,-0.147,41.3,25.3,0.0,-0.241,40.8,25.77,0.0,-0.214,40.4,1.1125,-0.188,41.474999999999994,4,0,0,5.0,3.0,4.25,6.0
Lucknow,2019-04-08,15,27.16,2.99,-0.216,42.5,7304.7,3,26.98,1.87,-0.212,41.6,25.98,0.0,-0.204,41.0,26.72,2.18,-0.185,40.6,1.86,-0.191,41.849999999999994,4,0,0,5.0,4.0,4.0,6.0
Lucknow,2019-04-15,16,30.87,5.76,-0.11,43.1,7304.4,6,28.66,0.53,-0.189,42.0,27.15,2.05,-0.147,41.3,25.3,0.0,-0.241,40.8,2.7875,-0.18175,42.300000000000004,4,0,0,3.0,3.0,4.75,18.0
Lucknow,2019-04-22,17,30.91,0.0,-0.171,43.7,7308.3,7,27.16,2.99,-0.216,42.5,26.98,1.87,-0.212,41.6,25.98,0.0,-0.204,41.0,2.3200000000000003,-0.17149999999999999,42.825,4,0,0,6.0,5.0,5.25,8.0
Lucknow,2019-04-29,18,31.09,2.95,-0.215,44.5,7311.2,6,30.87,5.76,-0.11,43.1,28.66,0.53,-0.189,42.0,27.15,2.05,-0.147,41.3,2.925,-0.178,43.45,4,0,0,7.0,5.0,5.5,8.0
Lucknow,2019-05-06,19,32.11,5.31,-0.139,45.3,7310.0,6,30.91,0.0,-0.171,43.7,27.16,2.99,-0.216,42.5,26.98,1.87,-0.212,41.6,3.505,-0.15875,44.15,5,0,0,6.0,3.0,6.25,9.0
Lucknow,2019-05-13,20,31.77,4.99,-0.232,46.2,7314.0,18,31.09,2.95,-0.215,44.5,30.87,5.76,-0.11,43.1,28.66,0.53,-0.189,42.0,3.3125,-0.18925000000000003,44.925000000000004,5,0,0,6.0,6.0,9.25,9.0
Lucknow,2019-05-20,21,31.45,3.97,-0.14,47.1,7306.5,8,32.11,5.31,-0.139,45.3,30.91,0.0,-0.171,43.7,27.16,2.99,-0.216,42.5,4.305,-0.1815,45.775,5,0,0,18.0,7.0,9.5,10.0
Lucknow,2019-05-27,22,31.04,6.67,-0.142,48.1,7310.6,8,31.77,4.99,-0.232,46.2,31.09,2.95,-0.215,44.5,30.87,5.76,-0.11,43.1,5.235,-0.16325,46.675,5,0,0,8.0,6.0,10.0,9.0
Lucknow,2019-06-03,23,31.29,8.26,-0.128,49.1,7302.1,9,31.45,3.97,-0.14,47.1,32.11,5.31,-0.139,45.3,30.91,0.0,-0.171,43.7,5.9725,-0.1605,47.625,6,1,0,8.0,6.0,10.75,10.0
Lucknow,2019-06-10,24,31.72,11.35,-0.099,50.1,7305.7,9,31.04,6.67,-0.142,48.1,31.77,4.99,-0.232,46.2,31.09,2.95,-0.215,44.5,7.5625,-0.12725,48.6,6,1,0,9.0,18.0,8.5,12.0
Lucknow,2019-06-17,25,32.96,16.47,-0.049,51.1,7310.4,10,31.29,8.26,-0.128,49.1,31.45,3.97,-0.14,47.1,32.11,5.31,-0.139,45.3,10.6875,-0.1045,49.6,6,1,0,9.0,8.0,9.0,11.0
Lucknow,2019-06-24,26,31.83,14.83,-0.068,52.0,7312.4,9,31.72,11.35,-0.099,50.1,31.04,6.67,-0.142,48.1,31.77,4.99,-0.232,46.2,12.7275,-0.08600000000000001,50.575,6,1,0,10.0,8.0,9.25,11.0
Lucknow,2019-07-01,27,30.46,16.06,-0.063,52.9,7304.3,10,32.96,16.47,-0.049,51.1,31.29,8.26,-0.128,49.1,31.45,3.97,-0.14,47.1,14.6775,-0.06975,51.525,7,1,0,9.0,9.0,9.5,10.0
Lucknow,2019-07-08,28,29.44,12.7,-0.108,53.6,7310.6,12,31.83,14.83,-0.068,52.0,31.72,11.35,-0.099,50.1,31.04,6.67,-0.142,48.1,15.015,-0.07200000000000001,52.4,7,1,0,10.0,9.0,10.25,11.0
Lucknow,2019-07-15,29,31.19,16.23,-0.073,54.2,7294.3,11,30.46,16.06,-0.063,52.9,32.96,16.47,-0.049,51.1,31.29,8.26,-0.128,49.1,14.955,-0.078,53.175,7,1,0,12.0,10.0,10.5,11.0
Lucknow,2019-07-22,30,30.09,17.78,-0.042,54.6,7305.1,11,29.44,12.7,-0.108,53.6,31.83,14.83,-0.068,52.0,31.72,11.35,-0.099,50.1,15.6925,-0.07150000000000001,53.825,7,1,0,11.0,9.0,11.0,13.0
Lucknow,2019-07-29,31,27.94,17.27,-0.013,54.9,7315.5,10,31.19,16.23,-0.073,54.2,30.46,16.06,-0.063,52.9,32.96,16.47,-0.049,51.1,15.995000000000001,-0.059000000000000004,54.325,7,1,0,11.0,10.0,11.0,10.0
Lucknow,2019-08-05,32,31.06,16.89,-0.061,55.0,7303.5,11,30.09,17.78,-0.042,54.6,29.44,12.7,-0.108,53.6,31.83,14.83,-0.068,52.0,17.0425,-0.04725,54.675,8,1,0,10.0,12.0,10.75,10.0
Lucknow,2019-08-12,33,25.47,14.96,-0.046,54.9,7307.9,11,27.94,17.27,-0.013,54.9,31.19,16.23,-0.073,54.2,30.46,16.06,-0.063,52.9,16.725,-0.0405,54.85,8,1,0,11.0,11.0,10.75,11.0
Lucknow,2019-08-19,34,27.55,17.06,-0.009,54.6,7309.0,13,31.06,16.89,-0.061,55.0,30.09,17.78,-0.042,54.6,29.44,12.7,-0.108,53.6,16.545,-0.032249999999999994,54.849999999999994,8,1,0,11.0,11.0,11.25,11.0
Lucknow,2019-08-26,35,24.94,11.15,-0.083,54.2,7313.6,10,25.47,14.96,-0.046,54.9,27.94,17.27,-0.013,54.9,31.19,16.23,-0.073,54.2,15.015,-0.04975,54.675000000000004,8,1,0,13.0,10.0,11.25,10.0
Lucknow,2019-09-02,36,26.01,10.31,-0.112,53.6,7312.7,10,27.55,17.06,-0.009,54.6,31.06,16.89,-0.061,55.0,30.09,17.78,-0.042,54.6,13.370000000000001,-0.0625,54.324999999999996,9,1,1,10.0,11.0,11.0,9.0
Lucknow,2019-09-09,37,26.59,6.75,-0.101,52.9,7311.4,11,24.94,11.15,-0.083,54.2,25.47,14.96,-0.046,54.9,27.94,17.27,-0.013,54.9,11.317499999999999,-0.07625000000000001,53.825,9,1,1,10.0,11.0,11.0,9.0
Lucknow,2019-09-16,38,26.68,9.75,-0.156,52.0,7312.8,11,26.01,10.31,-0.112,53.6,27.55,17.06,-0.009,54.6,31.06,16.89,-0.061,55.0,9.49,-0.113,53.175,9,1,1,11.0,13.0,10.5,11.0
Lucknow,2019-09-23,39,23.5,5.06,-0.085,51.1,7307.7,10,26.59,6.75,-0.101,52.9,24.94,11.15,-0.083,54.2,25.47,14.96,-0.046,54.9,7.9675,-0.1135,52.4,9,1,1,11.0,10.0,10.5,7.0
Lucknow,2019-09-30,40,22.32,3.48,-0.148,50.1,7318.2,9,26.68,9.75,-0.156,52.0,26.01,10.31,-0.112,53.6,27.55,17.06,-0.009,54.6,6.26,-0.1225,51.525000000000006,9,1,1,10.0,10.0,10.25,7.0
Lucknow,2019-10-07,41,22.63,6.24,-0.142,49.1,7312.1,9,23.5,5.06,-0.085,51.1,26.59,6.75,-0.101,52.9,24.94,11.15,-0.083,54.2,6.1325,-0.13275,50.575,10,0,1,9.0,11.0,9.75,8.0
Lucknow,2019-10-14,42,23.44,2.36,-0.212,48.1,7310.5,11,22.32,3.48,-0.148,50.1,26.68,9.75,-0.156,52.0,26.01,10.31,-0.112,53.6,4.285,-0.14675,49.6,10,0,1,9.0,11.0,9.75,7.0
Lucknow,2019-10-21,43,20.85,1.02,-0.152,47.1,7312.7,7,22.63,6.24,-0.142,49.1,23.5,5.06,-0.085,51.1,26.59,6.75,-0.101,52.9,3.2750000000000004,-0.1635,48.6,10,0,1,11.0,10.0,9.0,7.0
Lucknow,2019-10-28,44,22.91,0.0,-0.178,46.2,7317.5,7,23.44,2.36,-0.212,48.1,22.32,3.48,-0.148,50.1,26.68,9.75,-0.156,52.0,2.4050000000000002,-0.17099999999999999,47.62500000000001,10,0,1,7.0,9.0,8.5,7.0
Lucknow,2019-11-04,45,17.85,5.09,-0.159,45.3,7307.6,8,20.85,1.02,-0.152,47.1,22.63,6.24,-0.142,49.1,23.5,5.06,-0.085,51.1,2.1174999999999997,-0.17525,46.675,11,0,1,7.0,9.0,8.25,6.0
Lucknow,2019-11-11,46,16.96,1.82,-0.199,44.5,7308.9,7,22.91,0.0,-0.178,46.2,23.44,2.36,-0.212,48.1,22.32,3.48,-0.148,50.1,1.9825000000000002,-0.172,45.775,11,0,1,8.0,11.0,7.25,5.0
Lucknow,2019-11-18,47,20.77,1.45,-0.107,43.7,7309.2,7,17.85,5.09,-0.159,45.3,20.85,1.02,-0.152,47.1,22.63,6.24,-0.142,49.1,2.09,-0.16075,44.925000000000004,11,0,1,7.0,7.0,7.25,4.0
Lucknow,2019-11-25,48,19.2,0.0,-0.226,43.1,7313.6,7,16.96,1.82,-0.199,44.5,22.91,0.0,-0.178,46.2,23.44,2.36,-0.212,48.1,2.09,-0.17275000000000001,44.15,11,0,1,7.0,7.0,7.25,4.0
Lucknow,2019-12-02,49,17.96,6.23,-0.157,42.5,7316.5,6,20.77,1.45,-0.107,43.7,17.85,5.09,-0.159,45.3,20.85,1.02,-0.152,47.1,2.375,-0.17225000000000001,43.45,12,0,0,7.0,8.0,6.75,3.0
Lucknow,2019-12-09,50,19.46,0.0,-0.222,42.0,7322.6,5,19.2,0.0,-0.226,43.1,16.96,1.82,-0.199,44.5,22.91,0.0,-0.178,46.2,1.92,-0.178,42.825,12,0,0,6.0,7.0,6.25,5.0
Lucknow,2019-12-16,51,20.31,2.24,-0.154,41.6,7314.9,4,17.96,6.23,-0.157,42.5,20.77,1.45,-0.107,43.7,17.85,5.09,-0.159,45.3,2.1175,-0.18975,42.3,12,0,0,5.0,7.0,5.5,4.0
Lucknow,2019-12-23,52,19.23,0.0,-0.197,41.3,7315.2,4,19.46,0.0,-0.222,42.0,19.2,0.0,-0.226,43.1,16.96,1.82,-0.199,44.5,2.1175,-0.1825,41.85,12,0,0,4.0,7.0,4.75,3.0
Lucknow,2019-12-30,1,19.91,0.0,-0.193,40.0,7321.8,3,20.31,2.24,-0.154,41.6,17.96,6.23,-0.157,42.5,20.77,1.45,-0.107,43.7,0.56,-0.1915,41.225,12,0,0,4.0,6.0,4.0,4.0
Lucknow,2020-01-06,2,20.97,2.82,-0.23,40.1,7317.9,5,19.23,0.0,-0.197,41.3,19.46,0.0,-0.222,42.0,19.2,0.0,-0.226,43.1,1.2650000000000001,-0.1935,40.75,1,0,0,3.0,5.0,4.0,3.0
Lucknow,2020-01-13,3,22.05,4.63,-0.186,40.1,7306.0,4,19.91,0.0,-0.193,40.0,20.31,2.24,-0.154,41.6,17.96,6.23,-0.157,42.5,1.8624999999999998,-0.2015,40.375,1,0,0,5.0,4.0,4.0,3.0
Lucknow,2020-01-20,4,20.04,0.0,-0.196,40.1,7320.5,3,20.97,2.82,-0.23,40.1,19.23,0.0,-0.197,41.3,19.46,0.0,-0.222,42.0,1.8624999999999998,-0.20124999999999998,40.075,1,0,0,4.0,4.0,3.75,2.0
Lucknow,2020-01-27,5,23.25,5.21,-0.199,40.2,7316.8,4,22.05,4.63,-0.186,40.1,19.91,0.0,-0.193,40.0,20.31,2.24,-0.154,41.6,3.165,-0.20275,40.125,1,0,0,3.0,3.0,4.0,4.0
Lucknow,2020-02-03,6,23.01,0.0,-0.196,40.2,7313.3,3,20.04,0.0,-0.196,40.1,20.97,2.82,-0.23,40.1,19.23,0.0,-0.197,41.3,2.46,-0.19424999999999998,40.150000000000006,2,0,0,4.0,5.0,3.5,3.0
Lucknow,2020-02-10,7,23.07,0.44,-0.169,40.3,7322.7,3,23.25,5.21,-0.199,40.2,22.05,4.63,-0.186,40.1,19.91,0.0,-0.193,40.0,1.4125,-0.19,40.2,2,0,0,3.0,4.0,3.25,3.0
Lucknow,2020-02-17,8,26.64,0.57,-0.191,40.4,7314.8,2,23.01,0.0,-0.196,40.2,20.04,0.0,-0.196,40.1,20.97,2.82,-0.23,40.1,1.555,-0.18875000000000003,40.275,2,0,0,3.0,3.0,3.0,4.0
Lucknow,2020-02-24,9,26.17,0.0,-0.24,40.6,7326.9,4,23.07,0.44,-0.169,40.3,23.25,5.21,-0.199,40.2,22.05,4.63,-0.186,40.1,0.2525,-0.199,40.375,2,0,0,2.0,4.0,3.0,6.0
Lucknow,2020-03-02,10,28.52,0.0,-0.241,40.8,7320.4,3,26.64,0.57,-0.191,40.4,23.01,0.0,-0.196,40.2,20.04,0.0,-0.196,40.1,0.2525,-0.21025000000000002,40.525,3,0,0,4.0,3.0,3.0,4.0
Lucknow,2020-03-09,11,26.12,0.0,-0.191,41.0,7328.2,3,26.17,0.0,-0.24,40.6,23.07,0.44,-0.169,40.3,23.25,5.21,-0.199,40.2,0.14250000000000002,-0.21575,40.7,3,0,0,3.0,3.0,3.0,6.0
Lucknow,2020-03-16,12,26.25,0.0,-0.191,41.3,7312.6,4,28.52,0.0,-0.241,40.8,26.64,0.57,-0.191,40.4,23.01,0.0,-0.196,40.2,0.0,-0.21575,40.925,3,0,0,3.0,2.0,3.5,5.0
Lucknow,2020-03-23,13,25.97,2.17,-0.154,41.6,7314.0,6,26.12,0.0,-0.191,41.0,26.17,0.0,-0.24,40.6,23.07,0.44,-0.169,40.3,0.5425,-0.19424999999999998,41.175,3,0,0,4.0,4.0,4.0,4.0
Lucknow,2020-03-30,14,28.64,2.17,-0.196,42.0,7315.8,4,26.25,0.0,-0.191,41.3,28.52,0.0,-0.241,40.8,26.64,0.57,-0.191,40.4,1.085,-0.183,41.475,3,0,0,6.0,3.0,4.25,4.0
Lucknow,2020-04-06,15,29.38,0.0,-0.218,42.5,7324.0,6,25.97,2.17,-0.154,41.6,26.12,0.0,-0.191,41.0,26.17,0.0,-0.24,40.6,1.085,-0.18975,41.85,4,0,0,4.0,3.0,5.0,6.0
Lucknow,2020-04-13,16,29.48,0.0,-0.198,43.1,7323.9,5,28.64,2.17,-0.196,42.0,26.25,0.0,-0.191,41.3,28.52,0.0,-0.241,40.8,1.085,-0.1915,42.3,4,0,0,6.0,4.0,5.25,7.0
Lucknow,2020-04-20,17,31.65,0.98,-0.21,43.7,7318.0,4,29.38,0.0,-0.218,42.5,25.97,2.17,-0.154,41.6,26.12,0.0,-0.191,41.0,0.7875,-0.20550000000000002,42.825,4,0,0,5.0,6.0,4.75,8.0
Lucknow,2020-04-27,18,30.68,5.21,-0.14,44.5,7317.3,4,29.48,0.0,-0.198,43.1,28.64,2.17,-0.196,42.0,26.25,0.0,-0.191,41.3,1.5474999999999999,-0.1915,43.45,4,0,0,4.0,4.0,4.75,7.0
Lucknow,2020-05-04,19,30.38,5.15,-0.155,45.3,7315.9,6,31.65,0.98,-0.21,43.7,29.38,0.0,-0.218,42.5,25.97,2.17,-0.154,41.6,2.835,-0.17575000000000002,44.150000000000006,5,0,0,4.0,6.0,4.75,7.0
Lucknow,2020-05-11,20,31.2,2.22,-0.18,46.2,7323.1,7,30.68,5.21,-0.14,44.5,29.48,0.0,-0.198,43.1,28.64,2.17,-0.196,42.0,3.39,-0.17124999999999999,44.925,5,0,0,6.0,5.0,5.25,9.0
Lucknow,2020-05-18,21,30.9,12.71,-0.136,47.1,7316.7,8,30.38,5.15,-0.155,45.3,31.65,0.98,-0.21,43.7,29.38,0.0,-0.218,42.5,6.3225,-0.15275,45.775,5,0,0,7.0,4.0,6.25,11.0
Lucknow,2020-05-25,22,29.88,8.35,-0.139,48.1,7317.1,7,31.2,2.22,-0.18,46.2,30.68,5.21,-0.14,44.5,29.48,0.0,-0.198,43.1,7.1075,-0.1525,46.675,5,0,0,8.0,4.0,7.0,8.0
Lucknow,2020-06-01,23,31.79,7.3,-0.209,49.1,7324.5,7,30.9,12.71,-0.136,47.1,30.38,5.15,-0.155,45.3,31.65,0.98,-0.21,43.7,7.6450000000000005,-0.16599999999999998,47.625,6,1,0,7.0,6.0,7.25,10.0
Lucknow,2020-06-08,24,32.7,12.55,-0.148,50.1,7324.7,9,29.88,8.35,-0.139,48.1,31.2,2.22,-0.18,46.2,30.68,5.21,-0.14,44.5,10.227500000000001,-0.158,48.6,6,1,0,7.0,7.0,7.75,12.0
Lucknow,2020-06-15,25,30.62,11.52,-0.08,51.1,7329.5,11,31.79,7.3,-0.209,49.1,30.9,12.71,-0.136,47.1,30.38,5.15,-0.155,45.3,9.93,-0.14400000000000002,49.6,6,1,0,9.0,8.0,8.5,10.0
Lucknow,2020-06-22,26,31.82,16.43,-0.082,52.0,7332.2,8,32.7,12.55,-0.148,50.1,29.88,8.35,-0.139,48.1,31.2,2.22,-0.18,46.2,11.95,-0.12975,50.575,6,1,0,11.0,7.0,8.75,10.0
Lucknow,2020-06-29,27,32.31,13.34,-0.123,52.9,7311.6,10,30.62,11.52,-0.08,51.1,31.79,7.3,-0.209,49.1,30.9,12.71,-0.136,47.1,13.46,-0.10825,51.525,6,1,0,8.0,7.0,9.5,12.0
Lucknow,2020-07-06,28,30.71,17.84,-0.06,53.6,7324.6,12,31.82,16.43,-0.082,52.0,32.7,12.55,-0.148,50.1,29.88,8.35,-0.139,48.1,14.782499999999999,-0.08625000000000001,52.4,7,1,0,10.0,9.0,10.25,13.0
Lucknow,2020-07-13,29,32.09,13.85,-0.101,54.2,7321.8,10,32.31,13.34,-0.123,52.9,30.62,11.52,-0.08,51.1,31.79,7.3,-0.209,49.1,15.365,-0.0915,53.175000000000004,7,1,0,12.0,11.0,10.0,11.0
Lucknow,2020-07-20,30,29.87,14.28,-0.035,54.6,7312.3,10,30.71,17.84,-0.06,53.6,31.82,16.43,-0.082,52.0,32.7,12.55,-0.148,50.1,14.8275,-0.07975,53.825,7,1,0,10.0,8.0,10.5,14.0
Lucknow,2020-07-27,31,28.7,21.07,-0.015,54.9,7322.4,12,32.09,13.85,-0.101,54.2,32.31,13.34,-0.123,52.9,30.62,11.52,-0.08,51.1,16.759999999999998,-0.052750000000000005,54.325,7,1,0,10.0,10.0,11.0,9.0
Lucknow,2020-08-03,32,30.61,14.3,-0.039,55.0,7318.7,13,29.87,14.28,-0.035,54.6,30.71,17.84,-0.06,53.6,31.82,16.43,-0.082,52.0,15.875,-0.0475,54.675000000000004,8,1,0,12.0,12.0,11.25,11.0
Lucknow,2020-08-10,33,28.28,15.76,-0.095,54.9,7328.3,11,28.7,21.07,-0.015,54.9,32.09,13.85,-0.101,54.2,32.31,13.34,-0.123,52.9,16.3525,-0.046,54.849999999999994,8,1,0,13.0,10.0,11.5,11.0
Lucknow,2020-08-17,34,28.36,13.41,-0.048,54.6,7326.8,14,30.61,14.3,-0.039,55.0,29.87,14.28,-0.035,54.6,30.71,17.84,-0.06,53.6,16.135,-0.04925,54.85,8,1,0,11.0,10.0,12.5,9.0
Lucknow,2020-08-24,35,28.41,13.22,-0.085,54.2,7322.4,9,28.28,15.76,-0.095,54.9,28.7,21.07,-0.015,54.9,32.09,13.85,-0.101,54.2,14.1725,-0.06675,54.675,8,1,0,14.0,12.0,11.75,10.0
Lucknow,2020-08-31,36,27.37,17.78,-0.057,53.6,7323.0,11,28.36,13.41,-0.048,54.6,30.61,14.3,-0.039,55.0,29.87,14.28,-0.035,54.6,15.0425,-0.07125000000000001,54.325,8,1,0,9.0,13.0,11.25,8.0
Lucknow,2020-09-07,37,25.53,9.99,-0.122,52.9,7324.3,11,28.41,13.22,-0.085,54.2,28.28,15.76,-0.095,54.9,28.7,21.07,-0.015,54.9,13.6,-0.078,53.825,9,1,1,11.0,11.0,11.25,8.0
Lucknow,2020-09-14,38,22.98,6.42,-0.105,52.0,7322.0,9,27.37,17.78,-0.057,53.6,28.36,13.41,-0.048,54.6,30.61,14.3,-0.039,55.0,11.852500000000001,-0.09225,53.175,9,1,1,11.0,14.0,10.0,8.0
Lucknow,2020-09-21,39,24.12,11.88,-0.097,51.1,7323.7,10,25.53,9.99,-0.122,52.9,28.41,13.22,-0.085,54.2,28.28,15.76,-0.095,54.9,11.5175,-0.09525,52.400000000000006,9,1,1,9.0,9.0,10.25,8.0
Lucknow,2020-09-28,40,19.48,9.61,-0.1,50.1,7322.9,8,22.98,6.42,-0.105,52.0,27.37,17.78,-0.057,53.6,28.36,13.41,-0.048,54.6,9.475,-0.106,51.525,9,1,1,10.0,11.0,9.5,7.0
Lucknow,2020-10-05,41,23.61,11.09,-0.116,49.1,7321.3,8,24.12,11.88,-0.097,51.1,25.53,9.99,-0.122,52.9,28.41,13.22,-0.085,54.2,9.75,-0.10450000000000001,50.575,10,0,1,8.0,11.0,8.75,6.0
Lucknow,2020-10-12,42,20.95,1.73,-0.109,48.1,7328.8,8,19.48,9.61,-0.1,50.1,22.98,6.42,-0.105,52.0,27.37,17.78,-0.057,53.6,8.577499999999999,-0.10550000000000001,49.6,10,0,1,8.0,9.0,8.5,6.0
Lucknow,2020-10-19,43,20.79,3.4,-0.149,47.1,7326.4,8,23.61,11.09,-0.116,49.1,24.12,11.88,-0.097,51.1,25.53,9.99,-0.122,52.9,6.4575000000000005,-0.1185,48.60000000000001,10,0,1,8.0,10.0,8.0,6.0
Lucknow,2020-10-26,44,21.66,0.73,-0.161,46.2,7327.3,7,20.95,1.73,-0.109,48.1,19.48,9.61,-0.1,50.1,22.98,6.42,-0.105,52.0,4.2375,-0.13375,47.625,10,0,1,8.0,8.0,7.75,4.0
Lucknow,2020-11-02,45,20.68,1.63,-0.166,45.3,7328.2,6,20.79,3.4,-0.149,47.1,23.61,11.09,-0.116,49.1,24.12,11.88,-0.097,51.1,1.8725,-0.14625,46.675,11,0,1,7.0,8.0,7.25,5.0
Lucknow,2020-11-09,46,20.68,2.85,-0.209,44.5,7330.6,6,21.66,0.73,-0.161,46.2,20.95,1.73,-0.109,48.1,19.48,9.61,-0.1,50.1,2.1525,-0.17124999999999999,45.775000000000006,11,0,1,6.0,8.0,6.75,6.0
Lucknow,2020-11-16,47,21.32,0.0,-0.171,43.7,7329.6,6,20.68,1.63,-0.166,45.3,20.79,3.4,-0.149,47.1,23.61,11.09,-0.116,49.1,1.3025,-0.17675000000000002,44.925,11,0,1,6.0,8.0,6.25,4.0
Lucknow,2020-11-23,48,19.75,0.0,-0.19,43.1,7330.0,4,20.68,2.85,-0.209,44.5,21.66,0.73,-0.161,46.2,20.95,1.73,-0.109,48.1,1.12,-0.184,44.15,11,0,1,6.0,7.0,5.5,6.0
Lucknow,2020-11-30,49,20.21,0.0,-0.209,42.5,7332.2,5,21.32,0.0,-0.171,43.7,20.68,1.63,-0.166,45.3,20.79,3.4,-0.149,47.1,0.7125,-0.19475,43.45,11,0,1,4.0,6.0,5.25,3.0
Lucknow,2020-12-07,50,22.05,3.78,-0.181,42.0,7329.9,6,19.75,0.0,-0.19,43.1,20.68,2.85,-0.209,44.5,21.66,0.73,-0.161,46.2,0.945,-0.18775,42.825,12,0,0,5.0,6.0,5.25,3.0
Lucknow,2020-12-14,51,20.19,0.0,-0.186,41.6,7332.7,4,20.21,0.0,-0.209,42.5,21.32,0.0,-0.171,43.7,20.68,1.63,-0.166,45.3,0.945,-0.1915,42.3,12,0,0,6.0,6.0,4.75,3.0
Lucknow,2020-12-21,52,22.56,0.0,-0.202,41.3,7334.6,6,22.05,3.78,-0.181,42.0,19.75,0.0,-0.19,43.1,20.68,2.85,-0.209,44.5,0.945,-0.1945,41.85,12,0,0,4.0,4.0,5.25,4.0
Lucknow,2020-12-28,53,21.07,0.0,-0.211,41.0,7325.4,3,20.19,0.0,-0.186,41.6,20.21,0.0,-0.209,42.5,21.32,0.0,-0.171,43.7,0.945,-0.195,41.475,12,0,0,6.0,5.0,4.75,3.0
Lucknow,2021-01-04,1,21.64,0.0,-0.185,40.0,7327.9,3,22.56,0.0,-0.202,41.3,22.05,3.78,-0.181,42.0,19.75,0.0,-0.19,43.1,0.0,-0.196,40.975,1,0,0,3.0,6.0,4.0,4.0
Lucknow,2021-01-11,2,22.74,0.0,-0.193,40.1,7323.6,3,21.07,0.0,-0.211,41.0,20.19,0.0,-0.186,41.6,20.21,0.0,-0.209,42.5,0.0,-0.19774999999999998,40.6,1,0,0,3.0,4.0,3.75,2.0
Lucknow,2021-01-18,3,23.15,0.03,-0.176,40.1,7340.1,4,21.64,0.0,-0.185,40.0,22.56,0.0,-0.202,41.3,22.05,3.78,-0.181,42.0,0.0075,-0.19125,40.3,1,0,0,3.0,6.0,3.25,2.0
Lucknow,2021-01-25,4,21.24,0.28,-0.194,40.1,7325.9,3,22.74,0.0,-0.193,40.1,21.07,0.0,-0.211,41.0,20.19,0.0,-0.186,41.6,0.07750000000000001,-0.187,40.075,1,0,0,4.0,3.0,3.25,3.0
Lucknow,2021-02-01,5,21.94,1.63,-0.255,40.2,7321.0,4,23.15,0.03,-0.176,40.1,21.64,0.0,-0.185,40.0,22.56,0.0,-0.202,41.3,0.485,-0.20450000000000002,40.125,2,0,0,3.0,3.0,3.5,3.0
Lucknow,2021-02-08,6,21.84,5.31,-0.169,40.2,7326.4,2,21.24,0.28,-0.194,40.1,22.74,0.0,-0.193,40.1,21.07,0.0,-0.211,41.0,1.8125,-0.19849999999999998,40.150000000000006,2,0,0,4.0,3.0,3.25,2.0
Lucknow,2021-02-15,7,23.32,1.36,-0.225,40.3,7334.0,2,21.94,1.63,-0.255,40.2,23.15,0.03,-0.176,40.1,21.64,0.0,-0.185,40.0,2.1449999999999996,-0.21075,40.2,2,0,0,2.0,4.0,2.75,4.0
Lucknow,2021-02-22,8,24.01,1.63,-0.209,40.4,7336.4,3,21.84,5.31,-0.169,40.2,21.24,0.28,-0.194,40.1,22.74,0.0,-0.193,40.1,2.4825,-0.21450000000000002,40.275000000000006,2,0,0,2.0,3.0,2.75,3.0
Lucknow,2021-03-01,9,25.23,0.66,-0.16,40.6,7331.0,3,23.32,1.36,-0.225,40.3,21.94,1.63,-0.255,40.2,23.15,0.03,-0.176,40.1,2.2399999999999998,-0.19074999999999998,40.375,3,0,0,3.0,4.0,2.5,3.0
Lucknow,2021-03-08,10,26.03,1.79,-0.157,40.8,7330.2,2,24.01,1.63,-0.209,40.4,21.84,5.31,-0.169,40.2,21.24,0.28,-0.194,40.1,1.3599999999999999,-0.18775,40.525,3,0,0,3.0,2.0,2.5,5.0
Lucknow,2021-03-15,11,27.0,2.76,-0.171,41.0,7334.5,4,25.23,0.66,-0.16,40.6,23.32,1.36,-0.225,40.3,21.94,1.63,-0.255,40.2,1.71,-0.17425000000000002,40.699999999999996,3,0,0,2.0,2.0,3.0,4.0
Lucknow,2021-03-22,12,28.07,3.57,-0.18,41.3,7330.0,3,26.03,1.79,-0.157,40.8,24.01,1.63,-0.209,40.4,21.84,5.31,-0.169,40.2,2.195,-0.16699999999999998,40.925,3,0,0,4.0,3.0,3.0,5.0
Lucknow,2021-03-29,13,29.73,2.87,-0.206,41.6,7324.5,3,27.0,2.76,-0.171,41.0,25.23,0.66,-0.16,40.6,23.32,1.36,-0.225,40.3,2.7474999999999996,-0.17850000000000002,41.175,3,0,0,3.0,3.0,3.0,5.0
Lucknow,2021-04-05,14,27.8,1.15,-0.235,42.0,7340.2,5,28.07,3.57,-0.18,41.3,26.03,1.79,-0.157,40.8,24.01,1.63,-0.209,40.4,2.5875,-0.198,41.474999999999994,4,0,0,3.0,2.0,3.75,6.0
Lucknow,2021-04-12,15,27.74,5.72,-0.199,42.5,7323.1,4,29.73,2.87,-0.206,41.6,27.0,2.76,-0.171,41.0,25.23,0.66,-0.16,40.6,3.3275,-0.205,41.849999999999994,4,0,0,5.0,4.0,3.75,5.0
Lucknow,2021-04-19,16,27.26,0.72,-0.215,43.1,7333.1,5,27.8,1.15,-0.235,42.0,28.07,3.57,-0.18,41.3,26.03,1.79,-0.157,40.8,2.615,-0.21375,42.300000000000004,4,0,0,4.0,3.0,4.25,6.0
Lucknow,2021-04-26,17,30.73,5.03,-0.162,43.7,7333.2,5,27.74,5.72,-0.199,42.5,29.73,2.87,-0.206,41.6,27.0,2.76,-0.171,41.0,3.1550000000000002,-0.20274999999999999,42.825,4,0,0,5.0,3.0,4.75,5.0
Lucknow,2021-05-03,18,30.24,0.0,-0.175,44.5,7328.0,6,27.26,0.72,-0.215,43.1,27.8,1.15,-0.235,42.0,28.07,3.57,-0.18,41.3,2.8674999999999997,-0.18775,43.45,5,0,0,5.0,5.0,5.0,8.0
Lucknow,2021-05-10,19,31.27,6.79,-0.163,45.3,7325.3,5,30.73,5.03,-0.162,43.7,27.74,5.72,-0.199,42.5,29.73,2.87,-0.206,41.6,3.1350000000000002,-0.17875000000000002,44.15,5,0,0,6.0,4.0,5.25,9.0
Lucknow,2021-05-17,20,31.33,5.02,-0.145,46.2,7339.9,6,30.24,0.0,-0.175,44.5,27.26,0.72,-0.215,43.1,27.8,1.15,-0.235,42.0,4.21,-0.16124999999999998,44.925000000000004,5,0,0,5.0,5.0,5.5,8.0
Lucknow,2021-05-24,21,31.46,3.24,-0.195,47.1,7330.6,5,31.27,6.79,-0.163,45.3,30.73,5.03,-0.162,43.7,27.74,5.72,-0.199,42.5,3.7625,-0.1695,45.775,5,0,0,6.0,5.0,5.5,10.0
Lucknow,2021-05-31,22,29.26,13.86,-0.093,48.1,7338.8,8,31.33,5.02,-0.145,46.2,30.24,0.0,-0.175,44.5,27.26,0.72,-0.215,43.1,7.2275,-0.149,46.675,5,0,0,5.0,6.0,6.0,10.0
Lucknow,2021-06-07,23,32.11,9.84,-0.091,49.1,7329.1,9,31.46,3.24,-0.195,47.1,31.27,6.79,-0.163,45.3,30.73,5.03,-0.162,43.7,7.99,-0.131,47.625,6,1,0,8.0,5.0,7.0,9.0
Lucknow,2021-06-14,24,32.24,15.15,-0.089,50.1,7338.8,8,29.26,13.86,-0.093,48.1,31.33,5.02,-0.145,46.2,30.24,0.0,-0.175,44.5,10.5225,-0.11699999999999999,48.6,6,1,0,9.0,6.0,7.5,11.0
Lucknow,2021-06-21,25,32.1,12.83,-0.097,51.1,7333.9,10,32.11,9.84,-0.091,49.1,31.46,3.24,-0.195,47.1,31.27,6.79,-0.163,45.3,12.92,-0.0925,49.6,6,1,0,8.0,5.0,8.75,10.0
Lucknow,2021-06-28,26,30.44,19.33,-0.053,52.0,7345.2,10,32.24,15.15,-0.089,50.1,29.26,13.86,-0.093,48.1,31.33,5.02,-0.145,46.2,14.2875,-0.0825,50.575,6,1,0,10.0,8.0,9.25,11.0
Lucknow,2021-07-05,27,32.49,15.22,-0.063,52.9,7332.1,9,32.1,12.83,-0.097,51.1,32.11,9.84,-0.091,49.1,31.46,3.24,-0.195,47.1,15.6325,-0.0755,51.525,7,1,0,10.0,9.0,9.25,12.0
Lucknow,2021-07-12,28,30.62,18.12,-0.09,53.6,7336.2,11,30.44,19.33,-0.053,52.0,32.24,15.15,-0.089,50.1,29.26,13.86,-0.093,48.1,16.375,-0.07575,52.4,7,1,0,9.0,8.0,10.0,12.0
Lucknow,2021-07-19,29,31.97,20.06,-0.039,54.2,7338.7,10,32.49,15.22,-0.063,52.9,32.1,12.83,-0.097,51.1,32.11,9.84,-0.091,49.1,18.1825,-0.06125,53.175,7,1,0,11.0,10.0,10.0,12.0
Lucknow,2021-07-26,30,29.43,15.73,-0.054,54.6,7343.0,11,30.62,18.12,-0.09,53.6,30.44,19.33,-0.053,52.0,32.24,15.15,-0.089,50.1,17.2825,-0.0615,53.825,7,1,0,10.0,10.0,10.25,10.0
Lucknow,2021-08-02,31,27.81,20.83,-0.064,54.9,7338.0,12,31.97,20.06,-0.039,54.2,32.49,15.22,-0.063,52.9,32.1,12.83,-0.097,51.1,18.685000000000002,-0.06175,54.325,8,1,0,11.0,9.0,11.0,11.0
Lucknow,2021-08-09,32,28.72,16.03,-0.036,55.0,7333.8,12,29.43,15.73,-0.054,54.6,30.62,18.12,-0.09,53.6,30.44,19.33,-0.053,52.0,18.1625,-0.04825,54.675,8,1,0,12.0,11.0,11.25,9.0
Lucknow,2021-08-16,33,27.61,13.9,-0.028,54.9,7336.0,12,27.81,20.83,-0.064,54.9,31.97,20.06,-0.039,54.2,32.49,15.22,-0.063,52.9,16.6225,-0.0455,54.85,8,1,0,12.0,10.0,11.75,9.0
Lucknow,2021-08-23,34,27.75,12.26,-0.051,54.6,7340.2,10,28.72,16.03,-0.036,55.0,29.43,15.73,-0.054,54.6,30.62,18.12,-0.09,53.6,15.754999999999999,-0.04475,54.849999999999994,8,1,0,12.0,11.0,11.5,11.0
Lucknow,2021-08-30,35,24.81,12.55,-0.064,54.2,7340.3,11,27.61,13.9,-0.028,54.9,27.81,20.83,-0.064,54.9,31.97,20.06,-0.039,54.2,13.685,-0.04475,54.675000000000004,8,1,0,10.0,12.0,11.25,9.0
Lucknow,2021-09-06,36,25.61,14.15,-0.081,53.6,7338.6,9,27.75,12.26,-0.051,54.6,28.72,16.03,-0.036,55.0,29.43,15.73,-0.054,54.6,13.215,-0.055999999999999994,54.324999999999996,9,1,1,11.0,12.0,10.5,8.0
Lucknow,2021-09-13,37,26.62,9.73,-0.112,52.9,7342.1,9,24.81,12.55,-0.064,54.2,27.61,13.9,-0.028,54.9,27.81,20.83,-0.064,54.9,12.172500000000001,-0.077,53.825,9,1,1,9.0,12.0,9.75,9.0
Lucknow,2021-09-20,38,24.87,6.37,-0.134,52.0,7336.7,11,25.61,14.15,-0.081,53.6,27.75,12.26,-0.051,54.6,28.72,16.03,-0.036,55.0,10.700000000000001,-0.09775,53.175,9,1,1,9.0,10.0,10.0,7.0
Lucknow,2021-09-27,39,23.94,11.78,-0.124,51.1,7337.3,9,26.62,9.73,-0.112,52.9,24.81,12.55,-0.064,54.2,27.61,13.9,-0.028,54.9,10.5075,-0.11275,52.4,9,1,1,11.0,11.0,9.5,7.0
Lucknow,2021-10-04,40,22.3,5.96,-0.117,50.1,7341.8,8,24.87,6.37,-0.134,52.0,25.61,14.15,-0.081,53.6,27.75,12.26,-0.051,54.6,8.46,-0.12175,51.525000000000006,10,0,1,9.0,9.0,9.25,6.0
Lucknow,2021-10-11,41,21.88,2.36,-0.23,49.1,7333.3,9,23.94,11.78,-0.124,51.1,26.62,9.73,-0.112,52.9,24.81,12.55,-0.064,54.2,6.6175,-0.15125,50.575,10,0,1,8.0,9.0,9.25,8.0
Lucknow,2021-10-18,42,22.91,6.14,-0.126,48.1,7342.9,7,22.3,5.96,-0.117,50.1,24.87,6.37,-0.134,52.0,25.61,14.15,-0.081,53.6,6.5600000000000005,-0.14925,49.6,10,0,1,9.0,11.0,8.25,6.0
Lucknow,2021-10-25,43,21.52,5.79,-0.16,47.1,7336.0,7,21.88,2.36,-0.23,49.1,23.94,11.78,-0.124,51.1,26.62,9.73,-0.112,52.9,5.0625,-0.15825,48.6,10,0,1,7.0,9.0,7.75,6.0
Lucknow,2021-11-01,44,20.76,2.73,-0.241,46.2,7334.3,6,22.91,6.14,-0.126,48.1,22.3,5.96,-0.117,50.1,24.87,6.37,-0.134,52.0,4.255,-0.18925,47.62500000000001,11,0,1,7.0,8.0,7.25,6.0
Lucknow,2021-11-08,45,19.87,3.69,-0.169,45.3,7338.8,8,21.52,5.79,-0.16,47.1,21.88,2.36,-0.23,49.1,23.94,11.78,-0.124,51.1,4.5874999999999995,-0.174,46.675,11,0,1,6.0,9.0,7.0,6.0
Lucknow,2021-11-15,46,19.95,2.01,-0.175,44.5,7344.7,6,20.76,2.73,-0.241,46.2,22.91,6.14,-0.126,48.1,22.3,5.96,-0.117,50.1,3.5549999999999997,-0.18625000000000003,45.775,11,0,1,8.0,7.0,6.75,3.0
Lucknow,2021-11-22,47,21.66,0.0,-0.233,43.7,7343.7,6,19.87,3.69,-0.169,45.3,21.52,5.79,-0.16,47.1,21.88,2.36,-0.23,49.1,2.1075,-0.20450000000000002,44.925000000000004,11,0,1,6.0,7.0,6.5,6.0
Lucknow,2021-11-29,48,22.45,0.62,-0.172,43.1,7345.0,6,19.95,2.01,-0.175,44.5,20.76,2.73,-0.241,46.2,22.91,6.14,-0.126,48.1,1.58,-0.18725,44.15,11,0,1,6.0,6.0,6.5,5.0
Lucknow,2021-12-06,49,19.5,2.2,-0.168,42.5,7342.9,6,21.66,0.0,-0.233,43.7,19.87,3.69,-0.169,45.3,21.52,5.79,-0.16,47.1,1.2075,-0.187,43.45,12,0,0,6.0,8.0,6.0,4.0
Lucknow,2021-12-13,50,20.91,2.14,-0.177,42.0,7342.4,3,22.45,0.62,-0.172,43.1,19.95,2.01,-0.175,44.5,20.76,2.73,-0.241,46.2,1.2400000000000002,-0.1875,42.825,12,0,0,6.0,6.0,5.25,2.0
Lucknow,2021-12-20,51,19.93,4.21,-0.109,41.6,7337.6,6,19.5,2.2,-0.168,42.5,21.66,0.0,-0.233,43.7,19.87,3.69,-0.169,45.3,2.2925,-0.1565,42.3,12,0,0,3.0,6.0,5.25,4.0
Lucknow,2021-12-27,52,20.96,2.14,-0.145,41.3,7337.9,5,20.91,2.14,-0.177,42.0,22.45,0.62,-0.172,43.1,19.95,2.01,-0.175,44.5,2.6725000000000003,-0.14975,41.85,12,0,0,6.0,6.0,5.0,3.0
Lucknow,2022-01-03,1,18.1,0.0,-0.203,40.0,7344.7,4,19.93,4.21,-0.109,41.6,19.5,2.2,-0.168,42.5,21.66,0.0,-0.233,43.7,2.1225,-0.1585,41.225,1,0,0,5.0,6.0,4.5,4.0
Lucknow,2022-01-10,2,20.53,0.0,-0.18,40.1,7344.3,2,20.96,2.14,-0.145,41.3,20.91,2.14,-0.177,42.0,22.45,0.62,-0.172,43.1,1.5875,-0.15925,40.75,1,0,0,4.0,3.0,4.25,4.0
Lucknow,2022-01-17,3,19.63,0.17,-0.214,40.1,7353.5,4,18.1,0.0,-0.203,40.0,19.93,4.21,-0.109,41.6,19.5,2.2,-0.168,42.5,0.5775,-0.1855,40.375,1,0,0,2.0,6.0,3.75,3.0
Lucknow,2022-01-24,4,19.56,0.0,-0.227,40.1,7346.0,3,20.53,0.0,-0.18,40.1,20.96,2.14,-0.145,41.3,20.91,2.14,-0.177,42.0,0.0425,-0.20600000000000002,40.075,1,0,0,4.0,5.0,3.25,3.0
Lucknow,2022-01-31,5,22.85,0.0,-0.188,40.2,7338.5,4,19.63,0.17,-0.214,40.1,18.1,0.0,-0.203,40.0,19.93,4.21,-0.109,41.6,0.0425,-0.20224999999999999,40.125,1,0,0,3.0,4.0,3.25,2.0
Lucknow,2022-02-07,6,24.86,1.59,-0.2,40.2,7351.5,4,19.56,0.0,-0.227,40.1,20.53,0.0,-0.18,40.1,20.96,2.14,-0.145,41.3,0.44,-0.20725,40.150000000000006,2,0,0,4.0,2.0,3.75,3.0
Lucknow,2022-02-14,7,23.55,0.0,-0.188,40.3,7349.0,3,22.85,0.0,-0.188,40.2,19.63,0.17,-0.214,40.1,18.1,0.0,-0.203,40.0,0.3975,-0.20075,40.2,2,0,0,4.0,4.0,3.5,4.0
Lucknow,2022-02-21,8,25.37,0.0,-0.175,40.4,7334.7,3,24.86,1.59,-0.2,40.2,19.56,0.0,-0.227,40.1,20.53,0.0,-0.18,40.1,0.3975,-0.18775000000000003,40.275,2,0,0,3.0,3.0,3.5,3.0
Lucknow,2022-02-28,9,26.74,0.0,-0.173,40.6,7341.2,2,23.55,0.0,-0.188,40.3,22.85,0.0,-0.188,40.2,19.63,0.17,-0.214,40.1,0.3975,-0.184,40.375,2,0,0,3.0,4.0,3.0,4.0
Lucknow,2022-03-07,10,24.06,2.05,-0.183,40.8,7344.8,3,25.37,0.0,-0.175,40.4,24.86,1.59,-0.2,40.2,19.56,0.0,-0.227,40.1,0.5125,-0.17975000000000002,40.525,3,0,0,2.0,4.0,2.75,4.0
Lucknow,2022-03-14,11,26.72,0.74,-0.219,41.0,7343.6,4,26.74,0.0,-0.173,40.6,23.55,0.0,-0.188,40.3,22.85,0.0,-0.188,40.2,0.6975,-0.1875,40.7,3,0,0,3.0,3.0,3.0,4.0
Lucknow,2022-03-21,12,27.73,1.54,-0.18,41.3,7345.7,3,24.06,2.05,-0.183,40.8,25.37,0.0,-0.175,40.4,24.86,1.59,-0.2,40.2,1.0825,-0.18874999999999997,40.925,3,0,0,4.0,3.0,3.0,6.0
Lucknow,2022-03-28,13,29.2,0.0,-0.186,41.6,7352.7,4,26.72,0.74,-0.219,41.0,26.74,0.0,-0.173,40.6,23.55,0.0,-0.188,40.3,1.0825,-0.192,41.175,3,0,0,3.0,2.0,3.5,3.0
Lucknow,2022-04-04,14,29.52,1.1,-0.188,42.0,7345.2,4,27.73,1.54,-0.18,41.3,24.06,2.05,-0.183,40.8,25.37,0.0,-0.175,40.4,0.845,-0.19324999999999998,41.475,4,0,0,4.0,3.0,3.75,5.0
Lucknow,2022-04-11,15,32.4,0.0,-0.178,42.5,7347.0,4,29.2,0.0,-0.186,41.6,26.72,0.74,-0.219,41.0,26.74,0.0,-0.173,40.6,0.6599999999999999,-0.183,41.85,4,0,0,4.0,4.0,3.75,7.0
Lucknow,2022-04-18,16,28.36,2.81,-0.208,43.1,7343.4,6,29.52,1.1,-0.188,42.0,27.73,1.54,-0.18,41.3,24.06,2.05,-0.183,40.8,0.9775,-0.19,42.3,4,0,0,4.0,3.0,4.5,8.0
Lucknow,2022-04-25,17,31.19,0.98,-0.205,43.7,7355.7,3,32.4,0.0,-0.178,42.5,29.2,0.0,-0.186,41.6,26.72,0.74,-0.219,41.0,1.2225000000000001,-0.19474999999999998,42.825,4,0,0,6.0,4.0,4.25,6.0
Lucknow,2022-05-02,18,29.1,2.71,-0.122,44.5,7347.9,5,28.36,2.81,-0.208,43.1,29.52,1.1,-0.188,42.0,27.73,1.54,-0.18,41.3,1.625,-0.17825,43.45,5,0,0,3.0,4.0,4.5,9.0
Lucknow,2022-05-09,19,31.79,8.01,-0.176,45.3,7359.9,7,31.19,0.98,-0.205,43.7,32.4,0.0,-0.178,42.5,29.2,0.0,-0.186,41.6,3.6275,-0.17775,44.150000000000006,5,0,0,5.0,4.0,5.25,9.0
Lucknow,2022-05-16,20,31.68,1.82,-0.176,46.2,7360.5,8,29.1,2.71,-0.122,44.5,28.36,2.81,-0.208,43.1,29.52,1.1,-0.188,42.0,3.38,-0.16974999999999998,44.925,5,0,0,7.0,6.0,5.75,10.0
Lucknow,2022-05-23,21,30.88,4.55,-0.127,47.1,7357.4,6,31.79,8.01,-0.176,45.3,31.19,0.98,-0.205,43.7,32.4,0.0,-0.178,42.5,4.2725,-0.15025,45.775,5,0,0,8.0,3.0,6.5,8.0
Lucknow,2022-05-30,22,31.8,3.73,-0.193,48.1,7340.7,9,31.68,1.82,-0.176,46.2,29.1,2.71,-0.122,44.5,28.36,2.81,-0.208,43.1,4.5275,-0.168,46.675,5,0,0,6.0,5.0,7.5,9.0
Lucknow,2022-06-06,23,31.76,9.44,-0.134,49.1,7350.4,9,30.88,4.55,-0.127,47.1,31.79,8.01,-0.176,45.3,31.19,0.98,-0.205,43.7,4.885,-0.1575,47.625,6,1,0,9.0,7.0,8.0,10.0
Lucknow,2022-06-13,24,31.09,11.47,-0.103,50.1,7342.6,10,31.8,3.73,-0.193,48.1,31.68,1.82,-0.176,46.2,29.1,2.71,-0.122,44.5,7.297499999999999,-0.13925,48.6,6,1,0,9.0,8.0,8.5,11.0
Lucknow,2022-06-20,25,32.54,17.61,-0.112,51.1,7350.4,8,31.76,9.44,-0.134,49.1,30.88,4.55,-0.127,47.1,31.79,8.01,-0.176,45.3,10.5625,-0.1355,49.6,6,1,0,10.0,6.0,9.0,12.0
Lucknow,2022-06-27,26,31.66,13.84,-0.039,52.0,7345.6,9,31.09,11.47,-0.103,50.1,31.8,3.73,-0.193,48.1,31.68,1.82,-0.176,46.2,13.09,-0.09699999999999999,50.575,6,1,0,8.0,9.0,9.0,13.0
Lucknow,2022-07-04,27,31.69,13.82,-0.091,52.9,7352.2,10,32.54,17.61,-0.112,51.1,31.76,9.44,-0.134,49.1,30.88,4.55,-0.127,47.1,14.185,-0.08625000000000001,51.525,7,1,0,9.0,9.0,9.25,11.0
Lucknow,2022-07-11,28,29.41,11.31,-0.057,53.6,7352.9,11,31.66,13.84,-0.039,52.0,31.09,11.47,-0.103,50.1,31.8,3.73,-0.193,48.1,14.145,-0.07475,52.4,7,1,0,10.0,10.0,9.5,12.0
Lucknow,2022-07-18,29,31.35,18.22,-0.063,54.2,7346.7,12,31.69,13.82,-0.091,52.9,32.54,17.61,-0.112,51.1,31.76,9.44,-0.134,49.1,14.2975,-0.0625,53.175000000000004,7,1,0,11.0,8.0,10.5,14.0
Lucknow,2022-07-25,30,29.35,16.35,-0.052,54.6,7357.9,13,29.41,11.31,-0.057,53.6,31.66,13.84,-0.039,52.0,31.09,11.47,-0.103,50.1,14.924999999999999,-0.06575,53.825,7,1,0,12.0,9.0,11.5,12.0
Lucknow,2022-08-01,31,29.14,18.61,-0.023,54.9,7349.3,11,31.35,18.22,-0.063,54.2,31.69,13.82,-0.091,52.9,32.54,17.61,-0.112,51.1,16.1225,-0.04875,54.325,8,1,0,13.0,10.0,11.75,12.0
Lucknow,2022-08-08,32,31.12,18.39,-0.013,55.0,7351.2,12,29.35,16.35,-0.052,54.6,29.41,11.31,-0.057,53.6,31.66,13.84,-0.039,52.0,17.8925,-0.03775,54.675000000000004,8,1,0,11.0,11.0,12.0,12.0
Lucknow,2022-08-15,33,28.32,14.69,-0.076,54.9,7352.3,14,29.14,18.61,-0.023,54.9,31.35,18.22,-0.063,54.2,31.69,13.82,-0.091,52.9,17.01,-0.040999999999999995,54.849999999999994,8,1,0,12.0,12.0,12.5,11.0
Lucknow,2022-08-22,34,27.03,17.86,-0.09,54.6,7355.4,12,31.12,18.39,-0.013,55.0,29.35,16.35,-0.052,54.6,29.41,11.31,-0.057,53.6,17.3875,-0.0505,54.85,8,1,0,14.0,13.0,12.25,11.0
Lucknow,2022-08-29,35,28.0,13.24,-0.019,54.2,7356.5,12,28.32,14.69,-0.076,54.9,29.14,18.61,-0.023,54.9,31.35,18.22,-0.063,54.2,16.044999999999998,-0.049499999999999995,54.675,8,1,0,12.0,11.0,12.5,11.0
Lucknow,2022-09-05,36,27.4,17.07,-0.031,53.6,7355.4,12,27.03,17.86,-0.09,54.6,31.12,18.39,-0.013,55.0,29.35,16.35,-0.052,54.6,15.715,-0.054,54.325,9,1,1,12.0,12.0,12.5,12.0
Lucknow,2022-09-12,37,25.66,15.76,-0.045,52.9,7355.5,11,28.0,13.24,-0.019,54.2,28.32,14.69,-0.076,54.9,29.14,18.61,-0.023,54.9,15.9825,-0.04625,53.825,9,1,1,12.0,14.0,11.75,9.0
Lucknow,2022-09-19,38,24.95,13.2,-0.089,52.0,7356.3,11,27.4,17.07,-0.031,53.6,27.03,17.86,-0.09,54.6,31.12,18.39,-0.013,55.0,14.8175,-0.046,53.175,9,1,1,11.0,12.0,11.5,10.0
Lucknow,2022-09-26,39,24.18,6.15,-0.14,51.1,7351.5,11,25.66,15.76,-0.045,52.9,28.0,13.24,-0.019,54.2,28.32,14.69,-0.076,54.9,13.045,-0.07625000000000001,52.400000000000006,9,1,1,11.0,12.0,11.25,7.0
Lucknow,2022-10-03,40,23.52,7.49,-0.129,50.1,7347.9,12,24.95,13.2,-0.089,52.0,27.4,17.07,-0.031,53.6,27.03,17.86,-0.09,54.6,10.65,-0.10075,51.525,10,0,1,11.0,12.0,11.25,7.0
Lucknow,2022-10-10,41,20.83,2.56,-0.097,49.1,7352.1,9,24.18,6.15,-0.14,51.1,25.66,15.76,-0.045,52.9,28.0,13.24,-0.019,54.2,7.3500000000000005,-0.11375,50.575,10,0,1,12.0,11.0,10.75,7.0
Lucknow,2022-10-17,42,22.92,3.45,-0.159,48.1,7350.0,10,23.52,7.49,-0.129,50.1,24.95,13.2,-0.089,52.0,27.4,17.07,-0.031,53.6,4.9125000000000005,-0.13125,49.6,10,0,1,9.0,11.0,10.5,7.0
Lucknow,2022-10-24,43,22.15,0.67,-0.205,47.1,7368.6,7,20.83,2.56,-0.097,49.1,24.18,6.15,-0.14,51.1,25.66,15.76,-0.045,52.9,3.5425,-0.1475,48.60000000000001,10,0,1,10.0,11.0,9.5,6.0
Lucknow,2022-10-31,44,22.06,6.45,-0.169,46.2,7370.3,7,22.92,3.45,-0.159,48.1,23.52,7.49,-0.129,50.1,24.95,13.2,-0.089,52.0,3.2825,-0.1575,47.625,10,0,1,7.0,12.0,8.25,6.0
Lucknow,2022-11-07,45,20.73,0.57,-0.197,45.3,7354.6,7,22.15,0.67,-0.205,47.1,20.83,2.56,-0.097,49.1,24.18,6.15,-0.14,51.1,2.785,-0.1825,46.675,11,0,1,7.0,9.0,7.75,5.0
Lucknow,2022-11-14,46,22.1,0.0,-0.209,44.5,7354.9,7,22.06,6.45,-0.169,46.2,22.92,3.45,-0.159,48.1,23.52,7.49,-0.129,50.1,1.9225000000000003,-0.195,45.775000000000006,11,0,1,7.0,10.0,7.0,4.0
Lucknow,2022-11-21,47,19.52,2.99,-0.151,43.7,7351.0,6,20.73,0.57,-0.197,45.3,22.15,0.67,-0.205,47.1,20.83,2.56,-0.097,49.1,2.5025,-0.1815,44.925,11,0,1,7.0,7.0,6.75,4.0
Lucknow,2022-11-28,48,19.62,1.57,-0.164,43.1,7351.2,6,22.1,0.0,-0.209,44.5,22.06,6.45,-0.169,46.2,22.92,3.45,-0.159,48.1,1.2825,-0.18025,44.15,11,0,1,6.0,7.0,6.5,5.0
Lucknow,2022-12-05,49,22.22,0.0,-0.205,42.5,7352.5,5,19.52,2.99,-0.151,43.7,20.73,0.57,-0.197,45.3,22.15,0.67,-0.205,47.1,1.14,-0.18225,43.45,12,0,0,6.0,7.0,6.0,4.0
Lucknow,2022-12-12,50,19.5,0.0,-0.196,42.0,7354.1,4,19.62,1.57,-0.164,43.1,22.1,0.0,-0.209,44.5,22.06,6.45,-0.169,46.2,1.14,-0.17900000000000002,42.825,12,0,0,5.0,7.0,5.25,4.0
Lucknow,2022-12-19,51,20.82,0.0,-0.197,41.6,7354.9,4,22.22,0.0,-0.205,42.5,19.52,2.99,-0.151,43.7,20.73,0.57,-0.197,45.3,0.3925,-0.1905,42.3,12,0,0,4.0,6.0,4.75,4.0
Lucknow,2022-12-26,52,19.44,0.0,-0.183,41.3,7360.2,5,19.5,0.0,-0.196,42.0,19.62,1.57,-0.164,43.1,22.1,0.0,-0.209,44.5,0.0,-0.19525,41.85,12,0,0,4.0,6.0,4.5,2.0
Lucknow,2023-01-02,1,20.02,0.19,-0.234,40.0,7357.7,4,20.82,0.0,-0.197,41.6,22.22,0.0,-0.205,42.5,19.52,2.99,-0.151,43.7,0.0475,-0.2025,41.225,1,0,0,5.0,5.0,4.25,3.0
Lucknow,2023-01-09,2,18.83,0.41,-0.181,40.1,7367.6,4,19.44,0.0,-0.183,41.3,19.5,0.0,-0.196,42.0,19.62,1.57,-0.164,43.1,0.15,-0.19874999999999998,40.75,1,0,0,4.0,4.0,4.25,4.0
Lucknow,2023-01-16,3,20.1,0.0,-0.2,40.1,7350.4,4,20.02,0.19,-0.234,40.0,20.82,0.0,-0.197,41.6,22.22,0.0,-0.205,42.5,0.15,-0.1995,40.375,1,0,0,4.0,4.0,4.25,3.0
Lucknow,2023-01-23,4,22.53,1.28,-0.225,40.1,7355.6,2,18.83,0.41,-0.181,40.1,19.44,0.0,-0.183,41.3,19.5,0.0,-0.196,42.0,0.47,-0.21,40.075,1,0,0,4.0,5.0,3.5,3.0
Lucknow,2023-01-30,5,21.61,0.45,-0.208,40.2,7354.6,3,20.1,0.0,-0.2,40.1,20.02,0.19,-0.234,40.0,20.82,0.0,-0.197,41.6,0.535,-0.20350000000000001,40.125,1,0,0,2.0,4.0,3.25,2.0
Lucknow,2023-02-06,6,24.73,0.0,-0.197,40.2,7365.3,4,22.53,1.28,-0.225,40.1,18.83,0.41,-0.181,40.1,19.44,0.0,-0.183,41.3,0.4325,-0.2075,40.150000000000006,2,0,0,3.0,4.0,3.25,4.0
Lucknow,2023-02-13,7,25.5,0.0,-0.273,40.3,7357.3,3,21.61,0.45,-0.208,40.2,20.1,0.0,-0.2,40.1,20.02,0.19,-0.234,40.0,0.4325,-0.22575,40.2,2,0,0,4.0,4.0,3.0,4.0
Lucknow,2023-02-20,8,25.62,4.39,-0.189,40.4,7366.1,3,24.73,0.0,-0.197,40.2,22.53,1.28,-0.225,40.1,18.83,0.41,-0.181,40.1,1.21,-0.21675,40.275000000000006,2,0,0,3.0,2.0,3.25,4.0
Lucknow,2023-02-27,9,27.06,0.0,-0.148,40.6,7359.4,2,25.5,0.0,-0.273,40.3,21.61,0.45,-0.208,40.2,20.1,0.0,-0.2,40.1,1.0975,-0.20175,40.375,2,0,0,3.0,3.0,3.0,5.0
Lucknow,2023-03-06,10,26.12,4.79,-0.192,40.8,7362.2,4,25.62,4.39,-0.189,40.4,24.73,0.0,-0.197,40.2,22.53,1.28,-0.225,40.1,2.295,-0.2005,40.525,3,0,0,2.0,4.0,3.0,4.0
Lucknow,2023-03-13,11,24.84,0.0,-0.155,41.0,7354.3,4,27.06,0.0,-0.148,40.6,25.5,0.0,-0.273,40.3,21.61,0.45,-0.208,40.2,2.295,-0.17099999999999999,40.699999999999996,3,0,0,4.0,3.0,3.25,5.0
Lucknow,2023-03-20,12,27.27,0.0,-0.222,41.3,7355.5,4,26.12,4.79,-0.192,40.8,25.62,4.39,-0.189,40.4,24.73,0.0,-0.197,40.2,1.1975,-0.17925,40.925,3,0,0,4.0,3.0,3.5,5.0
Lucknow,2023-03-27,13,28.69,0.0,-0.185,41.6,7361.2,5,24.84,0.0,-0.155,41.0,27.06,0.0,-0.148,40.6,25.5,0.0,-0.273,40.3,1.1975,-0.1885,41.175,3,0,0,4.0,2.0,4.25,5.0
Lucknow,2023-04-03,14,29.71,0.2,-0.197,42.0,7360.5,4,27.27,0.0,-0.222,41.3,26.12,4.79,-0.192,40.8,25.62,4.39,-0.189,40.4,0.05,-0.18975,41.474999999999994,4,0,0,5.0,4.0,4.25,6.0
Lucknow,2023-04-10,15,30.8,0.0,-0.151,42.5,7360.3,5,28.69,0.0,-0.185,41.6,24.84,0.0,-0.155,41.0,27.06,0.0,-0.148,40.6,0.05,-0.18875,41.849999999999994,4,0,0,4.0,4.0,4.5,7.0
Lucknow,2023-04-17,16,30.8,2.59,-0.208,43.1,7362.3,5,29.71,0.2,-0.197,42.0,27.27,0.0,-0.222,41.3,26.12,4.79,-0.192,40.8,0.6975,-0.18525,42.300000000000004,4,0,0,5.0,4.0,4.75,7.0
Lucknow,2023-04-24,17,31.31,3.99,-0.141,43.7,7365.5,5,30.8,0.0,-0.151,42.5,28.69,0.0,-0.185,41.6,24.84,0.0,-0.155,41.0,1.695,-0.17425,42.825,4,0,0,5.0,5.0,4.75,8.0
Lucknow,2023-05-01,18,32.32,4.55,-0.149,44.5,7366.3,6,30.8,2.59,-0.208,43.1,29.71,0.2,-0.197,42.0,27.27,0.0,-0.222,41.3,2.7824999999999998,-0.16225,43.45,5,0,0,5.0,4.0,5.25,7.0
Lucknow,2023-05-08,19,27.77,2.38,-0.199,45.3,7368.2,7,31.31,3.99,-0.141,43.7,30.8,0.0,-0.151,42.5,28.69,0.0,-0.185,41.6,3.3775,-0.17425,44.15,5,0,0,6.0,5.0,5.75,8.0
Lucknow,2023-05-15,20,32.02,4.27,-0.229,46.2,7358.3,7,32.32,4.55,-0.149,44.5,30.8,2.59,-0.208,43.1,29.71,0.2,-0.197,42.0,3.7975,-0.1795,44.925000000000004,5,0,0,7.0,5.0,6.25,8.0
Lucknow,2023-05-22,21,32.94,7.72,-0.146,47.1,7363.9,8,27.77,2.38,-0.199,45.3,31.31,3.99,-0.141,43.7,30.8,0.0,-0.151,42.5,4.7299999999999995,-0.18075,45.775,5,0,0,7.0,5.0,7.0,9.0
Lucknow,2023-05-29,22,31.97,9.92,-0.137,48.1,7368.9,7,32.02,4.27,-0.229,46.2,32.32,4.55,-0.149,44.5,30.8,2.59,-0.208,43.1,6.0725,-0.17775,46.675,5,0,0,8.0,6.0,7.25,10.0
Lucknow,2023-06-05,23,32.02,7.52,-0.196,49.1,7359.8,8,32.94,7.72,-0.146,47.1,27.77,2.38,-0.199,45.3,31.31,3.99,-0.141,43.7,7.3575,-0.17700000000000002,47.625,6,1,0,7.0,7.0,7.5,10.0
Lucknow,2023-06-12,24,33.17,6.85,-0.142,50.1,7361.9,8,31.97,9.92,-0.137,48.1,32.02,4.27,-0.229,46.2,32.32,4.55,-0.149,44.5,8.0025,-0.15525,48.6,6,1,0,8.0,7.0,7.75,11.0
Lucknow,2023-06-19,25,30.11,11.84,-0.06,51.1,7372.1,9,32.02,7.52,-0.196,49.1,32.94,7.72,-0.146,47.1,27.77,2.38,-0.199,45.3,9.0325,-0.13374999999999998,49.6,6,1,0,8.0,8.0,8.0,11.0
Lucknow,2023-06-26,26,33.61,14.51,-0.074,52.0,7362.5,10,33.17,6.85,-0.142,50.1,31.97,9.92,-0.137,48.1,32.02,4.27,-0.229,46.2,10.18,-0.118,50.575,6,1,0,9.0,7.0,8.75,11.0
Lucknow,2023-07-03,27,30.91,21.03,0.002,52.9,7368.7,10,30.11,11.84,-0.06,51.1,32.02,7.52,-0.196,49.1,32.94,7.72,-0.146,47.1,13.557500000000001,-0.0685,51.525,7,1,0,10.0,8.0,9.25,12.0
Lucknow,2023-07-10,28,28.66,17.79,-0.041,53.6,7365.7,11,33.61,14.51,-0.074,52.0,33.17,6.85,-0.142,50.1,31.97,9.92,-0.137,48.1,16.2925,-0.04325,52.4,7,1,0,10.0,8.0,10.0,11.0
Lucknow,2023-07-17,29,29.37,18.85,0.02,54.2,7369.7,11,30.91,21.03,0.002,52.9,30.11,11.84,-0.06,51.1,32.02,7.52,-0.196,49.1,18.045,-0.02325,53.175,7,1,0,11.0,9.0,10.5,11.0
Lucknow,2023-07-24,30,29.64,18.8,-0.055,54.6,7369.8,11,28.66,17.79,-0.041,53.6,33.61,14.51,-0.074,52.0,33.17,6.85,-0.142,50.1,19.1175,-0.0185,53.825,7,1,0,11.0,10.0,10.75,13.0
Lucknow,2023-07-31,31,29.8,21.63,0.072,54.9,7375.8,12,29.37,18.85,0.02,54.2,30.91,21.03,0.002,52.9,30.11,11.84,-0.06,51.1,19.2675,-0.0010000000000000009,54.325,7,1,0,11.0,10.0,11.25,15.0
Lucknow,2023-08-07,32,27.39,16.49,-0.005,55.0,7363.7,11,29.64,18.8,-0.055,54.6,28.66,17.79,-0.041,53.6,33.61,14.51,-0.074,52.0,18.9425,0.008,54.675,8,1,0,12.0,11.0,11.25,16.0
Lucknow,2023-08-14,33,26.14,18.06,-0.028,54.9,7358.9,11,29.8,21.63,0.072,54.9,29.37,18.85,0.02,54.2,30.91,21.03,0.002,52.9,18.744999999999997,-0.004000000000000001,54.85,8,1,0,11.0,11.0,11.25,10.0
Lucknow,2023-08-21,34,26.45,12.08,-0.038,54.6,7362.9,13,27.39,16.49,-0.005,55.0,29.64,18.8,-0.055,54.6,28.66,17.79,-0.041,53.6,17.065,0.0002499999999999985,54.849999999999994,8,1,0,11.0,11.0,11.75,9.0
Lucknow,2023-08-28,35,27.61,17.26,-0.048,54.2,7370.6,15,26.14,18.06,-0.028,54.9,29.8,21.63,0.072,54.9,29.37,18.85,0.02,54.2,15.9725,-0.029749999999999995,54.675000000000004,8,1,0,13.0,12.0,12.5,10.0
Lucknow,2023-09-04,36,26.42,9.54,-0.064,53.6,7369.1,16,26.45,12.08,-0.038,54.6,27.39,16.49,-0.005,55.0,29.64,18.8,-0.055,54.6,14.235000000000001,-0.0445,54.324999999999996,9,1,1,15.0,11.0,13.75,10.0
Lucknow,2023-09-11,37,24.03,6.88,-0.136,52.9,7371.6,10,27.61,17.26,-0.048,54.2,26.14,18.06,-0.028,54.9,29.8,21.63,0.072,54.9,11.440000000000001,-0.07150000000000001,53.825,9,1,1,16.0,11.0,13.5,7.0
Lucknow,2023-09-18,38,23.64,12.48,-0.093,52.0,7363.5,9,26.42,9.54,-0.064,53.6,26.45,12.08,-0.038,54.6,27.39,16.49,-0.005,55.0,11.540000000000001,-0.08524999999999999,53.175,9,1,1,10.0,13.0,12.5,5.0
Lucknow,2023-09-25,39,25.09,3.52,-0.114,51.1,7372.8,10,24.03,6.88,-0.136,52.9,27.61,17.26,-0.048,54.2,26.14,18.06,-0.028,54.9,8.105,-0.10175000000000001,52.4,9,1,1,9.0,15.0,11.25,8.0
Lucknow,2023-10-02,40,24.51,4.14,-0.143,50.1,7364.0,10,23.64,12.48,-0.093,52.0,26.42,9.54,-0.064,53.6,26.45,12.08,-0.038,54.6,6.755,-0.1215,51.525000000000006,10,0,1,10.0,16.0,9.75,6.0
Lucknow,2023-10-09,41,23.26,7.1,-0.182,49.1,7372.3,7,25.09,3.52,-0.114,51.1,24.03,6.88,-0.136,52.9,27.61,17.26,-0.048,54.2,6.8100000000000005,-0.133,50.575,10,0,1,10.0,10.0,9.0,8.0
Lucknow,2023-10-16,42,20.43,1.19,-0.156,48.1,7360.2,5,24.51,4.14,-0.143,50.1,23.64,12.48,-0.093,52.0,26.42,9.54,-0.064,53.6,3.9875,-0.14875,49.6,10,0,1,7.0,9.0,8.0,5.0
Lucknow,2023-10-23,43,21.04,1.26,-0.194,47.1,7376.0,8,23.26,7.1,-0.182,49.1,25.09,3.52,-0.114,51.1,24.03,6.88,-0.136,52.9,3.4225,-0.16874999999999998,48.6,10,0,1,5.0,10.0,7.5,6.0
Lucknow,2023-10-30,44,20.64,3.02,-0.104,46.2,7363.3,6,20.43,1.19,-0.156,48.1,24.51,4.14,-0.143,50.1,23.64,12.48,-0.093,52.0,3.1425,-0.159,47.62500000000001,10,0,1,8.0,10.0,6.5,4.0
Lucknow,2023-11-06,45,20.33,1.44,-0.17,45.3,7374.9,8,21.04,1.26,-0.194,47.1,23.26,7.1,-0.182,49.1,25.09,3.52,-0.114,51.1,1.7275,-0.156,46.675,11,0,1,6.0,7.0,6.75,5.0
Lucknow,2023-11-13,46,19.63,0.95,-0.166,44.5,7375.2,5,20.64,3.02,-0.104,46.2,20.43,1.19,-0.156,48.1,24.51,4.14,-0.143,50.1,1.6675,-0.1585,45.775,11,0,1,8.0,5.0,6.75,5.0
Lucknow,2023-11-20,47,19.73,0.0,-0.208,43.7,7373.5,6,20.33,1.44,-0.17,45.3,21.04,1.26,-0.194,47.1,23.26,7.1,-0.182,49.1,1.3524999999999998,-0.162,44.925000000000004,11,0,1,5.0,8.0,6.25,4.0
Lucknow,2023-11-27,48,21.98,2.01,-0.246,43.1,7366.0,4,19.63,0.95,-0.166,44.5,20.64,3.02,-0.104,46.2,20.43,1.19,-0.156,48.1,1.0999999999999999,-0.1975,44.15,11,0,1,6.0,6.0,5.75,2.0
Pune,2019-02-18,8,23.67,0.0,-0.244,40.4,6299.5,4,22.58,0.24,-0.192,40.2,20.57,0.05,-0.199,40.1,21.68,2.49,-0.175,40.1,0.08,-0.21000000000000002,40.275000000000006,2,0,0,3.0,3.0,3.5,3.0
Pune,2019-02-25,9,25.34,0.0,-0.2,40.6,6301.2,3,24.83,0.08,-0.202,40.3,21.28,0.0,-0.202,40.2,22.8,3.77,-0.211,40.1,0.08,-0.2095,40.375,2,0,0,4.0,4.0,3.25,4.0
Pune,2019-03-04,10,25.66,0.0,-0.206,40.8,6312.9,3,23.67,0.0,-0.244,40.4,22.58,0.24,-0.192,40.2,20.57,0.05,-0.199,40.1,0.02,-0.21300000000000002,40.525,3,0,0,3.0,3.0,3.25,4.0
Pune,2019-03-11,11,26.92,0.0,-0.215,41.0,6301.3,2,25.34,0.0,-0.2,40.6,24.83,0.08,-0.202,40.3,21.28,0.0,-0.202,40.2,0.0,-0.21625,40.699999999999996,3,0,0,3.0,3.0,3.0,4.0
Pune,2019-03-18,12,26.15,0.23,-0.179,41.3,6309.1,3,25.66,0.0,-0.206,40.8,23.67,0.0,-0.244,40.4,22.58,0.24,-0.192,40.2,0.0575,-0.19999999999999998,40.925,3,0,0,2.0,4.0,2.75,6.0
Pune,2019-03-25,13,27.56,0.0,-0.216,41.6,6298.5,4,26.92,0.0,-0.215,41.0,25.34,0.0,-0.2,40.6,24.83,0.08,-0.202,40.3,0.0575,-0.20400000000000001,41.175,3,0,0,3.0,3.0,3.0,4.0
Pune,2019-04-01,14,26.03,4.72,-0.2,42.0,6300.9,4,26.15,0.23,-0.179,41.3,25.66,0.0,-0.206,40.8,23.67,0.0,-0.244,40.4,1.2375,-0.2025,41.474999999999994,4,0,0,4.0,3.0,3.25,4.0
Pune,2019-04-08,15,28.73,3.76,-0.148,42.5,6310.3,4,27.56,0.0,-0.216,41.6,26.92,0.0,-0.215,41.0,25.34,0.0,-0.2,40.6,2.1775,-0.18575,41.849999999999994,4,0,0,4.0,2.0,3.75,6.0
Pune,2019-04-15,16,28.24,0.41,-0.209,43.1,6304.9,6,26.03,4.72,-0.2,42.0,26.15,0.23,-0.179,41.3,25.66,0.0,-0.206,40.8,2.2224999999999997,-0.19325,42.300000000000004,4,0,0,4.0,3.0,4.5,6.0
Pune,2019-04-22,17,29.99,2.39,-0.217,43.7,6313.9,4,28.73,3.76,-0.148,42.5,27.56,0.0,-0.216,41.6,26.92,0.0,-0.215,41.0,2.82,-0.19349999999999998,42.825,4,0,0,6.0,4.0,4.5,8.0
Pune,2019-04-29,18,30.18,2.75,-0.116,44.5,6306.2,4,28.24,0.41,-0.209,43.1,26.03,4.72,-0.2,42.0,26.15,0.23,-0.179,41.3,2.3275,-0.1725,43.45,4,0,0,4.0,4.0,4.5,8.0
Pune,2019-05-06,19,31.14,2.27,-0.181,45.3,6309.9,6,29.99,2.39,-0.217,43.7,28.73,3.76,-0.148,42.5,27.56,0.0,-0.216,41.6,1.955,-0.18075,44.15,5,0,0,4.0,4.0,5.0,9.0
Pune,2019-05-13,20,30.17,6.19,-0.187,46.2,6302.1,6,30.18,2.75,-0.116,44.5,28.24,0.41,-0.209,43.1,26.03,4.72,-0.2,42.0,3.4000000000000004,-0.17525000000000002,44.925000000000004,5,0,0,6.0,6.0,5.0,8.0
Pune,2019-05-20,21,31.36,3.2,-0.161,47.1,6297.6,8,31.14,2.27,-0.181,45.3,29.99,2.39,-0.217,43.7,28.73,3.76,-0.148,42.5,3.6025,-0.16125,45.775,5,0,0,6.0,4.0,6.0,8.0
Pune,2019-05-27,22,30.52,4.82,-0.154,48.1,6298.9,8,30.17,6.19,-0.187,46.2,30.18,2.75,-0.116,44.5,28.24,0.41,-0.209,43.1,4.12,-0.17075,46.675,5,0,0,8.0,4.0,7.0,9.0
Pune,2019-06-03,23,30.48,4.43,-0.199,49.1,6309.0,9,31.36,3.2,-0.161,47.1,31.14,2.27,-0.181,45.3,29.99,2.39,-0.217,43.7,4.66,-0.17525000000000002,47.625,6,1,0,8.0,6.0,7.75,10.0
Pune,2019-06-10,24,32.18,8.85,-0.145,50.1,6306.9,8,30.52,4.82,-0.154,48.1,30.17,6.19,-0.187,46.2,30.18,2.75,-0.116,44.5,5.324999999999999,-0.16474999999999998,48.6,6,1,0,9.0,6.0,8.25,12.0
Pune,2019-06-17,25,31.04,13.27,-0.087,51.1,6302.8,8,30.48,4.43,-0.199,49.1,31.36,3.2,-0.161,47.1,31.14,2.27,-0.181,45.3,7.842499999999999,-0.14625,49.6,6,1,0,8.0,8.0,8.25,10.0
Pune,2019-06-24,26,31.04,7.51,-0.097,52.0,6310.1,9,32.18,8.85,-0.145,50.1,30.52,4.82,-0.154,48.1,30.17,6.19,-0.187,46.2,8.515,-0.132,50.575,6,1,0,8.0,8.0,8.5,12.0
Pune,2019-07-01,27,28.48,13.83,-0.072,52.9,6307.8,10,31.04,13.27,-0.087,51.1,30.48,4.43,-0.199,49.1,31.36,3.2,-0.161,47.1,10.865,-0.10024999999999999,51.525,7,1,0,9.0,9.0,8.75,11.0
Pune,2019-07-08,28,31.73,14.11,-0.091,53.6,6305.7,12,31.04,7.51,-0.097,52.0,32.18,8.85,-0.145,50.1,30.52,4.82,-0.154,48.1,12.18,-0.08675000000000001,52.4,7,1,0,10.0,8.0,9.75,10.0
Pune,2019-07-15,29,28.69,15.03,-0.114,54.2,6309.8,10,28.48,13.83,-0.072,52.9,31.04,13.27,-0.087,51.1,30.48,4.43,-0.199,49.1,12.620000000000001,-0.0935,53.175,7,1,0,12.0,8.0,10.25,10.0
Pune,2019-07-22,30,30.21,15.54,-0.093,54.6,6316.6,12,31.73,14.11,-0.091,53.6,31.04,7.51,-0.097,52.0,32.18,8.85,-0.145,50.1,14.627499999999998,-0.0925,53.825,7,1,0,10.0,9.0,11.0,10.0
Pune,2019-07-29,31,28.44,11.74,-0.049,54.9,6309.0,11,28.69,15.03,-0.114,54.2,28.48,13.83,-0.072,52.9,31.04,13.27,-0.087,51.1,14.104999999999999,-0.08675000000000001,54.325,7,1,0,12.0,10.0,11.25,11.0
Pune,2019-08-05,32,28.29,12.67,-0.065,55.0,6303.5,10,30.21,15.54,-0.093,54.6,31.73,14.11,-0.091,53.6,31.04,7.51,-0.097,52.0,13.745,-0.08025,54.675,8,1,0,11.0,12.0,10.75,10.0
Pune,2019-08-12,33,25.56,8.77,-0.092,54.9,6319.8,10,28.44,11.74,-0.049,54.9,28.69,15.03,-0.114,54.2,28.48,13.83,-0.072,52.9,12.18,-0.07475,54.85,8,1,0,10.0,10.0,10.75,11.0
Pune,2019-08-19,34,26.93,10.76,-0.109,54.6,6298.2,10,28.29,12.67,-0.065,55.0,30.21,15.54,-0.093,54.6,31.73,14.11,-0.091,53.6,10.985,-0.07875,54.849999999999994,8,1,0,10.0,12.0,10.25,9.0
Pune,2019-08-26,35,27.61,12.53,-0.113,54.2,6308.6,11,25.56,8.77,-0.092,54.9,28.44,11.74,-0.049,54.9,28.69,15.03,-0.114,54.2,11.182500000000001,-0.09475,54.675000000000004,8,1,0,10.0,11.0,10.25,8.0
Pune,2019-09-02,36,22.47,8.5,-0.139,53.6,6303.8,10,26.93,10.76,-0.109,54.6,28.29,12.67,-0.065,55.0,30.21,15.54,-0.093,54.6,10.14,-0.11325,54.324999999999996,9,1,1,11.0,10.0,10.25,8.0
Pune,2019-09-09,37,25.41,13.39,-0.058,52.9,6311.1,11,27.61,12.53,-0.113,54.2,25.56,8.77,-0.092,54.9,28.44,11.74,-0.049,54.9,11.295,-0.10475,53.825,9,1,1,10.0,10.0,10.5,8.0
Pune,2019-09-16,38,24.69,9.23,-0.086,52.0,6308.7,9,22.47,8.5,-0.139,53.6,26.93,10.76,-0.109,54.6,28.29,12.67,-0.065,55.0,10.912500000000001,-0.099,53.175,9,1,1,11.0,10.0,10.25,9.0
Pune,2019-09-23,39,24.01,6.4,-0.133,51.1,6302.1,8,25.41,13.39,-0.058,52.9,27.61,12.53,-0.113,54.2,25.56,8.77,-0.092,54.9,9.38,-0.10400000000000001,52.4,9,1,1,9.0,11.0,9.5,6.0
Pune,2019-09-30,40,21.86,4.87,-0.156,50.1,6300.7,8,24.69,9.23,-0.086,52.0,22.47,8.5,-0.139,53.6,26.93,10.76,-0.109,54.6,8.4725,-0.10825,51.525000000000006,9,1,1,8.0,10.0,9.0,8.0
Pune,2019-10-07,41,22.04,7.35,-0.196,49.1,6309.0,8,24.01,6.4,-0.133,51.1,25.41,13.39,-0.058,52.9,27.61,12.53,-0.113,54.2,6.9625,-0.14275,50.575,10,0,1,8.0,11.0,8.25,7.0
Pune,2019-10-14,42,20.97,2.93,-0.162,48.1,6308.6,9,21.86,4.87,-0.156,50.1,24.69,9.23,-0.086,52.0,22.47,8.5,-0.139,53.6,5.3875,-0.16175,49.6,10,0,1,8.0,9.0,8.25,7.0
Pune,2019-10-21,43,20.79,0.0,-0.179,47.1,6314.3,6,22.04,7.35,-0.196,49.1,24.01,6.4,-0.133,51.1,25.41,13.39,-0.058,52.9,3.7875,-0.17325000000000002,48.6,10,0,1,9.0,8.0,7.75,7.0
Pune,2019-10-28,44,22.07,1.26,-0.225,46.2,6315.9,8,20.97,2.93,-0.162,48.1,21.86,4.87,-0.156,50.1,24.69,9.23,-0.086,52.0,2.8850000000000002,-0.1905,47.62500000000001,10,0,1,6.0,8.0,7.75,6.0
Pune,2019-11-04,45,19.23,2.59,-0.126,45.3,6312.8,7,20.79,0.0,-0.179,47.1,22.04,7.35,-0.196,49.1,24.01,6.4,-0.133,51.1,1.695,-0.17300000000000001,46.675,11,0,1,8.0,8.0,7.5,7.0
Pune,2019-11-11,46,18.89,0.0,-0.204,44.5,6311.1,7,22.07,1.26,-0.225,46.2,20.97,2.93,-0.162,48.1,21.86,4.87,-0.156,50.1,0.9625,-0.1835,45.775,11,0,1,7.0,9.0,7.0,3.0
Pune,2019-11-18,47,18.68,0.39,-0.159,43.7,6307.1,7,19.23,2.59,-0.126,45.3,20.79,0.0,-0.179,47.1,22.04,7.35,-0.196,49.1,1.06,-0.1785,44.925000000000004,11,0,1,7.0,6.0,7.25,3.0
Pune,2019-11-25,48,18.84,0.0,-0.168,43.1,6309.1,6,18.89,0.0,-0.204,44.5,22.07,1.26,-0.225,46.2,20.97,2.93,-0.162,48.1,0.7450000000000001,-0.16425,44.15,11,0,1,7.0,8.0,6.75,5.0
Pune,2019-12-02,49,20.75,2.11,-0.165,42.5,6300.1,7,18.68,0.39,-0.159,43.7,19.23,2.59,-0.126,45.3,20.79,0.0,-0.179,47.1,0.6250000000000001,-0.174,43.45,12,0,0,6.0,7.0,6.75,5.0
Pune,2019-12-09,50,16.36,1.79,-0.198,42.0,6314.2,3,18.84,0.0,-0.168,43.1,18.89,0.0,-0.204,44.5,22.07,1.26,-0.225,46.2,1.0725000000000002,-0.17250000000000001,42.825,12,0,0,7.0,7.0,5.75,28.0
Pune,2019-12-16,51,17.38,2.95,-0.21,41.6,6314.9,3,20.75,2.11,-0.165,42.5,18.68,0.39,-0.159,43.7,19.23,2.59,-0.126,45.3,1.7125000000000001,-0.18525,42.3,12,0,0,3.0,7.0,4.75,4.0
Pune,2019-12-23,52,20.51,0.0,-0.194,41.3,6316.8,5,16.36,1.79,-0.198,42.0,18.84,0.0,-0.168,43.1,18.89,0.0,-0.204,44.5,1.7125000000000001,-0.19175,41.85,12,0,0,3.0,6.0,4.5,3.0
Pune,2019-12-30,1,21.21,0.0,-0.206,40.0,6310.4,5,17.38,2.95,-0.21,41.6,20.75,2.11,-0.165,42.5,18.68,0.39,-0.159,43.7,1.185,-0.202,41.225,12,0,0,5.0,7.0,4.0,5.0
Pune,2020-01-06,2,21.09,0.12,-0.188,40.1,6314.0,28,20.51,0.0,-0.194,41.3,16.36,1.79,-0.198,42.0,18.84,0.0,-0.168,43.1,0.7675000000000002,-0.1995,40.75,1,0,0,5.0,3.0,10.25,1.0
Pune,2020-01-13,3,20.08,0.0,-0.236,40.1,6312.3,4,21.21,0.0,-0.206,40.0,17.38,2.95,-0.21,41.6,20.75,2.11,-0.165,42.5,0.03000000000000011,-0.20600000000000002,40.375,1,0,0,28.0,3.0,10.5,3.0
Pune,2020-01-20,4,20.43,0.0,-0.223,40.1,6311.6,3,21.09,0.12,-0.188,40.1,20.51,0.0,-0.194,41.3,16.36,1.79,-0.198,42.0,0.03000000000000011,-0.21325,40.075,1,0,0,4.0,5.0,10.0,4.0
Pune,2020-01-27,5,19.58,0.0,-0.184,40.2,6313.1,5,20.08,0.0,-0.236,40.1,21.21,0.0,-0.206,40.0,17.38,2.95,-0.21,41.6,0.03000000000000011,-0.20775,40.125,1,0,0,3.0,5.0,10.0,3.0
Pune,2020-02-03,6,21.96,0.0,-0.259,40.2,6316.6,1,20.43,0.0,-0.223,40.1,21.09,0.12,-0.188,40.1,20.51,0.0,-0.194,41.3,0.0,-0.2255,40.150000000000006,2,0,0,5.0,28.0,3.25,3.0
Pune,2020-02-10,7,23.42,0.89,-0.171,40.3,6313.4,3,19.58,0.0,-0.184,40.2,20.08,0.0,-0.236,40.1,21.21,0.0,-0.206,40.0,0.22250000000000011,-0.20925,40.2,2,0,0,1.0,4.0,3.0,3.0
Pune,2020-02-17,8,23.34,0.0,-0.217,40.4,6320.7,4,21.96,0.0,-0.259,40.2,20.43,0.0,-0.223,40.1,21.09,0.12,-0.188,40.1,0.22250000000000011,-0.20775,40.275,2,0,0,3.0,3.0,3.25,3.0
Pune,2020-02-24,9,25.22,0.0,-0.179,40.6,6313.4,3,23.42,0.89,-0.171,40.3,19.58,0.0,-0.184,40.2,20.08,0.0,-0.236,40.1,0.22250000000000011,-0.20650000000000002,40.375,2,0,0,4.0,5.0,2.75,2.0
Pune,2020-03-02,10,25.16,0.0,-0.19,40.8,6318.8,3,23.34,0.0,-0.217,40.4,21.96,0.0,-0.259,40.2,20.43,0.0,-0.223,40.1,0.22250000000000011,-0.18925,40.525,3,0,0,3.0,1.0,3.25,3.0
Pune,2020-03-09,11,23.99,0.09,-0.195,41.0,6314.3,3,25.22,0.0,-0.179,40.6,23.42,0.89,-0.171,40.3,19.58,0.0,-0.184,40.2,0.02250000000000011,-0.19524999999999998,40.7,3,0,0,3.0,3.0,3.25,3.0
Pune,2020-03-16,12,26.81,0.59,-0.216,41.3,6324.0,3,25.16,0.0,-0.19,40.8,23.34,0.0,-0.217,40.4,21.96,0.0,-0.259,40.2,0.1700000000000001,-0.195,40.925,3,0,0,3.0,4.0,3.0,4.0
Pune,2020-03-23,13,27.13,0.0,-0.232,41.6,6318.7,2,23.99,0.09,-0.195,41.0,25.22,0.0,-0.179,40.6,23.42,0.89,-0.171,40.3,0.1700000000000001,-0.20825,41.175,3,0,0,3.0,3.0,2.75,6.0
Pune,2020-03-30,14,24.4,1.31,-0.176,42.0,6312.4,3,26.81,0.59,-0.216,41.3,25.16,0.0,-0.19,40.8,23.34,0.0,-0.217,40.4,0.4975000000000001,-0.20475,41.475,3,0,0,2.0,3.0,2.75,4.0
Pune,2020-04-06,15,28.22,0.0,-0.204,42.5,6312.6,3,27.13,0.0,-0.232,41.6,23.99,0.09,-0.195,41.0,25.22,0.0,-0.179,40.6,0.4750000000000001,-0.207,41.85,4,0,0,3.0,3.0,2.75,5.0
Pune,2020-04-13,16,28.33,4.31,-0.133,43.1,6309.9,4,24.4,1.31,-0.176,42.0,26.81,0.59,-0.216,41.3,25.16,0.0,-0.19,40.8,1.405,-0.18625,42.3,4,0,0,3.0,3.0,3.0,5.0
Pune,2020-04-20,17,29.87,1.56,-0.177,43.7,6313.2,6,28.22,0.0,-0.204,42.5,27.13,0.0,-0.232,41.6,23.99,0.09,-0.195,41.0,1.795,-0.1725,42.825,4,0,0,4.0,2.0,4.0,6.0
Pune,2020-04-27,18,29.54,2.9,-0.164,44.5,6318.9,4,28.33,4.31,-0.133,43.1,24.4,1.31,-0.176,42.0,26.81,0.59,-0.216,41.3,2.1925,-0.1695,43.45,4,0,0,6.0,3.0,4.25,8.0
Pune,2020-05-04,19,30.8,2.46,-0.151,45.3,6321.3,5,29.87,1.56,-0.177,43.7,28.22,0.0,-0.204,42.5,27.13,0.0,-0.232,41.6,2.8075,-0.15625,44.150000000000006,5,0,0,4.0,3.0,4.75,7.0
Pune,2020-05-11,20,30.34,3.57,-0.173,46.2,6319.2,5,29.54,2.9,-0.164,44.5,28.33,4.31,-0.133,43.1,24.4,1.31,-0.176,42.0,2.6225,-0.16624999999999998,44.925,5,0,0,5.0,4.0,5.0,10.0
Pune,2020-05-18,21,30.71,8.91,-0.098,47.1,6312.7,6,30.8,2.46,-0.151,45.3,29.87,1.56,-0.177,43.7,28.22,0.0,-0.204,42.5,4.46,-0.14650000000000002,45.775,5,0,0,5.0,6.0,5.0,10.0
Pune,2020-05-25,22,30.97,9.21,-0.122,48.1,6316.8,8,30.34,3.57,-0.173,46.2,29.54,2.9,-0.164,44.5,28.33,4.31,-0.133,43.1,6.0375000000000005,-0.136,46.675,5,0,0,6.0,4.0,6.0,8.0
Pune,2020-06-01,23,30.6,9.17,-0.114,49.1,6315.2,7,30.71,8.91,-0.098,47.1,30.8,2.46,-0.151,45.3,29.87,1.56,-0.177,43.7,7.715,-0.12675,47.625,6,1,0,8.0,5.0,6.5,10.0
Pune,2020-06-08,24,30.27,11.34,-0.126,50.1,6318.6,10,30.97,9.21,-0.122,48.1,30.34,3.57,-0.173,46.2,29.54,2.9,-0.164,44.5,9.6575,-0.115,48.6,6,1,0,7.0,5.0,7.75,10.0
Pune,2020-06-15,25,28.71,12.62,-0.102,51.1,6320.8,10,30.6,9.17,-0.114,49.1,30.71,8.91,-0.098,47.1,30.8,2.46,-0.151,45.3,10.585,-0.11599999999999999,49.6,6,1,0,10.0,6.0,8.75,10.0
Pune,2020-06-22,26,30.02,8.54,-0.133,52.0,6315.1,8,30.27,11.34,-0.126,50.1,30.97,9.21,-0.122,48.1,30.34,3.57,-0.173,46.2,10.4175,-0.11875,50.575,6,1,0,10.0,8.0,8.75,11.0
Pune,2020-06-29,27,29.91,14.0,-0.029,52.9,6317.1,10,28.71,12.62,-0.102,51.1,30.6,9.17,-0.114,49.1,30.71,8.91,-0.098,47.1,11.625,-0.0975,51.525,6,1,0,8.0,7.0,9.5,11.0
Pune,2020-07-06,28,31.73,18.0,-0.105,53.6,6311.2,10,30.02,8.54,-0.133,52.0,30.27,11.34,-0.126,50.1,30.97,9.21,-0.122,48.1,13.29,-0.09225,52.4,7,1,0,10.0,10.0,9.5,12.0
Pune,2020-07-13,29,29.46,14.93,0.018,54.2,6318.4,10,29.91,14.0,-0.029,52.9,28.71,12.62,-0.102,51.1,30.6,9.17,-0.114,49.1,13.8675,-0.06225,53.175000000000004,7,1,0,10.0,10.0,9.5,12.0
Pune,2020-07-20,30,26.79,14.98,-0.038,54.6,6313.7,11,31.73,18.0,-0.105,53.6,30.02,8.54,-0.133,52.0,30.27,11.34,-0.126,50.1,15.477500000000001,-0.0385,53.825,7,1,0,10.0,8.0,10.25,12.0
Pune,2020-07-27,31,26.51,14.94,-0.049,54.9,6317.2,11,29.46,14.93,0.018,54.2,29.91,14.0,-0.029,52.9,28.71,12.62,-0.102,51.1,15.712499999999999,-0.0435,54.325,7,1,0,11.0,10.0,10.5,11.0
Pune,2020-08-03,32,26.62,12.9,-0.075,55.0,6324.0,12,26.79,14.98,-0.038,54.6,31.73,18.0,-0.105,53.6,30.02,8.54,-0.133,52.0,14.4375,-0.036000000000000004,54.675000000000004,8,1,0,11.0,10.0,11.0,9.0
Pune,2020-08-10,33,26.7,14.07,-0.076,54.9,6314.6,12,26.51,14.94,-0.049,54.9,29.46,14.93,0.018,54.2,29.91,14.0,-0.029,52.9,14.2225,-0.0595,54.849999999999994,8,1,0,12.0,10.0,11.5,9.0
Pune,2020-08-17,34,25.81,10.24,-0.115,54.6,6314.2,12,26.62,12.9,-0.075,55.0,26.79,14.98,-0.038,54.6,31.73,18.0,-0.105,53.6,13.0375,-0.07875,54.85,8,1,0,12.0,11.0,11.75,9.0
Pune,2020-08-24,35,25.39,10.15,-0.102,54.2,6318.4,11,26.7,14.07,-0.076,54.9,26.51,14.94,-0.049,54.9,29.46,14.93,0.018,54.2,11.84,-0.092,54.675,8,1,0,12.0,11.0,11.75,9.0
Pune,2020-08-31,36,23.85,11.26,-0.088,53.6,6311.3,9,25.81,10.24,-0.115,54.6,26.62,12.9,-0.075,55.0,26.79,14.98,-0.038,54.6,11.43,-0.09525,54.325,8,1,0,11.0,12.0,11.0,7.0
Pune,2020-09-07,37,25.73,6.15,-0.16,52.9,6321.9,9,25.39,10.15,-0.102,54.2,26.7,14.07,-0.076,54.9,26.51,14.94,-0.049,54.9,9.45,-0.11624999999999999,53.825,9,1,1,9.0,12.0,10.25,9.0
Pune,2020-09-14,38,23.26,9.02,-0.109,52.0,6321.8,9,23.85,11.26,-0.088,53.6,25.81,10.24,-0.115,54.6,26.62,12.9,-0.075,55.0,9.145,-0.11475,53.175,9,1,1,9.0,12.0,9.5,8.0
Pune,2020-09-21,39,20.62,6.78,-0.135,51.1,6319.3,9,25.73,6.15,-0.16,52.9,25.39,10.15,-0.102,54.2,26.7,14.07,-0.076,54.9,8.3025,-0.123,52.400000000000006,9,1,1,9.0,11.0,9.0,7.0
Pune,2020-09-28,40,22.49,7.2,-0.141,50.1,6324.7,7,23.26,9.02,-0.109,52.0,23.85,11.26,-0.088,53.6,25.81,10.24,-0.115,54.6,7.2875000000000005,-0.13625,51.525,9,1,1,9.0,9.0,8.5,7.0
Pune,2020-10-05,41,22.27,3.02,-0.146,49.1,6329.4,9,20.62,6.78,-0.135,51.1,25.73,6.15,-0.16,52.9,25.39,10.15,-0.102,54.2,6.505,-0.13274999999999998,50.575,10,0,1,7.0,9.0,8.5,6.0
Pune,2020-10-12,42,19.64,4.44,-0.12,48.1,6326.3,8,22.49,7.2,-0.141,50.1,23.26,9.02,-0.109,52.0,23.85,11.26,-0.088,53.6,5.36,-0.1355,49.6,10,0,1,9.0,9.0,8.25,6.0
Pune,2020-10-19,43,19.83,6.61,-0.132,47.1,6328.6,7,22.27,3.02,-0.146,49.1,20.62,6.78,-0.135,51.1,25.73,6.15,-0.16,52.9,5.3175,-0.13474999999999998,48.60000000000001,10,0,1,8.0,9.0,7.75,6.0
Pune,2020-10-26,44,20.47,2.87,-0.21,46.2,6323.5,7,19.64,4.44,-0.12,48.1,22.49,7.2,-0.141,50.1,23.26,9.02,-0.109,52.0,4.235,-0.152,47.625,10,0,1,7.0,7.0,7.75,6.0
Pune,2020-11-02,45,19.81,1.39,-0.176,45.3,6322.3,6,19.83,6.61,-0.132,47.1,22.27,3.02,-0.146,49.1,20.62,6.78,-0.135,51.1,3.8275000000000006,-0.1595,46.675,11,0,1,7.0,9.0,7.0,5.0
Pune,2020-11-09,46,18.1,0.49,-0.218,44.5,6325.1,6,20.47,2.87,-0.21,46.2,19.64,4.44,-0.12,48.1,22.49,7.2,-0.141,50.1,2.84,-0.184,45.775000000000006,11,0,1,6.0,8.0,6.5,5.0
Pune,2020-11-16,47,20.46,2.58,-0.178,43.7,6325.2,6,19.81,1.39,-0.176,45.3,19.83,6.61,-0.132,47.1,22.27,3.02,-0.146,49.1,1.8325,-0.1955,44.925,11,0,1,6.0,7.0,6.25,5.0
Pune,2020-11-23,48,19.73,0.0,-0.22,43.1,6325.2,6,18.1,0.49,-0.218,44.5,20.47,2.87,-0.21,46.2,19.64,4.44,-0.12,48.1,1.115,-0.198,44.15,11,0,1,6.0,7.0,6.0,5.0
Pune,2020-11-30,49,18.05,0.0,-0.204,42.5,6323.5,5,20.46,2.58,-0.178,43.7,19.81,1.39,-0.176,45.3,19.83,6.61,-0.132,47.1,0.7675000000000001,-0.205,43.45,11,0,1,6.0,6.0,5.75,4.0
Pune,2020-12-07,50,21.26,0.0,-0.24,42.0,6321.2,5,19.73,0.0,-0.22,43.1,18.1,0.49,-0.218,44.5,20.47,2.87,-0.21,46.2,0.645,-0.2105,42.825,12,0,0,5.0,6.0,5.5,4.0
Pune,2020-12-14,51,18.09,0.37,-0.218,41.6,6328.5,5,18.05,0.0,-0.204,42.5,20.46,2.58,-0.178,43.7,19.81,1.39,-0.176,45.3,0.0925,-0.22049999999999997,42.3,12,0,0,5.0,6.0,5.25,4.0
Pune,2020-12-21,52,19.52,0.24,-0.159,41.3,6323.9,5,21.26,0.0,-0.24,42.0,19.73,0.0,-0.22,43.1,18.1,0.49,-0.218,44.5,0.1525,-0.20525,41.85,12,0,0,5.0,6.0,5.0,3.0
Pune,2020-12-28,53,19.22,2.51,-0.176,41.0,6327.4,4,18.09,0.37,-0.218,41.6,18.05,0.0,-0.204,42.5,20.46,2.58,-0.178,43.7,0.7799999999999999,-0.19824999999999998,41.475,12,0,0,5.0,5.0,4.75,3.0
Pune,2021-01-04,1,20.73,0.0,-0.197,40.0,6331.0,4,19.52,0.24,-0.159,41.3,21.26,0.0,-0.24,42.0,19.73,0.0,-0.22,43.1,0.7799999999999999,-0.1875,40.975,1,0,0,4.0,5.0,4.5,4.0
Pune,2021-01-11,2,21.26,0.0,-0.18,40.1,6324.7,4,19.22,2.51,-0.176,41.0,18.09,0.37,-0.218,41.6,18.05,0.0,-0.204,42.5,0.6874999999999999,-0.178,40.6,1,0,0,4.0,5.0,4.25,3.0
Pune,2021-01-18,3,19.99,0.0,-0.239,40.1,6331.9,3,20.73,0.0,-0.197,40.0,19.52,0.24,-0.159,41.3,21.26,0.0,-0.24,42.0,0.6275,-0.198,40.3,1,0,0,4.0,5.0,3.75,2.0
Pune,2021-01-25,4,18.99,3.4,-0.197,40.1,6323.5,3,21.26,0.0,-0.18,40.1,19.22,2.51,-0.176,41.0,18.09,0.37,-0.218,41.6,0.85,-0.20325000000000001,40.075,1,0,0,3.0,4.0,3.5,4.0
Pune,2021-02-01,5,21.21,2.49,-0.206,40.2,6330.0,4,19.99,0.0,-0.239,40.1,20.73,0.0,-0.197,40.0,19.52,0.24,-0.159,41.3,1.4725000000000001,-0.2055,40.125,2,0,0,3.0,4.0,3.5,4.0
Pune,2021-02-08,6,24.04,0.0,-0.201,40.2,6329.0,3,18.99,3.4,-0.197,40.1,21.26,0.0,-0.18,40.1,19.22,2.51,-0.176,41.0,1.4725000000000001,-0.21075,40.150000000000006,2,0,0,4.0,4.0,3.25,4.0
Pune,2021-02-15,7,21.99,3.37,-0.175,40.3,6323.4,2,21.21,2.49,-0.206,40.2,19.99,0.0,-0.239,40.1,20.73,0.0,-0.197,40.0,2.315,-0.19475,40.2,2,0,0,3.0,3.0,3.0,3.0
Pune,2021-02-22,8,22.66,0.0,-0.224,40.4,6321.5,4,24.04,0.0,-0.201,40.2,18.99,3.4,-0.197,40.1,21.26,0.0,-0.18,40.1,1.4649999999999999,-0.2015,40.275000000000006,2,0,0,2.0,3.0,3.25,2.0
Pune,2021-03-01,9,24.65,3.01,-0.179,40.6,6324.6,4,21.99,3.37,-0.175,40.3,21.21,2.49,-0.206,40.2,19.99,0.0,-0.239,40.1,1.595,-0.19475,40.375,3,0,0,4.0,4.0,3.25,3.0
Pune,2021-03-08,10,24.99,2.01,-0.201,40.8,6331.5,4,22.66,0.0,-0.224,40.4,24.04,0.0,-0.201,40.2,18.99,3.4,-0.197,40.1,2.0975,-0.19474999999999998,40.525,3,0,0,4.0,3.0,3.5,4.0
Pune,2021-03-15,11,24.81,0.0,-0.169,41.0,6328.7,3,24.65,3.01,-0.179,40.6,21.99,3.37,-0.175,40.3,21.21,2.49,-0.206,40.2,1.255,-0.19325,40.699999999999996,3,0,0,4.0,2.0,3.75,4.0
Pune,2021-03-22,12,25.25,0.43,-0.204,41.3,6330.3,2,24.99,2.01,-0.201,40.8,22.66,0.0,-0.224,40.4,24.04,0.0,-0.201,40.2,1.3624999999999998,-0.18824999999999997,40.925,3,0,0,3.0,4.0,3.25,3.0
Pune,2021-03-29,13,26.29,0.0,-0.141,41.6,6325.2,3,24.81,0.0,-0.169,41.0,24.65,3.01,-0.179,40.6,21.99,3.37,-0.175,40.3,0.61,-0.17875,41.175,3,0,0,2.0,4.0,3.0,5.0
Pune,2021-04-05,14,25.44,4.73,-0.198,42.0,6331.7,4,25.25,0.43,-0.204,41.3,24.99,2.01,-0.201,40.8,22.66,0.0,-0.224,40.4,1.29,-0.17800000000000002,41.474999999999994,4,0,0,3.0,4.0,3.0,5.0
Pune,2021-04-12,15,29.94,0.0,-0.171,42.5,6324.5,4,26.29,0.0,-0.141,41.6,24.81,0.0,-0.169,41.0,24.65,3.01,-0.179,40.6,1.29,-0.1785,41.849999999999994,4,0,0,4.0,3.0,3.25,6.0
Pune,2021-04-19,16,29.43,0.0,-0.14,43.1,6324.7,3,25.44,4.73,-0.198,42.0,25.25,0.43,-0.204,41.3,24.99,2.01,-0.201,40.8,1.1825,-0.16250000000000003,42.300000000000004,4,0,0,4.0,2.0,3.5,8.0
Pune,2021-04-26,17,28.83,0.28,-0.152,43.7,6333.3,5,29.94,0.0,-0.171,42.5,26.29,0.0,-0.141,41.6,24.81,0.0,-0.169,41.0,1.2525000000000002,-0.16525,42.825,4,0,0,3.0,3.0,4.0,7.0
Pune,2021-05-03,18,31.46,3.89,-0.15,44.5,6327.9,5,29.43,0.0,-0.14,43.1,25.44,4.73,-0.198,42.0,25.25,0.43,-0.204,41.3,1.0425,-0.15325,43.45,5,0,0,5.0,4.0,4.25,8.0
Pune,2021-05-10,19,30.63,2.93,-0.183,45.3,6328.4,6,28.83,0.28,-0.152,43.7,29.94,0.0,-0.171,42.5,26.29,0.0,-0.141,41.6,1.775,-0.15625,44.15,5,0,0,5.0,4.0,4.75,9.0
Pune,2021-05-17,20,30.24,2.73,-0.189,46.2,6326.5,8,31.46,3.89,-0.15,44.5,29.43,0.0,-0.14,43.1,25.44,4.73,-0.198,42.0,2.4575,-0.16849999999999998,44.925000000000004,5,0,0,6.0,3.0,6.0,8.0
Pune,2021-05-24,21,32.89,6.88,-0.077,47.1,6334.0,7,30.63,2.93,-0.183,45.3,28.83,0.28,-0.152,43.7,29.94,0.0,-0.171,42.5,4.1075,-0.14975,45.775,5,0,0,8.0,5.0,6.5,9.0
Pune,2021-05-31,22,30.94,7.27,-0.117,48.1,6332.0,8,30.24,2.73,-0.189,46.2,31.46,3.89,-0.15,44.5,29.43,0.0,-0.14,43.1,4.9525,-0.14150000000000001,46.675,5,0,0,7.0,5.0,7.25,10.0
Pune,2021-06-07,23,28.65,9.49,-0.114,49.1,6334.3,9,32.89,6.88,-0.077,47.1,30.63,2.93,-0.183,45.3,28.83,0.28,-0.152,43.7,6.5925,-0.12425,47.625,6,1,0,8.0,6.0,8.0,9.0
Pune,2021-06-14,24,34.63,9.12,-0.109,50.1,6327.2,8,30.94,7.27,-0.117,48.1,30.24,2.73,-0.189,46.2,31.46,3.89,-0.15,44.5,8.19,-0.10425000000000001,48.6,6,1,0,9.0,8.0,8.0,10.0
Pune,2021-06-21,25,30.53,10.36,-0.13,51.1,6315.7,9,28.65,9.49,-0.114,49.1,32.89,6.88,-0.077,47.1,30.63,2.93,-0.183,45.3,9.06,-0.1175,49.6,6,1,0,8.0,7.0,8.5,11.0
Pune,2021-06-28,26,29.81,9.84,-0.079,52.0,6330.4,10,34.63,9.12,-0.109,50.1,30.94,7.27,-0.117,48.1,30.24,2.73,-0.189,46.2,9.7025,-0.108,50.575,6,1,0,9.0,8.0,9.0,13.0
Pune,2021-07-05,27,28.65,16.32,-0.07,52.9,6334.4,9,30.53,10.36,-0.13,51.1,28.65,9.49,-0.114,49.1,32.89,6.88,-0.077,47.1,11.41,-0.097,51.525,7,1,0,10.0,9.0,9.0,11.0
Pune,2021-07-12,28,30.49,13.67,-0.092,53.6,6332.0,10,29.81,9.84,-0.079,52.0,34.63,9.12,-0.109,50.1,30.94,7.27,-0.117,48.1,12.547500000000001,-0.09275000000000001,52.4,7,1,0,9.0,8.0,9.5,11.0
Pune,2021-07-19,29,30.69,14.58,-0.051,54.2,6337.3,11,28.65,16.32,-0.07,52.9,30.53,10.36,-0.13,51.1,28.65,9.49,-0.114,49.1,13.602500000000001,-0.073,53.175,7,1,0,10.0,9.0,10.0,12.0
Pune,2021-07-26,30,27.53,12.62,-0.081,54.6,6325.9,13,30.49,13.67,-0.092,53.6,29.81,9.84,-0.079,52.0,34.63,9.12,-0.109,50.1,14.2975,-0.0735,53.825,7,1,0,11.0,10.0,10.75,11.0
Pune,2021-08-02,31,29.27,13.53,-0.043,54.9,6341.2,11,30.69,14.58,-0.051,54.2,28.65,16.32,-0.07,52.9,30.53,10.36,-0.13,51.1,13.6,-0.06674999999999999,54.325,8,1,0,13.0,9.0,11.25,11.0
Pune,2021-08-09,32,27.23,14.41,-0.087,55.0,6334.6,11,27.53,12.62,-0.081,54.6,30.49,13.67,-0.092,53.6,29.81,9.84,-0.079,52.0,13.785,-0.0655,54.675,8,1,0,11.0,10.0,11.5,12.0
Pune,2021-08-16,33,27.23,12.93,-0.087,54.9,6334.2,12,29.27,13.53,-0.043,54.9,30.69,14.58,-0.051,54.2,28.65,16.32,-0.07,52.9,13.372499999999999,-0.0745,54.85,8,1,0,11.0,11.0,11.75,10.0
Pune,2021-08-23,34,27.02,10.87,-0.119,54.6,6340.4,11,27.23,14.41,-0.087,55.0,27.53,12.62,-0.081,54.6,30.49,13.67,-0.092,53.6,12.935,-0.08399999999999999,54.849999999999994,8,1,0,12.0,13.0,11.25,10.0
Pune,2021-08-30,35,26.4,11.1,-0.071,54.2,6341.0,11,27.23,12.93,-0.087,54.9,29.27,13.53,-0.043,54.9,30.69,14.58,-0.051,54.2,12.3275,-0.091,54.675000000000004,8,1,0,11.0,11.0,11.25,9.0
Pune,2021-09-06,36,23.17,10.5,-0.135,53.6,6333.1,12,27.02,10.87,-0.119,54.6,27.23,14.41,-0.087,55.0,27.53,12.62,-0.081,54.6,11.350000000000001,-0.103,54.324999999999996,9,1,1,11.0,11.0,11.5,9.0
Pune,2021-09-13,37,25.36,6.09,-0.123,52.9,6332.3,10,26.4,11.1,-0.071,54.2,27.23,12.93,-0.087,54.9,29.27,13.53,-0.043,54.9,9.639999999999999,-0.112,53.825,9,1,1,12.0,12.0,11.0,7.0
Pune,2021-09-20,38,23.16,5.5,-0.181,52.0,6327.8,10,23.17,10.5,-0.135,53.6,27.02,10.87,-0.119,54.6,27.23,14.41,-0.087,55.0,8.2975,-0.1275,53.175,9,1,1,10.0,11.0,10.75,8.0
Pune,2021-09-27,39,21.4,10.52,-0.071,51.1,6328.7,9,25.36,6.09,-0.123,52.9,26.4,11.1,-0.071,54.2,27.23,12.93,-0.087,54.9,8.1525,-0.1275,52.4,9,1,1,10.0,11.0,10.25,8.0
Pune,2021-10-04,40,23.34,7.22,-0.114,50.1,6338.2,9,23.16,5.5,-0.181,52.0,23.17,10.5,-0.135,53.6,27.02,10.87,-0.119,54.6,7.3325,-0.12225,51.525000000000006,10,0,1,9.0,12.0,9.5,8.0
Pune,2021-10-11,41,22.35,2.59,-0.13,49.1,6336.8,7,21.4,10.52,-0.071,51.1,25.36,6.09,-0.123,52.9,26.4,11.1,-0.071,54.2,6.4575,-0.124,50.575,10,0,1,9.0,10.0,8.75,7.0
Pune,2021-10-18,42,20.44,4.0,-0.14,48.1,6331.7,8,23.34,7.22,-0.114,50.1,23.16,5.5,-0.181,52.0,23.17,10.5,-0.135,53.6,6.0825,-0.11375,49.6,10,0,1,7.0,10.0,8.25,7.0
Pune,2021-10-25,43,21.58,4.71,-0.154,47.1,6336.1,8,22.35,2.59,-0.13,49.1,21.4,10.52,-0.071,51.1,25.36,6.09,-0.123,52.9,4.63,-0.1345,48.6,10,0,1,8.0,9.0,8.0,6.0
Pune,2021-11-01,44,22.79,2.74,-0.195,46.2,6333.6,8,20.44,4.0,-0.14,48.1,23.34,7.22,-0.114,50.1,23.16,5.5,-0.181,52.0,3.5100000000000002,-0.15475,47.62500000000001,11,0,1,8.0,9.0,7.75,6.0
Pune,2021-11-08,45,18.09,2.05,-0.186,45.3,6336.1,7,21.58,4.71,-0.154,47.1,22.35,2.59,-0.13,49.1,21.4,10.52,-0.071,51.1,3.375,-0.16875,46.675,11,0,1,8.0,7.0,7.75,6.0
Pune,2021-11-15,46,19.23,3.28,-0.141,44.5,6336.9,7,22.79,2.74,-0.195,46.2,20.44,4.0,-0.14,48.1,23.34,7.22,-0.114,50.1,3.195,-0.16899999999999998,45.775,11,0,1,7.0,8.0,7.5,5.0
Pune,2021-11-22,47,18.85,0.92,-0.258,43.7,6344.3,6,18.09,2.05,-0.186,45.3,21.58,4.71,-0.154,47.1,22.35,2.59,-0.13,49.1,2.2475,-0.195,44.925000000000004,11,0,1,7.0,8.0,7.0,4.0
Pune,2021-11-29,48,19.51,1.63,-0.192,43.1,6336.2,6,19.23,3.28,-0.141,44.5,22.79,2.74,-0.195,46.2,20.44,4.0,-0.14,48.1,1.9699999999999998,-0.19425,44.15,11,0,1,6.0,8.0,6.5,4.0
Pune,2021-12-06,49,18.28,0.0,-0.232,42.5,6336.1,6,18.85,0.92,-0.258,43.7,18.09,2.05,-0.186,45.3,21.58,4.71,-0.154,47.1,1.4575,-0.20575,43.45,12,0,0,6.0,7.0,6.25,3.0
Pune,2021-12-13,50,19.49,0.42,-0.148,42.0,6342.1,5,19.51,1.63,-0.192,43.1,19.23,3.28,-0.141,44.5,22.79,2.74,-0.195,46.2,0.7424999999999999,-0.2075,42.825,12,0,0,6.0,7.0,5.75,4.0
Pune,2021-12-20,51,17.96,0.12,-0.238,41.6,6340.4,4,18.28,0.0,-0.232,42.5,18.85,0.92,-0.258,43.7,18.09,2.05,-0.186,45.3,0.5425,-0.2025,42.3,12,0,0,5.0,6.0,5.25,3.0
Pune,2021-12-27,52,19.85,0.22,-0.158,41.3,6346.3,4,19.49,0.42,-0.148,42.0,19.51,1.63,-0.192,43.1,19.23,3.28,-0.141,44.5,0.19,-0.194,41.85,12,0,0,4.0,6.0,4.75,3.0
Pune,2022-01-03,1,22.27,0.0,-0.189,40.0,6338.1,3,17.96,0.12,-0.238,41.6,18.28,0.0,-0.232,42.5,18.85,0.92,-0.258,43.7,0.19,-0.18325,41.225,1,0,0,4.0,6.0,4.0,2.0
Pune,2022-01-10,2,18.02,1.0,-0.233,40.1,6342.3,4,19.85,0.22,-0.158,41.3,19.49,0.42,-0.148,42.0,19.51,1.63,-0.192,43.1,0.335,-0.20450000000000002,40.75,1,0,0,3.0,5.0,3.75,4.0
Pune,2022-01-17,3,19.99,1.45,-0.141,40.1,6344.8,3,22.27,0.0,-0.189,40.0,17.96,0.12,-0.238,41.6,18.28,0.0,-0.232,42.5,0.6675,-0.18025,40.375,1,0,0,4.0,4.0,3.5,4.0
Pune,2022-01-24,4,21.52,0.0,-0.218,40.1,6341.8,3,18.02,1.0,-0.233,40.1,19.85,0.22,-0.158,41.3,19.49,0.42,-0.148,42.0,0.6125,-0.19524999999999998,40.075,1,0,0,3.0,4.0,3.25,3.0
Pune,2022-01-31,5,20.78,0.0,-0.231,40.2,6330.6,2,19.99,1.45,-0.141,40.1,22.27,0.0,-0.189,40.0,17.96,0.12,-0.238,41.6,0.6125,-0.20575000000000002,40.125,1,0,0,3.0,3.0,3.0,4.0
Pune,2022-02-07,6,25.3,0.39,-0.24,40.2,6342.7,4,21.52,0.0,-0.218,40.1,18.02,1.0,-0.233,40.1,19.85,0.22,-0.158,41.3,0.45999999999999996,-0.20750000000000002,40.150000000000006,2,0,0,2.0,4.0,3.0,3.0
Pune,2022-02-14,7,24.82,0.0,-0.274,40.3,6344.2,4,20.78,0.0,-0.231,40.2,19.99,1.45,-0.141,40.1,22.27,0.0,-0.189,40.0,0.09750000000000006,-0.24075000000000002,40.2,2,0,0,4.0,3.0,3.25,3.0
Pune,2022-02-21,8,22.11,0.0,-0.227,40.4,6338.4,3,25.3,0.39,-0.24,40.2,21.52,0.0,-0.218,40.1,18.02,1.0,-0.233,40.1,0.09750000000000006,-0.24300000000000002,40.275,2,0,0,4.0,3.0,3.25,3.0
Pune,2022-02-28,9,20.32,0.0,-0.177,40.6,6338.3,4,24.82,0.0,-0.274,40.3,20.78,0.0,-0.231,40.2,19.99,1.45,-0.141,40.1,0.09750000000000006,-0.2295,40.375,2,0,0,3.0,2.0,3.75,4.0
Pune,2022-03-07,10,24.65,0.0,-0.249,40.8,6345.3,3,22.11,0.0,-0.227,40.4,25.3,0.39,-0.24,40.2,21.52,0.0,-0.218,40.1,0.0,-0.23175,40.525,3,0,0,4.0,4.0,3.5,3.0
Pune,2022-03-14,11,25.28,0.0,-0.251,41.0,6341.2,3,20.32,0.0,-0.177,40.6,24.82,0.0,-0.274,40.3,20.78,0.0,-0.231,40.2,0.0,-0.226,40.7,3,0,0,3.0,4.0,3.25,5.0
Pune,2022-03-21,12,27.78,0.0,-0.184,41.3,6343.6,3,24.65,0.0,-0.249,40.8,22.11,0.0,-0.227,40.4,25.3,0.39,-0.24,40.2,0.0,-0.21525,40.925,3,0,0,3.0,3.0,3.25,5.0
Pune,2022-03-28,13,26.61,0.7,-0.28,41.6,6345.1,4,25.28,0.0,-0.251,41.0,20.32,0.0,-0.177,40.6,24.82,0.0,-0.274,40.3,0.17500000000000004,-0.241,41.175,3,0,0,3.0,4.0,3.25,5.0
Pune,2022-04-04,14,30.78,0.35,-0.159,42.0,6345.7,3,27.78,0.0,-0.184,41.3,24.65,0.0,-0.249,40.8,22.11,0.0,-0.227,40.4,0.26250000000000007,-0.2185,41.475,4,0,0,4.0,3.0,3.25,6.0
Pune,2022-04-11,15,29.7,0.0,-0.185,42.5,6339.2,5,26.61,0.7,-0.28,41.6,25.28,0.0,-0.251,41.0,20.32,0.0,-0.177,40.6,0.26250000000000007,-0.202,41.85,4,0,0,3.0,3.0,3.75,6.0
Pune,2022-04-18,16,28.03,1.91,-0.212,43.1,6341.7,5,30.78,0.35,-0.159,42.0,27.78,0.0,-0.184,41.3,24.65,0.0,-0.249,40.8,0.74,-0.20900000000000002,42.3,4,0,0,5.0,3.0,4.25,8.0
Pune,2022-04-25,17,28.83,4.25,-0.135,43.7,6344.0,5,29.7,0.0,-0.185,42.5,26.61,0.7,-0.28,41.6,25.28,0.0,-0.251,41.0,1.6275,-0.17275000000000001,42.825,4,0,0,5.0,4.0,4.5,6.0
Pune,2022-05-02,18,30.03,2.49,-0.165,44.5,6346.9,6,28.03,1.91,-0.212,43.1,30.78,0.35,-0.159,42.0,27.78,0.0,-0.184,41.3,2.1625,-0.17425000000000002,43.45,5,0,0,5.0,3.0,5.25,8.0
Pune,2022-05-09,19,29.56,0.0,-0.159,45.3,6346.9,6,28.83,4.25,-0.135,43.7,29.7,0.0,-0.185,42.5,26.61,0.7,-0.28,41.6,2.1625,-0.16775,44.150000000000006,5,0,0,6.0,5.0,5.5,8.0
Pune,2022-05-16,20,29.38,6.93,-0.162,46.2,6352.1,8,30.03,2.49,-0.165,44.5,28.03,1.91,-0.212,43.1,30.78,0.35,-0.159,42.0,3.4175,-0.15525,44.925,5,0,0,6.0,5.0,6.25,10.0
Pune,2022-05-23,21,30.11,3.9,-0.163,47.1,6358.1,6,29.56,0.0,-0.159,45.3,28.83,4.25,-0.135,43.7,29.7,0.0,-0.185,42.5,3.33,-0.16225,45.775,5,0,0,8.0,5.0,6.5,9.0
Pune,2022-05-30,22,32.3,8.02,-0.125,48.1,6349.6,8,29.38,6.93,-0.162,46.2,30.03,2.49,-0.165,44.5,28.03,1.91,-0.212,43.1,4.7125,-0.15225,46.675,5,0,0,6.0,6.0,7.0,9.0
Pune,2022-06-06,23,30.12,11.24,-0.112,49.1,6350.8,8,30.11,3.9,-0.163,47.1,29.56,0.0,-0.159,45.3,28.83,4.25,-0.135,43.7,7.5225,-0.1405,47.625,6,1,0,8.0,6.0,7.5,9.0
Pune,2022-06-13,24,30.34,10.65,-0.092,50.1,6342.9,10,32.3,8.02,-0.125,48.1,29.38,6.93,-0.162,46.2,30.03,2.49,-0.165,44.5,8.4525,-0.123,48.6,6,1,0,8.0,8.0,8.0,10.0
Pune,2022-06-20,25,30.58,11.98,-0.075,51.1,6342.2,9,30.12,11.24,-0.112,49.1,30.11,3.9,-0.163,47.1,29.56,0.0,-0.159,45.3,10.4725,-0.101,49.6,6,1,0,10.0,6.0,8.75,10.0
Pune,2022-06-27,26,31.42,11.57,-0.094,52.0,6356.1,9,30.34,10.65,-0.092,50.1,32.3,8.02,-0.125,48.1,29.38,6.93,-0.162,46.2,11.36,-0.09325,50.575,6,1,0,9.0,8.0,9.0,11.0
Pune,2022-07-04,27,30.21,11.33,-0.109,52.9,6344.8,9,30.58,11.98,-0.075,51.1,30.12,11.24,-0.112,49.1,30.11,3.9,-0.163,47.1,11.3825,-0.0925,51.525,7,1,0,9.0,8.0,9.25,11.0
Pune,2022-07-11,28,31.27,11.76,-0.054,53.6,6341.9,10,31.42,11.57,-0.094,52.0,30.34,10.65,-0.092,50.1,32.3,8.02,-0.125,48.1,11.66,-0.08299999999999999,52.4,7,1,0,9.0,10.0,9.25,12.0
Pune,2022-07-18,29,30.62,12.52,-0.126,54.2,6349.0,10,30.21,11.33,-0.109,52.9,30.58,11.98,-0.075,51.1,30.12,11.24,-0.112,49.1,11.795,-0.09575,53.175000000000004,7,1,0,10.0,9.0,9.5,13.0
Pune,2022-07-25,30,27.62,13.18,-0.128,54.6,6349.2,11,31.27,11.76,-0.054,53.6,31.42,11.57,-0.094,52.0,30.34,10.65,-0.092,50.1,12.1975,-0.10425000000000001,53.825,7,1,0,10.0,9.0,10.0,12.0
Pune,2022-08-01,31,28.61,12.6,-0.067,54.9,6347.9,11,30.62,12.52,-0.126,54.2,30.21,11.33,-0.109,52.9,30.58,11.98,-0.075,51.1,12.514999999999999,-0.09375,54.325,8,1,0,11.0,9.0,10.5,12.0
Pune,2022-08-08,32,28.36,10.93,-0.096,55.0,6339.8,12,27.62,13.18,-0.128,54.6,31.27,11.76,-0.054,53.6,31.42,11.57,-0.094,52.0,12.3075,-0.10425000000000001,54.675000000000004,8,1,0,11.0,10.0,11.0,11.0
Pune,2022-08-15,33,24.39,13.63,-0.103,54.9,6338.0,13,28.61,12.6,-0.067,54.9,30.62,12.52,-0.126,54.2,30.21,11.33,-0.109,52.9,12.585,-0.0985,54.849999999999994,8,1,0,12.0,10.0,11.75,9.0
Pune,2022-08-22,34,27.2,12.87,-0.073,54.6,6352.5,12,28.36,10.93,-0.096,55.0,27.62,13.18,-0.128,54.6,31.27,11.76,-0.054,53.6,12.5075,-0.08475,54.85,8,1,0,13.0,11.0,12.0,8.0
Pune,2022-08-29,35,25.43,14.51,-0.086,54.2,6345.0,12,24.39,13.63,-0.103,54.9,28.61,12.6,-0.067,54.9,30.62,12.52,-0.126,54.2,12.985,-0.0895,54.675,8,1,0,12.0,11.0,12.25,9.0
Pune,2022-09-05,36,25.41,14.75,-0.058,53.6,6350.9,11,27.2,12.87,-0.073,54.6,28.36,10.93,-0.096,55.0,27.62,13.18,-0.128,54.6,13.94,-0.08,54.325,9,1,1,12.0,12.0,12.0,8.0
Pune,2022-09-12,37,23.76,11.42,-0.026,52.9,6346.8,9,25.43,14.51,-0.086,54.2,24.39,13.63,-0.103,54.9,28.61,12.6,-0.067,54.9,13.3875,-0.06075,53.825,9,1,1,11.0,13.0,11.0,10.0
Pune,2022-09-19,38,22.84,6.1,-0.124,52.0,6346.6,8,25.41,14.75,-0.058,53.6,27.2,12.87,-0.073,54.6,28.36,10.93,-0.096,55.0,11.695,-0.0735,53.175,9,1,1,9.0,12.0,10.0,8.0
Pune,2022-09-26,39,22.44,4.94,-0.12,51.1,6347.5,9,23.76,11.42,-0.026,52.9,25.43,14.51,-0.086,54.2,24.39,13.63,-0.103,54.9,9.3025,-0.082,52.400000000000006,9,1,1,8.0,12.0,9.25,6.0
Pune,2022-10-03,40,23.52,8.67,-0.146,50.1,6346.7,8,22.84,6.1,-0.124,52.0,25.41,14.75,-0.058,53.6,27.2,12.87,-0.073,54.6,7.782500000000001,-0.104,51.525,10,0,1,9.0,11.0,8.5,6.0
Pune,2022-10-10,41,23.05,3.86,-0.107,49.1,6346.2,10,22.44,4.94,-0.12,51.1,23.76,11.42,-0.026,52.9,25.43,14.51,-0.086,54.2,5.8925,-0.12424999999999999,50.575,10,0,1,8.0,9.0,8.75,7.0
Pune,2022-10-17,42,22.58,1.92,-0.209,48.1,6349.4,8,23.52,8.67,-0.146,50.1,22.84,6.1,-0.124,52.0,25.41,14.75,-0.058,53.6,4.8475,-0.1455,49.6,10,0,1,10.0,8.0,8.75,6.0
Pune,2022-10-24,43,20.48,0.48,-0.213,47.1,6347.0,6,23.05,3.86,-0.107,49.1,22.44,4.94,-0.12,51.1,23.76,11.42,-0.026,52.9,3.7325000000000004,-0.16874999999999998,48.60000000000001,10,0,1,8.0,9.0,8.0,6.0
Pune,2022-10-31,44,20.71,2.49,-0.212,46.2,6344.9,6,22.58,1.92,-0.209,48.1,23.52,8.67,-0.146,50.1,22.84,6.1,-0.124,52.0,2.1875,-0.18524999999999997,47.625,10,0,1,6.0,8.0,7.5,5.0
Pune,2022-11-07,45,19.68,1.17,-0.195,45.3,6344.7,7,20.48,0.48,-0.213,47.1,23.05,3.86,-0.107,49.1,22.44,4.94,-0.12,51.1,1.5150000000000001,-0.20725,46.675,11,0,1,6.0,10.0,6.75,6.0
Pune,2022-11-14,46,18.75,0.0,-0.234,44.5,6355.2,6,20.71,2.49,-0.212,46.2,22.58,1.92,-0.209,48.1,23.52,8.67,-0.146,50.1,1.0350000000000001,-0.2135,45.775000000000006,11,0,1,7.0,8.0,6.25,6.0
Pune,2022-11-21,47,21.93,2.67,-0.179,43.7,6352.4,6,19.68,1.17,-0.195,45.3,20.48,0.48,-0.213,47.1,23.05,3.86,-0.107,49.1,1.5825,-0.20500000000000002,44.925,11,0,1,6.0,6.0,6.25,4.0
Pune,2022-11-28,48,18.06,0.0,-0.201,43.1,6350.6,5,18.75,0.0,-0.234,44.5,20.71,2.49,-0.212,46.2,22.58,1.92,-0.209,48.1,0.96,-0.20225,44.15,11,0,1,6.0,6.0,6.0,3.0
Pune,2022-12-05,49,17.98,1.27,-0.231,42.5,6347.6,6,21.93,2.67,-0.179,43.7,19.68,1.17,-0.195,45.3,20.48,0.48,-0.213,47.1,0.985,-0.21125,43.45,12,0,0,5.0,7.0,5.75,6.0
Pune,2022-12-12,50,19.54,0.0,-0.194,42.0,6358.0,6,18.06,0.0,-0.201,43.1,18.75,0.0,-0.234,44.5,20.71,2.49,-0.212,46.2,0.985,-0.20125,42.825,12,0,0,6.0,6.0,5.75,5.0
Pune,2022-12-19,51,19.07,2.81,-0.22,41.6,6347.1,4,17.98,1.27,-0.231,42.5,21.93,2.67,-0.179,43.7,19.68,1.17,-0.195,45.3,1.02,-0.2115,42.3,12,0,0,6.0,6.0,5.25,5.0
Pune,2022-12-26,52,19.97,0.61,-0.179,41.3,6344.1,3,19.54,0.0,-0.194,42.0,18.06,0.0,-0.201,43.1,18.75,0.0,-0.234,44.5,1.1725,-0.20600000000000002,41.85,12,0,0,4.0,5.0,4.75,2.0
Pune,2023-01-02,1,21.08,0.0,-0.189,40.0,6349.5,6,19.07,2.81,-0.22,41.6,17.98,1.27,-0.231,42.5,21.93,2.67,-0.179,43.7,0.855,-0.19549999999999998,41.225,1,0,0,3.0,6.0,4.75,2.0
Pune,2023-01-09,2,21.42,1.61,-0.206,40.1,6354.1,5,19.97,0.61,-0.179,41.3,19.54,0.0,-0.194,42.0,18.06,0.0,-0.201,43.1,1.2575,-0.1985,40.75,1,0,0,6.0,6.0,4.5,1.0
Pune,2023-01-16,3,20.82,0.3,-0.193,40.1,6353.2,5,21.08,0.0,-0.189,40.0,19.07,2.81,-0.22,41.6,17.98,1.27,-0.231,42.5,0.63,-0.19175,40.375,1,0,0,5.0,4.0,4.75,2.0
Pune,2023-01-23,4,21.78,0.92,-0.21,40.1,6355.0,2,21.42,1.61,-0.206,40.1,19.97,0.61,-0.179,41.3,19.54,0.0,-0.194,42.0,0.7075,-0.19949999999999998,40.075,1,0,0,5.0,3.0,4.5,2.0
Pune,2023-01-30,5,22.37,2.17,-0.173,40.2,6358.6,2,20.82,0.3,-0.193,40.1,21.08,0.0,-0.189,40.0,19.07,2.81,-0.22,41.6,1.25,-0.1955,40.125,1,0,0,2.0,6.0,3.5,3.0
Pune,2023-02-06,6,22.87,0.0,-0.178,40.2,6344.9,1,21.78,0.92,-0.21,40.1,21.42,1.61,-0.206,40.1,19.97,0.61,-0.179,41.3,0.8474999999999999,-0.1885,40.150000000000006,2,0,0,2.0,5.0,2.5,4.0
Pune,2023-02-13,7,23.63,0.98,-0.217,40.3,6350.4,2,22.37,2.17,-0.173,40.2,20.82,0.3,-0.193,40.1,21.08,0.0,-0.189,40.0,1.0175,-0.1945,40.2,2,0,0,1.0,5.0,1.75,3.0
Pune,2023-02-20,8,25.03,0.0,-0.161,40.4,6349.2,2,22.87,0.0,-0.178,40.2,21.78,0.92,-0.21,40.1,21.42,1.61,-0.206,40.1,0.7875,-0.18225,40.275000000000006,2,0,0,2.0,2.0,1.75,3.0
Pune,2023-02-27,9,24.71,0.0,-0.201,40.6,6355.7,3,23.63,0.98,-0.217,40.3,22.37,2.17,-0.173,40.2,20.82,0.3,-0.193,40.1,0.245,-0.18925,40.375,2,0,0,2.0,2.0,2.0,4.0
Pune,2023-03-06,10,25.94,4.65,-0.186,40.8,6349.8,4,25.03,0.0,-0.161,40.4,22.87,0.0,-0.178,40.2,21.78,0.92,-0.21,40.1,1.4075000000000002,-0.19125,40.525,3,0,0,3.0,1.0,2.75,4.0
Pune,2023-03-13,11,25.25,2.04,-0.177,41.0,6359.2,3,24.71,0.0,-0.201,40.6,23.63,0.98,-0.217,40.3,22.37,2.17,-0.173,40.2,1.6725,-0.18125000000000002,40.699999999999996,3,0,0,4.0,2.0,3.0,4.0
Pune,2023-03-20,12,23.43,0.0,-0.182,41.3,6357.8,3,25.94,4.65,-0.186,40.8,25.03,0.0,-0.161,40.4,22.87,0.0,-0.178,40.2,1.6725000000000003,-0.1865,40.925,3,0,0,3.0,2.0,3.25,4.0
Pune,2023-03-27,13,27.36,0.0,-0.203,41.6,6357.7,4,25.25,2.04,-0.177,41.0,24.71,0.0,-0.201,40.6,23.63,0.98,-0.217,40.3,1.6725000000000003,-0.187,41.175,3,0,0,3.0,3.0,3.5,5.0
Pune,2023-04-03,14,27.81,6.21,-0.134,42.0,6358.4,4,23.43,0.0,-0.182,41.3,25.94,4.65,-0.186,40.8,25.03,0.0,-0.161,40.4,2.0625,-0.17400000000000002,41.474999999999994,4,0,0,4.0,4.0,3.5,5.0
Pune,2023-04-10,15,29.58,0.86,-0.14,42.5,6353.0,4,27.36,0.0,-0.203,41.6,25.25,2.04,-0.177,41.0,24.71,0.0,-0.201,40.6,1.7675000000000003,-0.16475,41.849999999999994,4,0,0,4.0,3.0,3.75,7.0
Pune,2023-04-17,16,27.91,4.14,-0.209,43.1,6348.2,4,27.81,6.21,-0.134,42.0,23.43,0.0,-0.182,41.3,25.94,4.65,-0.186,40.8,2.8025,-0.1715,42.300000000000004,4,0,0,4.0,3.0,4.0,7.0
Pune,2023-04-24,17,28.84,4.74,-0.153,43.7,6349.0,5,29.58,0.86,-0.14,42.5,27.36,0.0,-0.203,41.6,25.25,2.04,-0.177,41.0,3.9875000000000003,-0.159,42.825,4,0,0,4.0,4.0,4.25,6.0
Pune,2023-05-01,18,31.94,2.85,-0.158,44.5,6355.6,5,27.91,4.14,-0.209,43.1,27.81,6.21,-0.134,42.0,23.43,0.0,-0.182,41.3,3.1475000000000004,-0.16499999999999998,43.45,5,0,0,5.0,4.0,4.5,8.0
Pune,2023-05-08,19,32.19,8.13,-0.161,45.3,6352.3,7,28.84,4.74,-0.153,43.7,29.58,0.86,-0.14,42.5,27.36,0.0,-0.203,41.6,4.965,-0.17024999999999998,44.15,5,0,0,5.0,4.0,5.25,8.0
Pune,2023-05-15,20,29.5,3.03,-0.12,46.2,6341.1,7,31.94,2.85,-0.158,44.5,27.91,4.14,-0.209,43.1,27.81,6.21,-0.134,42.0,4.6875,-0.148,44.925000000000004,5,0,0,7.0,4.0,6.0,8.0
Pune,2023-05-22,21,32.96,9.9,-0.159,47.1,6360.1,6,32.19,8.13,-0.161,45.3,28.84,4.74,-0.153,43.7,29.58,0.86,-0.14,42.5,5.977500000000001,-0.1495,45.775,5,0,0,7.0,5.0,6.25,10.0
Pune,2023-05-29,22,31.41,6.55,-0.126,48.1,6352.8,8,29.5,3.03,-0.12,46.2,31.94,2.85,-0.158,44.5,27.91,4.14,-0.209,43.1,6.9025,-0.14150000000000001,46.675,5,0,0,6.0,5.0,7.0,11.0
Pune,2023-06-05,23,30.77,10.25,-0.097,49.1,6355.2,8,32.96,9.9,-0.159,47.1,32.19,8.13,-0.161,45.3,28.84,4.74,-0.153,43.7,7.432499999999999,-0.1255,47.625,6,1,0,8.0,7.0,7.25,9.0
Pune,2023-06-12,24,30.12,10.4,-0.161,50.1,6359.1,8,31.41,6.55,-0.126,48.1,29.5,3.03,-0.12,46.2,31.94,2.85,-0.158,44.5,9.275,-0.13574999999999998,48.6,6,1,0,8.0,7.0,7.5,10.0
Pune,2023-06-19,25,31.24,11.24,-0.159,51.1,6352.0,10,30.77,10.25,-0.097,49.1,32.96,9.9,-0.159,47.1,32.19,8.13,-0.161,45.3,9.61,-0.13575,49.6,6,1,0,8.0,6.0,8.5,10.0
Pune,2023-06-26,26,28.7,7.65,-0.138,52.0,6363.0,11,30.12,10.4,-0.161,50.1,31.41,6.55,-0.126,48.1,29.5,3.03,-0.12,46.2,9.885,-0.13875,50.575,6,1,0,10.0,8.0,9.25,13.0
Pune,2023-07-03,27,28.67,11.38,-0.093,52.9,6352.1,9,31.24,11.24,-0.159,51.1,30.77,10.25,-0.097,49.1,32.96,9.9,-0.159,47.1,10.1675,-0.13775,51.525,7,1,0,11.0,8.0,9.5,11.0
Pune,2023-07-10,28,30.4,15.4,-0.075,53.6,6359.6,10,28.7,7.65,-0.138,52.0,30.12,10.4,-0.161,50.1,31.41,6.55,-0.126,48.1,11.4175,-0.11625,52.4,7,1,0,9.0,8.0,10.0,10.0
Pune,2023-07-17,29,31.33,14.97,-0.064,54.2,6351.0,10,28.67,11.38,-0.093,52.9,31.24,11.24,-0.159,51.1,30.77,10.25,-0.097,49.1,12.350000000000001,-0.09250000000000001,53.175,7,1,0,10.0,10.0,10.0,12.0
Pune,2023-07-24,30,29.78,13.59,-0.108,54.6,6356.4,13,30.4,15.4,-0.075,53.6,28.7,7.65,-0.138,52.0,30.12,10.4,-0.161,50.1,13.835,-0.08499999999999999,53.825,7,1,0,10.0,11.0,10.5,12.0
Pune,2023-07-31,31,27.37,15.26,-0.07,54.9,6352.4,11,31.33,14.97,-0.064,54.2,28.67,11.38,-0.093,52.9,31.24,11.24,-0.159,51.1,14.805,-0.07925,54.325,7,1,0,13.0,9.0,11.0,12.0
Pune,2023-08-07,32,29.0,13.29,-0.043,55.0,6355.5,10,29.78,13.59,-0.108,54.6,30.4,15.4,-0.075,53.6,28.7,7.65,-0.138,52.0,14.2775,-0.07125,54.675,8,1,0,11.0,10.0,11.0,10.0
Pune,2023-08-14,33,25.59,14.58,-0.043,54.9,6361.0,12,27.37,15.26,-0.07,54.9,31.33,14.97,-0.064,54.2,28.67,11.38,-0.093,52.9,14.18,-0.066,54.85,8,1,0,10.0,10.0,11.5,12.0
Pune,2023-08-21,34,28.77,11.73,-0.022,54.6,6349.6,12,29.0,13.29,-0.043,55.0,29.78,13.59,-0.108,54.6,30.4,15.4,-0.075,53.6,13.715,-0.0445,54.849999999999994,8,1,0,12.0,13.0,11.25,10.0
Pune,2023-08-28,35,25.66,10.14,-0.11,54.2,6356.0,12,25.59,14.58,-0.043,54.9,27.37,15.26,-0.07,54.9,31.33,14.97,-0.064,54.2,12.435,-0.0545,54.675000000000004,8,1,0,12.0,11.0,11.5,11.0
Pune,2023-09-04,36,24.78,9.88,-0.122,53.6,6354.6,10,28.77,11.73,-0.022,54.6,29.0,13.29,-0.043,55.0,29.78,13.59,-0.108,54.6,11.582500000000001,-0.07425,54.324999999999996,9,1,1,12.0,10.0,11.5,9.0
Pune,2023-09-11,37,25.86,4.66,-0.105,52.9,6360.6,12,25.66,10.14,-0.11,54.2,25.59,14.58,-0.043,54.9,27.37,15.26,-0.07,54.9,9.102500000000001,-0.08975,53.825,9,1,1,10.0,12.0,11.5,27.0
Pune,2023-09-18,38,22.23,4.48,-0.147,52.0,6355.7,10,24.78,9.88,-0.122,53.6,28.77,11.73,-0.022,54.6,29.0,13.29,-0.043,55.0,7.290000000000001,-0.121,53.175,9,1,1,12.0,12.0,11.0,7.0
Pune,2023-09-25,39,21.92,3.69,-0.172,51.1,6356.5,11,25.86,4.66,-0.105,52.9,25.66,10.14,-0.11,54.2,25.59,14.58,-0.043,54.9,5.6775,-0.1365,52.4,9,1,1,10.0,12.0,10.75,8.0
Pune,2023-10-02,40,23.62,4.38,-0.197,50.1,6364.1,9,22.23,4.48,-0.147,52.0,24.78,9.88,-0.122,53.6,28.77,11.73,-0.022,54.6,4.3025,-0.15525,51.525000000000006,10,0,1,11.0,10.0,10.5,5.0
Pune,2023-10-09,41,21.78,7.14,-0.143,49.1,6351.6,27,21.92,3.69,-0.172,51.1,25.86,4.66,-0.105,52.9,25.66,10.14,-0.11,54.2,4.9225,-0.16475,50.575,10,0,1,9.0,12.0,14.25,8.0
Pune,2023-10-16,42,22.12,0.0,-0.185,48.1,6358.5,7,23.62,4.38,-0.197,50.1,22.23,4.48,-0.147,52.0,24.78,9.88,-0.122,53.6,3.8025,-0.17425,49.6,10,0,1,27.0,10.0,13.5,5.0
Pune,2023-10-23,43,20.79,2.0,-0.22,47.1,6367.3,8,21.78,7.14,-0.143,49.1,21.92,3.69,-0.172,51.1,25.86,4.66,-0.105,52.9,3.38,-0.18624999999999997,48.6,10,0,1,7.0,11.0,12.75,6.0
Pune,2023-10-30,44,19.79,2.65,-0.183,46.2,6354.5,5,22.12,0.0,-0.185,48.1,23.62,4.38,-0.197,50.1,22.23,4.48,-0.147,52.0,2.9475,-0.18275,47.62500000000001,10,0,1,8.0,9.0,11.75,7.0
Pune,2023-11-06,45,18.4,3.03,-0.156,45.3,6362.6,8,20.79,2.0,-0.22,47.1,21.78,7.14,-0.143,49.1,21.92,3.69,-0.172,51.1,1.92,-0.186,46.675,11,0,1,5.0,27.0,7.0,4.0
Pune,2023-11-13,46,17.35,2.66,-0.156,44.5,6350.1,5,19.79,2.65,-0.183,46.2,22.12,0.0,-0.185,48.1,23.62,4.38,-0.197,50.1,2.585,-0.17875000000000002,45.775,11,0,1,8.0,7.0,6.5,5.0
Pune,2023-11-20,47,19.09,0.49,-0.171,43.7,6366.7,6,18.4,3.03,-0.156,45.3,20.79,2.0,-0.22,47.1,21.78,7.14,-0.143,49.1,2.2075,-0.1665,44.925000000000004,11,0,1,5.0,8.0,6.0,5.0
Pune,2023-11-27,48,19.6,0.0,-0.176,43.1,6347.3,7,17.35,2.66,-0.156,44.5,19.79,2.65,-0.183,46.2,22.12,0.0,-0.185,48.1,1.545,-0.16475,44.15,11,0,1,6.0,5.0,6.5,5.0
