district,week_start,week_of_year,lst_celsius,rainfall_mm,ndwi_index,humidity_proxy_pct,population_density,dengue_cases
Delhi,2019-01-07,2,24.17,0.0,-0.195,40.1,11295.6,3
Delhi,2019-01-14,3,19.84,0.0,-0.206,40.1,11291.0,2
Delhi,2019-01-21,4,26.91,0.1,-0.211,40.1,11300.4,3
Delhi,2019-01-28,5,22.58,0.0,-0.202,40.2,11290.1,4
Delhi,2019-02-04,6,26.17,0.25,-0.239,40.2,11293.7,3
Delhi,2019-02-11,7,24.75,0.0,-0.192,40.3,11302.0,3
Delhi,2019-02-18,8,24.21,0.0,-0.21,40.4,11316.4,4
Delhi,2019-02-25,9,25.44,0.0,-0.23,40.6,11295.3,3
Delhi,2019-03-04,10,27.21,0.02,-0.232,40.8,11295.0,4
Delhi,2019-03-11,11,27.72,0.0,-0.189,41.0,11292.1,5
Delhi,2019-03-18,12,27.84,0.0,-0.196,41.3,11301.0,3
Delhi,2019-03-25,13,26.83,0.04,-0.164,41.6,11298.2,3
Delhi,2019-04-01,14,28.53,0.85,-0.193,42.0,11304.1,4
Delhi,2019-04-08,15,29.66,0.0,-0.235,42.5,11315.8,5
Delhi,2019-04-15,16,30.5,0.0,-0.166,43.1,11310.4,4
Delhi,2019-04-22,17,31.6,1.53,-0.168,43.7,11308.7,6
Delhi,2019-04-29,18,31.55,4.97,-0.151,44.5,11310.2,5
Delhi,2019-05-06,19,34.03,2.85,-0.24,45.3,11311.7,6
Delhi,2019-05-13,20,31.04,3.63,-0.09,46.2,11303.8,7
Delhi,2019-05-20,21,34.95,4.48,-0.155,47.1,11299.9,9
Delhi,2019-05-27,22,34.88,10.13,-0.122,48.1,11310.5,10
Delhi,2019-06-03,23,36.18,9.21,-0.115,49.1,11309.8,10
Delhi,2019-06-10,24,32.23,13.13,-0.079,50.1,11309.0,11
Delhi,2019-06-17,25,34.04,10.18,-0.13,51.1,11319.0,9
Delhi,2019-06-24,26,31.14,14.57,-0.044,52.0,11317.2,12
Delhi,2019-07-01,27,30.85,16.52,-0.093,52.9,11313.4,13
Delhi,2019-07-08,28,32.72,17.34,-0.064,53.6,11312.0,12
Delhi,2019-07-15,29,30.96,23.64,0.01,54.2,11312.4,12
Delhi,2019-07-22,30,31.69,23.23,0.023,54.6,11316.1,9
Delhi,2019-07-29,31,30.96,16.13,-0.006,54.9,11312.2,11
Delhi,2019-08-05,32,30.88,16.35,-0.014,55.0,11317.0,12
Delhi,2019-08-12,33,29.77,15.32,-0.063,54.9,11309.4,14
Delhi,2019-08-19,34,28.66,12.31,-0.083,54.6,11325.0,13
Delhi,2019-08-26,35,27.24,10.42,-0.012,54.2,11320.7,13
Delhi,2019-09-02,36,25.56,10.66,-0.062,53.6,11308.2,10
Delhi,2019-09-09,37,24.77,8.08,-0.137,52.9,11315.4,11
Delhi,2019-09-16,38,25.63,9.89,-0.127,52.0,11312.0,10
Delhi,2019-09-23,39,25.4,11.95,-0.107,51.1,11325.2,11
Delhi,2019-09-30,40,24.03,5.49,-0.105,50.1,11315.4,9
Delhi,2019-10-07,41,23.11,4.34,-0.187,49.1,11317.2,9
Delhi,2019-10-14,42,23.59,3.9,-0.109,48.1,11322.3,9
Delhi,2019-10-21,43,23.78,4.62,-0.204,47.1,11325.0,21
Delhi,2019-10-28,44,22.61,0.0,-0.248,46.2,11320.2,9
Delhi,2019-11-04,45,22.33,5.21,-0.143,45.3,11318.9,6
Delhi,2019-11-11,46,21.62,2.12,-0.228,44.5,11315.4,6
Delhi,2019-11-18,47,20.94,5.97,-0.19,43.7,11326.6,6
Delhi,2019-11-25,48,21.31,0.99,-0.139,43.1,11322.0,6
Delhi,2019-12-02,49,20.02,0.0,-0.232,42.5,11323.8,6
Delhi,2019-12-09,50,23.01,0.0,-0.18,42.0,11321.5,4
Delhi,2019-12-16,51,21.98,3.18,-0.147,41.6,11317.3,4
Delhi,2019-12-23,52,22.05,7.62,-0.134,41.3,11325.0,5
Delhi,2019-12-30,1,21.95,2.55,-0.133,40.0,11320.5,5
Delhi,2020-01-06,2,20.63,0.0,-0.233,40.1,11320.2,4
Delhi,2020-01-13,3,23.14,2.42,-0.138,40.1,11316.8,4
Delhi,2020-01-20,4,23.53,0.0,-0.172,40.1,11325.5,4
Delhi,2020-01-27,5,22.89,0.0,-0.164,40.2,11324.0,4
Delhi,2020-02-03,6,24.07,1.38,-0.2,40.2,11322.1,3
Delhi,2020-02-10,7,24.34,3.08,-0.178,40.3,11329.1,18
Delhi,2020-02-17,8,26.94,3.49,-0.196,40.4,11325.0,4
Delhi,2020-02-24,9,26.78,1.43,-0.173,40.6,11317.4,3
Delhi,2020-03-02,10,26.54,1.62,-0.191,40.8,11332.5,5
Delhi,2020-03-09,11,26.75,1.05,-0.192,41.0,11325.2,3
Delhi,2020-03-16,12,29.6,0.0,-0.173,41.3,11327.4,5
Delhi,2020-03-23,13,29.85,3.51,-0.144,41.6,11330.3,5
Delhi,2020-03-30,14,29.98,1.85,-0.167,42.0,11329.6,5
Delhi,2020-04-06,15,30.53,3.13,-0.175,42.5,11332.0,4
Delhi,2020-04-13,16,31.89,3.86,-0.173,43.1,11339.2,5
Delhi,2020-04-20,17,29.57,2.12,-0.179,43.7,11325.8,7
Delhi,2020-04-27,18,31.58,5.34,-0.152,44.5,11337.0,7
Delhi,2020-05-04,19,31.66,5.72,-0.143,45.3,11323.5,7
Delhi,2020-05-11,20,32.89,1.45,-0.163,46.2,11335.0,8
Delhi,2020-05-18,21,32.5,8.34,-0.076,47.1,11335.6,8
Delhi,2020-05-25,22,31.86,7.16,-0.14,48.1,11332.8,8
Delhi,2020-06-01,23,33.78,9.74,-0.147,49.1,11335.6,8
Delhi,2020-06-08,24,32.15,16.58,-0.083,50.1,11333.5,10
Delhi,2020-06-15,25,34.51,16.26,-0.028,51.1,11332.4,9
Delhi,2020-06-22,26,31.56,18.08,-0.038,52.0,11341.7,9
Delhi,2020-06-29,27,32.89,15.74,-0.054,52.9,11334.1,12
Delhi,2020-07-06,28,33.34,14.69,-0.098,53.6,11331.0,11
Delhi,2020-07-13,29,30.08,20.25,-0.025,54.2,11330.8,11
Delhi,2020-07-20,30,31.39,16.36,-0.065,54.6,11334.7,15
Delhi,2020-07-27,31,30.7,18.44,-0.019,54.9,11331.3,11
Delhi,2020-08-03,32,29.31,17.26,-0.045,55.0,11329.3,10
Delhi,2020-08-10,33,28.41,16.67,-0.094,54.9,11335.4,13
Delhi,2020-08-17,34,29.47,12.22,-0.088,54.6,11330.0,13
Delhi,2020-08-24,35,28.05,13.15,-0.064,54.2,11334.8,12
Delhi,2020-08-31,36,26.88,13.95,-0.085,53.6,11337.8,10
Delhi,2020-09-07,37,25.25,10.99,-0.082,52.9,11336.0,12
Delhi,2020-09-14,38,25.45,10.6,-0.1,52.0,11335.4,12
Delhi,2020-09-21,39,22.92,8.97,-0.067,51.1,11331.7,10
Delhi,2020-09-28,40,26.04,9.92,-0.12,50.1,11335.7,10
Delhi,2020-10-05,41,22.21,4.57,-0.119,49.1,11336.7,8
Delhi,2020-10-12,42,21.44,3.2,-0.166,48.1,11349.7,9
Delhi,2020-10-19,43,22.5,0.54,-0.177,47.1,11337.7,7
Delhi,2020-10-26,44,24.39,1.21,-0.216,46.2,11338.8,7
Delhi,2020-11-02,45,21.94,1.73,-0.184,45.3,11345.4,8
Delhi,2020-11-09,46,20.0,1.83,-0.174,44.5,11337.8,6
Delhi,2020-11-16,47,19.09,0.16,-0.224,43.7,11344.9,6
Delhi,2020-11-23,48,23.34,2.28,-0.228,43.1,11342.1,5
Delhi,2020-11-30,49,20.4,0.0,-0.145,42.5,11348.5,5
Delhi,2020-12-07,50,21.17,0.0,-0.191,42.0,11335.3,5
Delhi,2020-12-14,51,22.13,0.0,-0.218,41.6,11342.0,3
Delhi,2020-12-21,52,20.96,0.0,-0.108,41.3,11345.5,4
Delhi,2020-12-28,53,21.32,0.0,-0.187,41.0,11336.1,6
Delhi,2021-01-04,1,21.7,0.0,-0.237,40.0,11353.5,4
Delhi,2021-01-11,2,24.09,0.99,-0.171,40.1,11345.2,4
Delhi,2021-01-18,3,21.94,0.0,-0.209,40.1,11341.6,3
Delhi,2021-01-25,4,20.76,0.0,-0.209,40.1,11339.6,4
Delhi,2021-02-01,5,25.84,2.48,-0.153,40.2,11347.5,3
Delhi,2021-02-08,6,23.67,0.0,-0.185,40.2,11342.5,3
Delhi,2021-02-15,7,24.37,1.79,-0.219,40.3,11347.7,3
Delhi,2021-02-22,8,26.33,1.21,-0.159,40.4,11339.1,4
Delhi,2021-03-01,9,28.0,0.1,-0.18,40.6,11357.6,4
Delhi,2021-03-08,10,26.56,2.46,-0.225,40.8,11357.0,3
Delhi,2021-03-15,11,27.42,1.81,-0.208,41.0,11352.7,4
Delhi,2021-03-22,12,27.07,2.61,-0.227,41.3,11354.6,5
Delhi,2021-03-29,13,28.18,3.7,-0.145,41.6,11347.3,4
Delhi,2021-04-05,14,30.02,1.14,-0.207,42.0,11359.7,5
Delhi,2021-04-12,15,29.97,0.84,-0.182,42.5,11353.1,6
Delhi,2021-04-19,16,31.95,2.41,-0.205,43.1,11350.3,6
Delhi,2021-04-26,17,30.74,4.45,-0.231,43.7,11347.7,5
Delhi,2021-05-03,18,32.37,4.93,-0.108,44.5,11358.4,5
Delhi,2021-05-10,19,32.14,2.32,-0.107,45.3,11358.0,6
Delhi,2021-05-17,20,30.68,5.27,-0.216,46.2,11356.2,8
Delhi,2021-05-24,21,32.76,4.79,-0.182,47.1,11362.4,8
Delhi,2021-05-31,22,35.23,8.66,-0.112,48.1,11351.6,8
Delhi,2021-06-07,23,31.9,12.69,-0.056,49.1,11354.4,10
Delhi,2021-06-14,24,31.98,13.69,-0.076,50.1,11357.0,8
Delhi,2021-06-21,25,30.38,12.69,-0.138,51.1,11356.7,9
Delhi,2021-06-28,26,31.54,17.55,-0.062,52.0,11356.5,11
Delhi,2021-07-05,27,31.71,20.73,0.035,52.9,11352.9,10
Delhi,2021-07-12,28,33.19,17.89,-0.004,53.6,11358.0,12
Delhi,2021-07-19,29,31.6,17.74,-0.021,54.2,11353.6,11
Delhi,2021-07-26,30,31.59,16.41,-0.033,54.6,11367.1,9
Delhi,2021-08-02,31,31.4,13.51,-0.014,54.9,11361.5,13
Delhi,2021-08-09,32,31.55,14.3,-0.108,55.0,11366.5,13
Delhi,2021-08-16,33,31.61,12.59,-0.083,54.9,11364.4,11
Delhi,2021-08-23,34,28.57,17.27,-0.062,54.6,11361.5,12
Delhi,2021-08-30,35,26.7,15.17,-0.048,54.2,11358.0,12
Delhi,2021-09-06,36,28.15,13.82,-0.081,53.6,11360.4,13
Delhi,2021-09-13,37,25.79,12.5,-0.11,52.9,11358.6,12
Delhi,2021-09-20,38,26.59,6.43,-0.134,52.0,11359.8,12
Delhi,2021-09-27,39,25.05,3.68,-0.118,51.1,11364.1,22
Delhi,2021-10-04,40,25.36,7.08,-0.167,50.1,11360.4,9
Delhi,2021-10-11,41,21.94,4.06,-0.127,49.1,11365.0,8
Delhi,2021-10-18,42,22.61,4.81,-0.108,48.1,11362.4,8
Delhi,2021-10-25,43,21.21,0.66,-0.224,47.1,11357.8,8
Delhi,2021-11-01,44,20.81,1.59,-0.227,46.2,11354.6,7
Delhi,2021-11-08,45,18.79,3.21,-0.171,45.3,11364.9,6
Delhi,2021-11-15,46,22.98,2.56,-0.215,44.5,11367.6,6
Delhi,2021-11-22,47,21.11,0.0,-0.216,43.7,11364.0,6
Delhi,2021-11-29,48,20.68,3.78,-0.169,43.1,11363.4,5
Delhi,2021-12-06,49,22.06,2.13,-0.178,42.5,11370.7,3
Delhi,2021-12-13,50,21.26,0.0,-0.201,42.0,11370.4,6
Delhi,2021-12-20,51,21.49,1.55,-0.196,41.6,11359.9,5
Delhi,2021-12-27,52,22.99,2.52,-0.219,41.3,11365.3,3
Delhi,2022-01-03,1,21.04,0.0,-0.205,40.0,11373.1,4
Delhi,2022-01-10,2,21.74,2.55,-0.191,40.1,11361.9,5
Delhi,2022-01-17,3,22.68,4.58,-0.175,40.1,11372.9,4
Delhi,2022-01-24,4,20.17,0.0,-0.212,40.1,11375.0,5
Delhi,2022-01-31,5,24.52,3.69,-0.164,40.2,11363.3,4
Delhi,2022-02-07,6,24.52,0.0,-0.172,40.2,11366.5,3
Delhi,2022-02-14,7,27.15,0.0,-0.151,40.3,11370.2,3
Delhi,2022-02-21,8,28.32,0.47,-0.177,40.4,11373.0,3
Delhi,2022-02-28,9,27.46,4.68,-0.182,40.6,11363.9,2
Delhi,2022-03-07,10,28.09,0.58,-0.211,40.8,11367.5,2
Delhi,2022-03-14,11,27.12,0.0,-0.187,41.0,11372.6,3
Delhi,2022-03-21,12,28.0,0.0,-0.25,41.3,11367.2,4
Delhi,2022-03-28,13,30.01,0.64,-0.156,41.6,11380.3,6
Delhi,2022-04-04,14,29.76,0.51,-0.194,42.0,11375.0,4
Delhi,2022-04-11,15,31.18,0.92,-0.141,42.5,11371.1,5
Delhi,2022-04-18,16,31.66,6.68,-0.179,43.1,11365.3,4
Delhi,2022-04-25,17,31.08,1.4,-0.136,43.7,11378.0,7
Delhi,2022-05-02,18,30.21,9.66,-0.165,44.5,11372.5,6
Delhi,2022-05-09,19,31.54,2.51,-0.145,45.3,11374.6,7
Delhi,2022-05-16,20,31.67,5.56,-0.112,46.2,11375.5,8
Delhi,2022-05-23,21,35.71,3.47,-0.129,47.1,11371.2,8
Delhi,2022-05-30,22,35.15,9.11,-0.159,48.1,11376.3,9
Delhi,2022-06-06,23,36.3,10.97,-0.083,49.1,11365.2,10
Delhi,2022-06-13,24,31.76,11.02,-0.09,50.1,11373.5,8
Delhi,2022-06-20,25,32.17,15.09,-0.063,51.1,11382.9,11
Delhi,2022-06-27,26,31.18,10.89,-0.066,52.0,11377.4,12
Delhi,2022-07-04,27,30.03,18.41,-0.067,52.9,11372.8,13
Delhi,2022-07-11,28,30.56,14.69,-0.041,53.6,11385.7,12
Delhi,2022-07-18,29,30.52,20.81,-0.0,54.2,11380.2,31
Delhi,2022-07-25,30,31.68,20.4,0.019,54.6,11376.1,12
Delhi,2022-08-01,31,29.97,11.68,-0.088,54.9,11378.5,11
Delhi,2022-08-08,32,31.08,14.81,-0.113,55.0,11373.9,10
Delhi,2022-08-15,33,27.1,18.38,0.007,54.9,11380.2,12
Delhi,2022-08-22,34,27.25,17.99,-0.071,54.6,11384.8,13
Delhi,2022-08-29,35,28.18,9.24,-0.174,54.2,11380.9,13
Delhi,2022-09-05,36,27.68,12.41,-0.113,53.6,11378.8,12
Delhi,2022-09-12,37,24.96,8.58,-0.111,52.9,11384.2,12
Delhi,2022-09-19,38,25.71,5.31,-0.11,52.0,11385.4,12
Delhi,2022-09-26,39,24.05,4.41,-0.147,51.1,11388.0,11
Delhi,2022-10-03,40,24.93,11.09,-0.153,50.1,11373.8,10
Delhi,2022-10-10,41,24.68,9.3,-0.109,49.1,11377.3,10
Delhi,2022-10-17,42,24.03,3.59,-0.109,48.1,11384.4,9
Delhi,2022-10-24,43,22.41,1.82,-0.206,47.1,11381.1,8
Delhi,2022-10-31,44,20.76,1.62,-0.214,46.2,11385.0,6
Delhi,2022-11-07,45,19.52,2.69,-0.221,45.3,11387.8,8
Delhi,2022-11-14,46,20.26,5.52,-0.09,44.5,11392.4,5
Delhi,2022-11-21,47,22.88,3.58,-0.171,43.7,11389.2,6
Delhi,2022-11-28,48,20.78,0.0,-0.208,43.1,11382.3,4
Delhi,2022-12-05,49,21.27,2.33,-0.164,42.5,11392.8,5
Delhi,2022-12-12,50,21.49,4.1,-0.184,42.0,11382.4,6
Delhi,2022-12-19,51,20.66,0.76,-0.138,41.6,11382.4,5
Delhi,2022-12-26,52,19.89,0.0,-0.234,41.3,11386.7,4
Delhi,2023-01-02,1,21.52,0.0,-0.231,40.0,11385.3,4
Delhi,2023-01-09,2,24.02,0.46,-0.229,40.1,11393.1,3
Delhi,2023-01-16,3,22.91,1.12,-0.218,40.1,11391.1,2
Delhi,2023-01-23,4,21.53,0.0,-0.194,40.1,11395.7,4
Delhi,2023-01-30,5,23.12,0.0,-0.207,40.2,11384.1,3
Delhi,2023-02-06,6,26.01,0.0,-0.169,40.2,11388.9,2
Delhi,2023-02-13,7,27.67,0.0,-0.218,40.3,11400.2,4
Delhi,2023-02-20,8,26.84,4.04,-0.225,40.4,11387.7,3
Delhi,2023-02-27,9,25.82,0.0,-0.208,40.6,11390.9,3
Delhi,2023-03-06,10,25.0,0.0,-0.207,40.8,11382.3,3
Delhi,2023-03-13,11,28.34,0.0,-0.159,41.0,11394.0,5
Delhi,2023-03-20,12,27.77,3.63,-0.195,41.3,11402.0,5
Delhi,2023-03-27,13,28.88,2.81,-0.138,41.6,11397.6,4
Delhi,2023-04-03,14,27.45,3.82,-0.245,42.0,11402.2,4
Delhi,2023-04-10,15,30.56,0.0,-0.12,42.5,11400.2,4
Delhi,2023-04-17,16,31.58,0.71,-0.221,43.1,11395.8,7
Delhi,2023-04-24,17,33.18,6.75,-0.191,43.7,11409.2,7
Delhi,2023-05-01,18,31.43,4.83,-0.133,44.5,11399.5,6
Delhi,2023-05-08,19,32.27,5.47,-0.177,45.3,11393.0,7
Delhi,2023-05-15,20,30.45,4.6,-0.068,46.2,11401.0,9
Delhi,2023-05-22,21,31.14,6.34,-0.181,47.1,11393.8,9
Delhi,2023-05-29,22,32.21,6.86,-0.103,48.1,11409.1,11
Delhi,2023-06-05,23,30.77,10.44,-0.122,49.1,11397.9,10
Delhi,2023-06-12,24,32.27,11.04,-0.105,50.1,11402.2,10
Delhi,2023-06-19,25,33.34,13.62,-0.109,51.1,11397.5,9
Delhi,2023-06-26,26,34.33,14.1,-0.087,52.0,11401.2,9
Delhi,2023-07-03,27,31.32,19.54,-0.083,52.9,11403.4,10
Delhi,2023-07-10,28,30.7,18.35,0.05,53.6,11401.0,10
Delhi,2023-07-17,29,33.38,17.79,0.029,54.2,11395.1,11
Delhi,2023-07-24,30,30.8,18.82,-0.049,54.6,11400.0,11
Delhi,2023-07-31,31,28.81,21.18,-0.055,54.9,11404.3,12
Delhi,2023-08-07,32,30.41,10.77,-0.073,55.0,11396.8,14
Delhi,2023-08-14,33,28.77,20.1,-0.048,54.9,11402.7,15
Delhi,2023-08-21,34,28.91,14.75,-0.075,54.6,11404.0,14
Delhi,2023-08-28,35,29.11,17.88,-0.096,54.2,11407.1,10
Delhi,2023-09-04,36,28.03,10.33,-0.091,53.6,11399.2,11
Delhi,2023-09-11,37,26.09,14.86,-0.099,52.9,11397.3,12
Delhi,2023-09-18,38,26.22,7.03,-0.136,52.0,11408.1,10
Delhi,2023-09-25,39,24.02,8.93,-0.106,51.1,11410.4,11
Delhi,2023-10-02,40,23.07,13.62,-0.065,50.1,11402.8,12
Delhi,2023-10-09,41,23.01,5.3,-0.131,49.1,11403.9,10
Delhi,2023-10-16,42,22.37,2.88,-0.139,48.1,11400.9,9
Delhi,2023-10-23,43,22.0,2.0,-0.104,47.1,11404.5,9
Delhi,2023-10-30,44,20.74,1.43,-0.202,46.2,11405.5,6
Delhi,2023-11-06,45,24.05,2.49,-0.153,45.3,11408.5,7
Delhi,2023-11-13,46,22.33,7.16,-0.176,44.5,11406.7,7
Delhi,2023-11-20,47,21.44,0.0,-0.239,43.7,11401.5,5
Delhi,2023-11-27,48,19.75,0.0,-0.129,43.1,11417.0,6
Delhi,2023-12-04,49,22.22,1.04,-0.194,42.5,11413.7,5
Delhi,2023-12-11,50,21.75,0.0,-0.186,42.0,11409.2,3
Delhi,2023-12-18,51,19.24,2.39,-0.2,41.6,11413.5,3
Delhi,2023-12-25,52,20.53,0.0,-0.231,41.3,11417.0,5
Chennai,2019-01-07,2,25.07,0.0,-0.209,40.1,26903.9,4
Chennai,2019-01-14,3,26.46,0.24,-0.184,40.1,26899.5,4
Chennai,2019-01-21,4,23.48,3.53,-0.208,40.1,26905.5,2
Chennai,2019-01-28,5,25.6,0.0,-0.223,40.2,26891.8,2
Chennai,2019-02-04,6,23.27,0.0,-0.2,40.2,26898.5,3
Chennai,2019-02-11,7,28.11,3.35,-0.168,40.3,26903.3,4
Chennai,2019-02-18,8,29.01,0.0,-0.202,40.4,26902.9,4
Chennai,2019-02-25,9,27.45,0.0,-0.23,40.6,26905.2,3
Chennai,2019-03-04,10,26.97,0.0,-0.205,40.8,26904.3,3
Chennai,2019-03-11,11,29.44,5.5,-0.167,41.0,26905.5,4
Chennai,2019-03-18,12,29.68,2.93,-0.196,41.3,26904.1,6
Chennai,2019-03-25,13,32.16,0.0,-0.22,41.6,26910.4,5
Chennai,2019-04-01,14,31.1,0.0,-0.198,42.0,26904.5,6
Chennai,2019-04-08,15,34.96,0.92,-0.191,42.5,26916.5,5
Chennai,2019-04-15,16,31.81,6.54,-0.123,43.1,26912.3,7
Chennai,2019-04-22,17,33.48,2.98,-0.128,43.7,26915.8,8
Chennai,2019-04-29,18,35.17,4.96,-0.157,44.5,26916.2,8
Chennai,2019-05-06,19,33.99,4.42,-0.172,45.3,26921.3,10
Chennai,2019-05-13,20,34.28,13.47,-0.123,46.2,26919.3,9
Chennai,2019-05-20,21,36.24,12.64,-0.087,47.1,26924.5,9
Chennai,2019-05-27,22,38.41,7.26,-0.078,48.1,26920.6,10
Chennai,2019-06-03,23,34.39,9.12,-0.123,49.1,26923.8,12
Chennai,2019-06-10,24,34.3,12.34,-0.129,50.1,26930.1,11
Chennai,2019-06-17,25,35.41,19.81,-0.077,51.1,26928.1,10
Chennai,2019-06-24,26,34.32,16.65,-0.041,52.0,26919.0,12
Chennai,2019-07-01,27,35.73,23.2,-0.02,52.9,26925.3,12
Chennai,2019-07-08,28,33.82,21.12,-0.006,53.6,26933.1,12
Chennai,2019-07-15,29,33.82,19.85,-0.023,54.2,26928.3,12
Chennai,2019-07-22,30,33.16,22.94,0.025,54.6,26923.8,14
Chennai,2019-07-29,31,31.88,19.98,0.019,54.9,26933.1,13
Chennai,2019-08-05,32,31.61,18.5,-0.008,55.0,26933.6,13
Chennai,2019-08-12,33,30.71,19.89,-0.012,54.9,26931.2,14
Chennai,2019-08-19,34,31.26,24.18,0.053,54.6,26930.0,16
Chennai,2019-08-26,35,27.82,18.8,-0.066,54.2,26952.2,14
Chennai,2019-09-02,36,27.51,13.95,-0.111,53.6,26934.4,13
Chennai,2019-09-09,37,29.41,11.72,-0.026,52.9,26933.9,13
Chennai,2019-09-16,38,27.66,11.96,-0.11,52.0,26938.6,15
Chennai,2019-09-23,39,26.02,7.04,-0.117,51.1,26943.8,14
Chennai,2019-09-30,40,25.32,11.29,-0.113,50.1,26939.3,11
Chennai,2019-10-07,41,26.02,8.07,-0.099,49.1,26944.3,10
Chennai,2019-10-14,42,25.83,4.6,-0.131,48.1,26939.7,9
Chennai,2019-10-21,43,25.68,0.0,-0.167,47.1,26943.4,9
Chennai,2019-10-28,44,25.46,1.69,-0.194,46.2,26945.1,7
Chennai,2019-11-04,45,22.07,0.0,-0.159,45.3,26954.8,8
Chennai,2019-11-11,46,23.64,6.36,-0.191,44.5,26946.7,6
Chennai,2019-11-18,47,24.24,0.0,-0.144,43.7,26954.2,7
Chennai,2019-11-25,48,23.51,0.0,-0.218,43.1,26949.1,5
Chennai,2019-12-02,49,23.61,0.0,-0.227,42.5,26947.7,6
Chennai,2019-12-09,50,22.3,0.33,-0.145,42.0,26951.6,5
Chennai,2019-12-16,51,22.47,10.48,-0.14,41.6,26940.8,5
Chennai,2019-12-23,52,24.5,1.45,-0.119,41.3,26953.7,5
Chennai,2019-12-30,1,23.8,0.0,-0.236,40.0,26950.7,4
Chennai,2020-01-06,2,22.67,3.06,-0.152,40.1,26952.6,5
Chennai,2020-01-13,3,24.66,3.2,-0.189,40.1,26951.6,5
Chennai,2020-01-20,4,25.55,0.0,-0.167,40.1,26952.4,4
Chennai,2020-01-27,5,25.47,4.44,-0.229,40.2,26959.0,3
Chennai,2020-02-03,6,26.82,0.0,-0.192,40.2,26956.9,3
Chennai,2020-02-10,7,28.2,0.0,-0.141,40.3,26963.2,3
Chennai,2020-02-17,8,26.04,1.22,-0.216,40.4,26969.0,5
Chennai,2020-02-24,9,29.16,4.25,-0.141,40.6,26967.1,5
Chennai,2020-03-02,10,29.55,0.0,-0.203,40.8,26960.1,4
Chennai,2020-03-09,11,32.35,0.0,-0.226,41.0,26971.0,4
Chennai,2020-03-16,12,30.45,0.0,-0.208,41.3,26967.5,4
Chennai,2020-03-23,13,29.74,0.19,-0.206,41.6,26962.6,5
Chennai,2020-03-30,14,33.23,0.58,-0.195,42.0,26958.1,5
Chennai,2020-04-06,15,31.07,1.49,-0.182,42.5,26967.1,7
Chennai,2020-04-13,16,34.48,0.0,-0.21,43.1,26965.4,23
Chennai,2020-04-20,17,32.71,6.0,-0.169,43.7,26976.5,8
Chennai,2020-04-27,18,32.72,0.44,-0.206,44.5,26967.8,7
Chennai,2020-05-04,19,33.4,18.85,-0.075,45.3,26968.2,9
Chennai,2020-05-11,20,36.52,13.26,-0.017,46.2,26966.5,10
Chennai,2020-05-18,21,34.48,6.25,-0.101,47.1,26969.7,10
Chennai,2020-05-25,22,36.54,11.59,-0.045,48.1,26980.3,9
Chennai,2020-06-01,23,33.06,11.9,-0.039,49.1,26972.6,9
Chennai,2020-06-08,24,34.51,13.26,-0.053,50.1,26968.1,11
Chennai,2020-06-15,25,32.8,18.04,-0.065,51.1,26975.2,11
Chennai,2020-06-22,26,35.47,15.48,-0.046,52.0,26968.7,12
Chennai,2020-06-29,27,34.8,20.66,-0.022,52.9,26975.5,12
Chennai,2020-07-06,28,35.84,16.61,-0.037,53.6,26975.8,12
Chennai,2020-07-13,29,33.57,29.38,0.034,54.2,26984.3,12
Chennai,2020-07-20,30,34.9,24.7,0.017,54.6,26984.5,13
Chennai,2020-07-27,31,32.92,15.76,-0.008,54.9,26983.3,14
Chennai,2020-08-03,32,32.99,11.92,-0.081,55.0,26984.2,14
Chennai,2020-08-10,33,32.88,17.38,-0.028,54.9,26991.3,14
Chennai,2020-08-17,34,31.09,17.69,-0.004,54.6,26985.4,17
Chennai,2020-08-24,35,27.96,10.73,-0.113,54.2,26992.5,16
Chennai,2020-08-31,36,29.73,16.4,-0.034,53.6,26988.3,14
Chennai,2020-09-07,37,29.59,11.64,-0.025,52.9,26985.5,14
Chennai,2020-09-14,38,28.14,11.11,-0.141,52.0,26998.6,12
Chennai,2020-09-21,39,26.66,9.35,-0.111,51.1,26999.7,12
Chennai,2020-09-28,40,24.55,0.0,-0.212,50.1,26998.8,9
Chennai,2020-10-05,41,24.92,0.81,-0.187,49.1,26992.2,11
Chennai,2020-10-12,42,24.12,2.21,-0.206,48.1,26988.7,11
Chennai,2020-10-19,43,23.33,4.36,-0.154,47.1,26998.8,9
Chennai,2020-10-26,44,23.73,4.72,-0.109,46.2,27000.8,8
Chennai,2020-11-02,45,24.57,0.0,-0.16,45.3,26994.9,8
Chennai,2020-11-09,46,21.95,0.0,-0.242,44.5,26999.4,6
Chennai,2020-11-16,47,24.44,0.0,-0.183,43.7,27000.1,5
Chennai,2020-11-23,48,22.77,0.4,-0.225,43.1,27008.8,5
Chennai,2020-11-30,49,24.68,0.0,-0.126,42.5,26992.4,6
Chennai,2020-12-07,50,25.12,0.0,-0.196,42.0,26999.9,5
Chennai,2020-12-14,51,22.1,0.0,-0.203,41.6,27001.7,4
Chennai,2020-12-21,52,25.63,6.48,-0.163,41.3,27013.0,3
Chennai,2020-12-28,53,24.03,2.16,-0.161,41.0,27011.5,4
Chennai,2021-01-04,1,23.61,0.0,-0.142,40.0,27004.1,3
Chennai,2021-01-11,2,23.57,1.54,-0.158,40.1,27000.7,4
Chennai,2021-01-18,3,24.42,3.57,-0.153,40.1,27013.5,4
Chennai,2021-01-25,4,25.41,0.0,-0.109,40.1,27017.8,5
Chennai,2021-02-01,5,24.86,2.88,-0.201,40.2,27015.8,3
Chennai,2021-02-08,6,25.01,4.29,-0.18,40.2,27009.3,3
Chennai,2021-02-15,7,27.13,0.55,-0.21,40.3,27006.0,3
Chennai,2021-02-22,8,26.16,0.0,-0.161,40.4,27021.3,5
Chennai,2021-03-01,9,28.53,6.08,-0.199,40.6,27019.0,5
Chennai,2021-03-08,10,27.71,0.33,-0.131,40.8,27022.9,4
Chennai,2021-03-15,11,29.32,0.27,-0.203,41.0,27013.4,4
Chennai,2021-03-22,12,28.03,0.0,-0.229,41.3,27020.8,5
Chennai,2021-03-29,13,30.36,0.0,-0.247,41.6,27013.2,6
Chennai,2021-04-05,14,30.87,3.37,-0.169,42.0,27024.2,4
Chennai,2021-04-12,15,30.99,3.23,-0.124,42.5,27028.8,5
Chennai,2021-04-19,16,34.8,6.07,-0.239,43.1,27016.7,6
Chennai,2021-04-26,17,34.48,0.16,-0.144,43.7,27028.7,7
Chennai,2021-05-03,18,34.43,1.35,-0.208,44.5,27025.6,8
Chennai,2021-05-10,19,36.11,7.33,-0.118,45.3,27024.5,8
Chennai,2021-05-17,20,33.16,3.24,-0.161,46.2,27026.2,8
Chennai,2021-05-24,21,32.88,10.42,-0.139,47.1,27033.3,10
Chennai,2021-05-31,22,31.68,9.41,-0.107,48.1,27027.4,11
Chennai,2021-06-07,23,35.22,13.85,-0.077,49.1,27024.0,10
Chennai,2021-06-14,24,34.02,17.3,-0.037,50.1,27037.3,9
Chennai,2021-06-21,25,36.39,6.97,-0.137,51.1,27037.8,11
Chennai,2021-06-28,26,35.65,28.34,-0.007,52.0,27032.0,11
Chennai,2021-07-05,27,34.9,20.99,0.008,52.9,27041.2,11
Chennai,2021-07-12,28,34.84,21.61,-0.057,53.6,27029.8,12
Chennai,2021-07-19,29,33.1,26.76,0.034,54.2,27034.9,13
Chennai,2021-07-26,30,32.89,22.38,-0.024,54.6,27040.1,14
Chennai,2021-08-02,31,31.68,17.94,-0.079,54.9,27034.0,13
Chennai,2021-08-09,32,30.69,17.93,-0.024,55.0,27038.3,15
Chennai,2021-08-16,33,30.36,16.29,-0.044,54.9,27041.3,14
Chennai,2021-08-23,34,30.26,17.3,-0.018,54.6,27037.0,14
Chennai,2021-08-30,35,30.34,15.13,-0.074,54.2,27035.5,13
Chennai,2021-09-06,36,31.97,13.75,0.006,53.6,27036.3,14
Chennai,2021-09-13,37,26.36,13.09,-0.071,52.9,27039.2,9
Chennai,2021-09-20,38,25.94,19.66,-0.031,52.0,27044.9,10
Chennai,2021-09-27,39,26.89,3.16,-0.175,51.1,27045.3,12
Chennai,2021-10-04,40,25.76,3.55,-0.189,50.1,27042.4,12
Chennai,2021-10-11,41,25.18,4.65,-0.147,49.1,27047.0,13
Chennai,2021-10-18,42,25.75,7.68,-0.101,48.1,27049.9,9
Chennai,2021-10-25,43,22.92,8.96,-0.138,47.1,27048.9,9
Chennai,2021-11-01,44,24.1,6.12,-0.098,46.2,27061.5,7
Chennai,2021-11-08,45,23.5,2.11,-0.089,45.3,27060.1,7
Chennai,2021-11-15,46,21.98,0.0,-0.234,44.5,27053.1,7
Chennai,2021-11-22,47,22.28,0.0,-0.188,43.7,27056.7,6
Chennai,2021-11-29,48,23.63,0.85,-0.166,43.1,27060.9,5
Chennai,2021-12-06,49,23.63,0.6,-0.193,42.5,27056.1,5
Chennai,2021-12-13,50,24.08,0.0,-0.178,42.0,27062.2,5
Chennai,2021-12-20,51,25.25,0.93,-0.154,41.6,27062.5,5
Chennai,2021-12-27,52,23.66,4.36,-0.194,41.3,27058.9,4
Chennai,2022-01-03,1,22.72,0.0,-0.163,40.0,27064.7,4
Chennai,2022-01-10,2,23.86,0.0,-0.203,40.1,27063.4,4
Chennai,2022-01-17,3,25.81,0.0,-0.209,40.1,27064.4,4
Chennai,2022-01-24,4,23.8,3.17,-0.207,40.1,27069.4,4
Chennai,2022-01-31,5,24.41,0.0,-0.226,40.2,27065.6,4
Chennai,2022-02-07,6,26.21,0.0,-0.224,40.2,27069.8,3
Chennai,2022-02-14,7,24.77,0.67,-0.233,40.3,27068.0,3
Chennai,2022-02-21,8,29.29,0.93,-0.136,40.4,27065.3,2
Chennai,2022-02-28,9,29.15,0.0,-0.164,40.6,27063.0,3
Chennai,2022-03-07,10,29.03,0.0,-0.158,40.8,27059.4,6
Chennai,2022-03-14,11,27.74,0.0,-0.241,41.0,27071.6,4
Chennai,2022-03-21,12,30.47,0.0,-0.22,41.3,27067.2,5
Chennai,2022-03-28,13,30.22,0.0,-0.202,41.6,27088.3,6
Chennai,2022-04-04,14,33.86,0.0,-0.199,42.0,27071.5,6
Chennai,2022-04-11,15,33.25,0.0,-0.191,42.5,27074.2,7
Chennai,2022-04-18,16,31.35,3.14,-0.128,43.1,27075.2,7
Chennai,2022-04-25,17,34.83,0.0,-0.183,43.7,27075.7,8
Chennai,2022-05-02,18,33.16,2.2,-0.235,44.5,27086.8,9
Chennai,2022-05-09,19,33.76,11.0,-0.123,45.3,27078.8,9
Chennai,2022-05-16,20,37.03,9.09,-0.127,46.2,27088.9,8
Chennai,2022-05-23,21,34.04,5.2,-0.151,47.1,27079.1,11
Chennai,2022-05-30,22,34.78,8.78,-0.136,48.1,27076.3,10
Chennai,2022-06-06,23,34.77,17.07,-0.083,49.1,27084.5,11
Chennai,2022-06-13,24,36.38,13.82,-0.073,50.1,27095.7,11
Chennai,2022-06-20,25,33.56,16.59,-0.005,51.1,27089.1,12
Chennai,2022-06-27,26,33.26,18.43,-0.02,52.0,27084.7,12
Chennai,2022-07-04,27,34.63,19.39,-0.1,52.9,27089.2,11
Chennai,2022-07-11,28,35.74,18.23,-0.056,53.6,27086.2,11
Chennai,2022-07-18,29,33.22,23.19,-0.053,54.2,27095.3,15
Chennai,2022-07-25,30,33.1,19.06,0.001,54.6,27095.8,12
Chennai,2022-08-01,31,32.36,17.05,-0.07,54.9,27095.0,14
Chennai,2022-08-08,32,31.14,23.33,0.009,55.0,27090.8,14
Chennai,2022-08-15,33,32.93,18.64,0.004,54.9,27082.3,14
Chennai,2022-08-22,34,30.59,19.08,-0.058,54.6,27102.6,14
Chennai,2022-08-29,35,30.24,15.87,-0.067,54.2,27091.0,12
Chennai,2022-09-05,36,29.33,18.54,-0.043,53.6,27093.4,11
Chennai,2022-09-12,37,27.85,17.86,-0.018,52.9,27099.9,13
Chennai,2022-09-19,38,28.38,11.39,-0.067,52.0,27103.8,12
Chennai,2022-09-26,39,26.53,13.09,-0.045,51.1,27095.3,12
Chennai,2022-10-03,40,24.8,8.16,-0.12,50.1,27104.8,12
Chennai,2022-10-10,41,25.58,4.82,-0.144,49.1,27113.6,11
Chennai,2022-10-17,42,27.33,3.03,-0.21,48.1,27106.2,11
Chennai,2022-10-24,43,25.61,4.12,-0.203,47.1,27106.5,9
Chennai,2022-10-31,44,24.23,0.71,-0.193,46.2,27101.7,8
Chennai,2022-11-07,45,24.59,0.0,-0.224,45.3,27117.2,7
Chennai,2022-11-14,46,23.44,6.9,-0.16,44.5,27107.8,7
Chennai,2022-11-21,47,23.91,2.13,-0.141,43.7,27110.0,8
Chennai,2022-11-28,48,25.01,0.0,-0.239,43.1,27095.4,7
Chennai,2022-12-05,49,25.21,0.14,-0.233,42.5,27113.5,5
Chennai,2022-12-12,50,23.47,0.0,-0.224,42.0,27114.2,7
Chennai,2022-12-19,51,22.42,1.63,-0.156,41.6,27119.1,5
Chennai,2022-12-26,52,22.34,0.47,-0.183,41.3,27112.0,26
Chennai,2023-01-02,1,25.7,0.0,-0.181,40.0,27114.1,4
Chennai,2023-01-09,2,22.5,0.0,-0.217,40.1,27113.8,3
Chennai,2023-01-16,3,25.96,0.0,-0.253,40.1,27128.1,3
Chennai,2023-01-23,4,24.77,5.36,-0.193,40.1,27119.8,3
Chennai,2023-01-30,5,24.89,2.29,-0.123,40.2,27119.2,2
Chennai,2023-02-06,6,26.89,2.46,-0.164,40.2,27120.9,3
Chennai,2023-02-13,7,27.95,1.56,-0.188,40.3,27120.4,4
Chennai,2023-02-20,8,25.04,0.0,-0.15,40.4,27119.6,3
Chennai,2023-02-27,9,26.56,0.0,-0.199,40.6,27120.5,3
Chennai,2023-03-06,10,27.99,0.0,-0.197,40.8,27122.5,4
Chennai,2023-03-13,11,30.85,0.0,-0.247,41.0,27125.5,5
Chennai,2023-03-20,12,29.56,2.92,-0.127,41.3,27137.4,5
Chennai,2023-03-27,13,32.69,0.0,-0.149,41.6,27127.7,3
Chennai,2023-04-03,14,29.99,3.48,-0.156,42.0,27122.0,6
Chennai,2023-04-10,15,34.08,3.61,-0.143,42.5,27129.2,6
Chennai,2023-04-17,16,33.3,0.0,-0.23,43.1,27128.9,7
Chennai,2023-04-24,17,32.21,5.82,-0.207,43.7,27134.4,8
Chennai,2023-05-01,18,34.93,6.89,-0.149,44.5,27139.0,8
Chennai,2023-05-08,19,34.32,5.41,-0.132,45.3,27138.8,8
Chennai,2023-05-15,20,33.79,5.61,-0.129,46.2,27130.9,9
Chennai,2023-05-22,21,37.47,10.02,-0.059,47.1,27128.5,9
Chennai,2023-05-29,22,33.67,12.84,-0.119,48.1,27141.3,10
Chennai,2023-06-05,23,32.25,12.44,-0.07,49.1,27143.9,10
Chennai,2023-06-12,24,33.25,19.09,-0.039,50.1,27134.5,12
Chennai,2023-06-19,25,35.95,18.38,-0.022,51.1,27140.3,12
Chennai,2023-06-26,26,35.17,16.95,-0.005,52.0,27140.1,12
Chennai,2023-07-03,27,34.72,16.12,-0.122,52.9,27145.0,11
Chennai,2023-07-10,28,35.41,22.47,0.018,53.6,27146.8,12
Chennai,2023-07-17,29,32.98,27.68,0.04,54.2,27144.0,13
Chennai,2023-07-24,30,32.93,23.38,0.018,54.6,27141.1,12
Chennai,2023-07-31,31,34.57,19.03,-0.078,54.9,27146.2,12
Chennai,2023-08-07,32,31.09,22.43,-0.005,55.0,27153.7,16
Chennai,2023-08-14,33,31.93,27.7,0.038,54.9,27149.8,13
Chennai,2023-08-21,34,29.62,22.2,0.017,54.6,27153.9,16
Chennai,2023-08-28,35,31.42,19.15,-0.054,54.2,27148.1,13
Chennai,2023-09-04,36,26.89,15.12,-0.084,53.6,27143.4,14
Chennai,2023-09-11,37,27.4,16.52,-0.076,52.9,27158.1,15
Chennai,2023-09-18,38,28.92,12.84,-0.047,52.0,27153.4,13
Chennai,2023-09-25,39,28.24,11.41,-0.088,51.1,27155.3,13
Chennai,2023-10-02,40,25.84,3.21,-0.143,50.1,27158.2,10
Chennai,2023-10-09,41,25.46,2.2,-0.144,49.1,27149.7,11
Chennai,2023-10-16,42,26.01,8.58,-0.078,48.1,27156.6,10
Chennai,2023-10-23,43,23.98,8.89,-0.121,47.1,27153.7,9
Chennai,2023-10-30,44,22.94,2.14,-0.136,46.2,27158.6,8
Chennai,2023-11-06,45,23.72,3.79,-0.156,45.3,27165.8,7
Chennai,2023-11-13,46,23.39,0.65,-0.15,44.5,27165.2,8
Chennai,2023-11-20,47,22.64,0.0,-0.196,43.7,27163.3,7
Chennai,2023-11-27,48,21.43,6.47,-0.165,43.1,27159.6,4
Chennai,2023-12-04,49,24.27,6.64,-0.122,42.5,27162.6,5
Chennai,2023-12-11,50,22.51,0.0,-0.185,42.0,27167.9,4
Chennai,2023-12-18,51,24.45,0.0,-0.178,41.6,27162.2,5
Chennai,2023-12-25,52,23.25,1.62,-0.191,41.3,27172.4,4
Kochi,2019-01-07,2,22.47,0.0,-0.216,40.1,6334.8,4
Kochi,2019-01-14,3,26.0,1.56,-0.167,40.1,6333.8,4
Kochi,2019-01-21,4,22.06,10.73,-0.074,40.1,6337.1,4
Kochi,2019-01-28,5,23.82,3.54,-0.13,40.2,6343.3,4
Kochi,2019-02-04,6,26.54,6.17,-0.166,40.2,6335.6,2
Kochi,2019-02-11,7,28.26,0.0,-0.166,40.3,6345.2,3
Kochi,2019-02-18,8,25.11,2.23,-0.213,40.4,6337.0,5
Kochi,2019-02-25,9,27.83,9.39,-0.095,40.6,6345.7,2
Kochi,2019-03-04,10,29.1,0.0,-0.188,40.8,6339.3,3
Kochi,2019-03-11,11,29.35,0.0,-0.234,41.0,6349.6,5
Kochi,2019-03-18,12,31.22,0.0,-0.238,41.3,6337.9,4
Kochi,2019-03-25,13,31.02,6.77,-0.148,41.6,6343.3,4
Kochi,2019-04-01,14,31.28,3.64,-0.178,42.0,6341.4,5
Kochi,2019-04-08,15,29.82,3.49,-0.174,42.5,6345.2,6
Kochi,2019-04-15,16,30.65,3.95,-0.177,43.1,6337.0,7
Kochi,2019-04-22,17,32.98,11.7,-0.127,43.7,6341.0,7
Kochi,2019-04-29,18,32.51,0.0,-0.149,44.5,6344.0,8
Kochi,2019-05-06,19,33.82,12.02,-0.172,45.3,6351.5,7
Kochi,2019-05-13,20,32.58,13.57,-0.131,46.2,6348.1,6
Kochi,2019-05-20,21,33.65,18.28,-0.035,47.1,6346.7,10
Kochi,2019-05-27,22,34.76,10.13,-0.076,48.1,6344.3,10
Kochi,2019-06-03,23,35.95,23.24,-0.077,49.1,6341.1,9
Kochi,2019-06-10,24,34.58,18.76,0.001,50.1,6343.4,11
Kochi,2019-06-17,25,33.73,27.91,0.023,51.1,6352.3,9
Kochi,2019-06-24,26,33.32,30.02,-0.004,52.0,6344.3,12
Kochi,2019-07-01,27,31.48,26.38,0.095,52.9,6341.3,13
Kochi,2019-07-08,28,33.14,40.02,0.138,53.6,6349.6,14
Kochi,2019-07-15,29,32.52,29.47,0.026,54.2,6338.4,13
Kochi,2019-07-22,30,33.54,35.06,0.055,54.6,6347.2,14
Kochi,2019-07-29,31,31.32,39.25,0.158,54.9,6341.6,14
Kochi,2019-08-05,32,33.09,27.66,0.069,55.0,6347.2,24
Kochi,2019-08-12,33,29.34,28.04,0.01,54.9,6342.4,20
Kochi,2019-08-19,34,30.04,27.48,0.122,54.6,6349.4,18
Kochi,2019-08-26,35,29.26,23.24,0.039,54.2,6357.0,24
Kochi,2019-09-02,36,28.78,23.05,0.062,53.6,6346.3,23
Kochi,2019-09-09,37,25.15,17.67,-0.044,52.9,6350.6,16
Kochi,2019-09-16,38,27.11,24.41,-0.039,52.0,6357.1,15
Kochi,2019-09-23,39,26.46,17.05,-0.011,51.1,6342.4,19
Kochi,2019-09-30,40,24.12,14.0,-0.071,50.1,6351.1,16
Kochi,2019-10-07,41,24.81,21.32,0.011,49.1,6352.1,14
Kochi,2019-10-14,42,24.01,12.95,-0.102,48.1,6344.9,8
Kochi,2019-10-21,43,22.65,5.8,-0.075,47.1,6352.8,9
Kochi,2019-10-28,44,21.97,7.93,-0.141,46.2,6350.2,7
Kochi,2019-11-04,45,24.46,4.53,-0.202,45.3,6348.9,8
Kochi,2019-11-11,46,22.24,10.89,-0.106,44.5,6355.7,7
Kochi,2019-11-18,47,23.13,0.0,-0.182,43.7,6350.4,6
Kochi,2019-11-25,48,21.47,0.0,-0.167,43.1,6357.5,5
Kochi,2019-12-02,49,22.52,1.76,-0.194,42.5,6347.5,5
Kochi,2019-12-09,50,22.41,0.0,-0.238,42.0,6357.7,5
Kochi,2019-12-16,51,21.94,4.01,-0.156,41.6,6350.9,4
Kochi,2019-12-23,52,21.67,3.35,-0.169,41.3,6354.0,4
Kochi,2019-12-30,1,22.9,0.0,-0.166,40.0,6354.8,25
Kochi,2020-01-06,2,22.74,0.86,-0.186,40.1,6354.6,4
Kochi,2020-01-13,3,22.35,4.05,-0.199,40.1,6357.8,4
Kochi,2020-01-20,4,25.46,3.66,-0.135,40.1,6359.2,4
Kochi,2020-01-27,5,25.16,10.89,-0.132,40.2,6360.2,2
Kochi,2020-02-03,6,25.79,10.21,-0.073,40.2,6354.9,2
Kochi,2020-02-10,7,25.53,4.1,-0.106,40.3,6355.9,3
Kochi,2020-02-17,8,26.51,0.0,-0.253,40.4,6354.5,3
Kochi,2020-02-24,9,27.54,0.0,-0.26,40.6,6351.3,3
Kochi,2020-03-02,10,28.39,0.0,-0.171,40.8,6353.9,4
Kochi,2020-03-09,11,26.97,2.36,-0.237,41.0,6354.3,5
Kochi,2020-03-16,12,31.49,12.72,-0.12,41.3,6348.9,3
Kochi,2020-03-23,13,31.58,0.0,-0.145,41.6,6350.3,5
Kochi,2020-03-30,14,31.6,1.53,-0.131,42.0,6354.4,6
Kochi,2020-04-06,15,31.25,11.17,-0.174,42.5,6354.6,4
Kochi,2020-04-13,16,32.48,20.4,-0.024,43.1,6361.0,5
Kochi,2020-04-20,17,31.09,3.04,-0.109,43.7,6359.9,9
Kochi,2020-04-27,18,30.96,3.34,-0.179,44.5,6351.9,9
Kochi,2020-05-04,19,32.57,4.9,-0.168,45.3,6353.9,8
Kochi,2020-05-11,20,33.93,16.37,-0.133,46.2,6349.9,8
Kochi,2020-05-18,21,35.5,17.23,-0.031,47.1,6360.3,8
Kochi,2020-05-25,22,33.55,24.53,-0.013,48.1,6358.8,8
Kochi,2020-06-01,23,33.57,17.92,0.005,49.1,6360.7,9
Kochi,2020-06-08,24,34.48,32.01,0.044,50.1,6366.2,10
Kochi,2020-06-15,25,34.78,23.33,0.014,51.1,6357.0,11
Kochi,2020-06-22,26,35.76,29.63,0.062,52.0,6360.3,10
Kochi,2020-06-29,27,34.58,35.96,0.143,52.9,6355.7,11
Kochi,2020-07-06,28,31.86,22.8,0.06,53.6,6358.8,15
Kochi,2020-07-13,29,33.55,37.68,0.08,54.2,6367.5,15
Kochi,2020-07-20,30,33.02,35.23,0.178,54.6,6356.0,18
Kochi,2020-07-27,31,32.21,34.8,0.132,54.9,6355.3,22
Kochi,2020-08-03,32,31.6,30.61,0.072,55.0,6358.5,23
Kochi,2020-08-10,33,29.46,27.59,0.034,54.9,6355.8,19
Kochi,2020-08-17,34,28.59,22.92,-0.062,54.6,6363.5,23
Kochi,2020-08-24,35,27.74,30.75,0.058,54.2,6361.2,24
Kochi,2020-08-31,36,29.49,20.17,-0.042,53.6,6359.2,23
Kochi,2020-09-07,37,26.41,16.97,0.021,52.9,6365.4,14
Kochi,2020-09-14,38,26.41,6.48,-0.084,52.0,6362.2,15
Kochi,2020-09-21,39,26.63,16.12,-0.116,51.1,6357.6,12
Kochi,2020-09-28,40,23.84,7.09,-0.126,50.1,6357.2,14
Kochi,2020-10-05,41,26.23,7.33,-0.118,49.1,6351.4,10
Kochi,2020-10-12,42,22.83,3.83,-0.164,48.1,6358.1,9
Kochi,2020-10-19,43,21.94,6.96,-0.173,47.1,6359.4,9
Kochi,2020-10-26,44,25.83,3.75,-0.176,46.2,6367.0,32
Kochi,2020-11-02,45,21.88,4.53,-0.11,45.3,6361.4,7
Kochi,2020-11-09,46,20.5,0.0,-0.196,44.5,6363.2,8
Kochi,2020-11-16,47,23.57,6.96,-0.121,43.7,6363.5,6
Kochi,2020-11-23,48,21.9,1.8,-0.096,43.1,6376.7,5
Kochi,2020-11-30,49,20.55,1.69,-0.163,42.5,6364.9,5
Kochi,2020-12-07,50,20.18,2.69,-0.201,42.0,6368.1,5
Kochi,2020-12-14,51,21.82,0.0,-0.21,41.6,6365.2,4
Kochi,2020-12-21,52,20.84,0.0,-0.167,41.3,6365.8,4
Kochi,2020-12-28,53,23.81,0.88,-0.154,41.0,6358.3,5
Kochi,2021-01-04,1,22.68,0.0,-0.224,40.0,6359.6,3
Kochi,2021-01-11,2,23.74,5.44,-0.172,40.1,6363.8,2
Kochi,2021-01-18,3,26.01,7.02,-0.176,40.1,6362.1,3
Kochi,2021-01-25,4,23.43,0.0,-0.163,40.1,6372.6,3
Kochi,2021-02-01,5,25.43,2.12,-0.127,40.2,6362.3,3
Kochi,2021-02-08,6,22.95,0.0,-0.2,40.2,6372.3,3
Kochi,2021-02-15,7,27.14,5.3,-0.173,40.3,6365.4,5
Kochi,2021-02-22,8,27.31,0.0,-0.21,40.4,6370.4,3
Kochi,2021-03-01,9,27.55,10.43,-0.17,40.6,6362.6,3
Kochi,2021-03-08,10,27.17,0.0,-0.135,40.8,6361.5,2
Kochi,2021-03-15,11,26.31,2.74,-0.163,41.0,6362.7,4
Kochi,2021-03-22,12,28.49,0.0,-0.182,41.3,6363.9,4
Kochi,2021-03-29,13,30.26,0.0,-0.212,41.6,6368.0,5
Kochi,2021-04-05,14,31.61,2.43,-0.149,42.0,6366.0,5
Kochi,2021-04-12,15,30.5,0.0,-0.177,42.5,6363.1,6
Kochi,2021-04-19,16,32.21,5.94,-0.163,43.1,6362.9,5
Kochi,2021-04-26,17,30.81,6.86,-0.133,43.7,6369.9,6
Kochi,2021-05-03,18,30.63,13.69,-0.083,44.5,6372.2,6
Kochi,2021-05-10,19,31.45,11.0,-0.054,45.3,6376.6,10
Kochi,2021-05-17,20,33.34,13.62,-0.045,46.2,6362.6,6
Kochi,2021-05-24,21,34.62,3.05,-0.098,47.1,6358.2,9
Kochi,2021-05-31,22,32.19,22.26,-0.117,48.1,6367.9,9
Kochi,2021-06-07,23,34.64,18.66,-0.037,49.1,6368.9,9
Kochi,2021-06-14,24,34.83,26.38,0.051,50.1,6371.6,10
Kochi,2021-06-21,25,35.11,34.07,0.067,51.1,6367.3,10
Kochi,2021-06-28,26,33.47,23.37,0.091,52.0,6376.6,11
Kochi,2021-07-05,27,34.21,32.79,0.071,52.9,6373.1,10
Kochi,2021-07-12,28,34.05,34.38,0.114,53.6,6364.1,14
Kochi,2021-07-19,29,32.06,37.02,0.067,54.2,6373.8,19
Kochi,2021-07-26,30,30.76,22.83,0.018,54.6,6369.9,21
Kochi,2021-08-02,31,30.53,29.66,0.023,54.9,6368.2,20
Kochi,2021-08-09,32,31.25,27.05,0.091,55.0,6369.1,21
Kochi,2021-08-16,33,29.37,38.42,0.139,54.9,6377.8,20
Kochi,2021-08-23,34,28.88,17.21,0.037,54.6,6372.4,18
Kochi,2021-08-30,35,27.23,26.05,-0.092,54.2,6377.9,15
Kochi,2021-09-06,36,28.9,30.41,0.075,53.6,6378.1,16
Kochi,2021-09-13,37,26.83,16.58,0.005,52.9,6375.6,22
Kochi,2021-09-20,38,26.83,22.06,-0.023,52.0,6378.9,17
Kochi,2021-09-27,39,27.5,11.81,-0.046,51.1,6362.0,14
Kochi,2021-10-04,40,26.67,6.31,-0.125,50.1,6369.9,14
Kochi,2021-10-11,41,23.79,12.05,-0.155,49.1,6375.6,14
Kochi,2021-10-18,42,22.78,12.25,-0.078,48.1,6375.4,10
Kochi,2021-10-25,43,23.84,13.99,-0.013,47.1,6370.3,8
Kochi,2021-11-01,44,21.27,0.0,-0.177,46.2,6378.0,9
Kochi,2021-11-08,45,21.8,4.58,-0.155,45.3,6381.7,8
Kochi,2021-11-15,46,24.14,0.0,-0.155,44.5,6367.8,5
Kochi,2021-11-22,47,22.89,4.75,-0.17,43.7,6385.0,6
Kochi,2021-11-29,48,23.09,9.97,-0.139,43.1,6373.2,6
Kochi,2021-12-06,49,20.62,0.0,-0.174,42.5,6374.2,4
Kochi,2021-12-13,50,20.69,0.0,-0.248,42.0,6378.1,4
Kochi,2021-12-20,51,22.08,0.0,-0.187,41.6,6387.1,4
Kochi,2021-12-27,52,22.64,12.97,-0.181,41.3,6382.2,4
Kochi,2022-01-03,1,22.92,0.0,-0.142,40.0,6375.7,4
Kochi,2022-01-10,2,24.75,0.98,-0.162,40.1,6376.6,4
Kochi,2022-01-17,3,23.46,5.52,-0.202,40.1,6378.9,3
Kochi,2022-01-24,4,22.61,3.97,-0.148,40.1,6382.9,3
Kochi,2022-01-31,5,25.26,0.0,-0.178,40.2,6374.4,3
Kochi,2022-02-07,6,26.03,0.0,-0.124,40.2,6376.7,4
Kochi,2022-02-14,7,26.24,0.0,-0.195,40.3,6382.4,2
Kochi,2022-02-21,8,26.82,2.03,-0.204,40.4,6380.0,2
Kochi,2022-02-28,9,29.29,0.03,-0.188,40.6,6381.7,4
Kochi,2022-03-07,10,28.48,2.33,-0.228,40.8,6375.5,4
Kochi,2022-03-14,11,27.58,0.0,-0.24,41.0,6377.7,5
Kochi,2022-03-21,12,28.48,8.04,-0.126,41.3,6376.4,5
Kochi,2022-03-28,13,29.63,0.55,-0.186,41.6,6383.0,6
Kochi,2022-04-04,14,29.83,3.82,-0.185,42.0,6384.7,7
Kochi,2022-04-11,15,32.1,14.3,-0.104,42.5,6381.8,6
Kochi,2022-04-18,16,31.67,2.62,-0.141,43.1,6380.5,5
Kochi,2022-04-25,17,31.91,11.68,-0.128,43.7,6382.2,5
Kochi,2022-05-02,18,33.09,21.56,-0.049,44.5,6384.1,7
Kochi,2022-05-09,19,33.73,15.07,-0.031,45.3,6377.0,8
Kochi,2022-05-16,20,32.43,12.24,-0.057,46.2,6390.9,7
Kochi,2022-05-23,21,33.58,7.7,-0.171,47.1,6381.3,7
Kochi,2022-05-30,22,34.55,15.74,-0.047,48.1,6383.0,9
Kochi,2022-06-06,23,34.94,23.24,0.049,49.1,6387.0,10
Kochi,2022-06-13,24,35.08,22.33,-0.036,50.1,6382.6,10
Kochi,2022-06-20,25,31.59,20.97,0.038,51.1,6386.7,11
Kochi,2022-06-27,26,33.5,22.29,0.035,52.0,6387.1,9
Kochi,2022-07-04,27,33.95,27.89,0.05,52.9,6376.4,15
Kochi,2022-07-11,28,33.05,27.98,0.065,53.6,6381.0,15
Kochi,2022-07-18,29,31.06,40.1,0.146,54.2,6392.8,15
Kochi,2022-07-25,30,28.95,44.03,0.175,54.6,6392.9,15
Kochi,2022-08-01,31,32.2,32.08,0.127,54.9,6387.5,17
Kochi,2022-08-08,32,29.33,32.2,0.081,55.0,6392.8,19
Kochi,2022-08-15,33,30.73,43.37,0.151,54.9,6382.0,21
Kochi,2022-08-22,34,28.12,34.57,0.124,54.6,6393.6,23
Kochi,2022-08-29,35,28.19,31.38,0.098,54.2,6385.7,25
Kochi,2022-09-05,36,28.96,22.56,0.038,53.6,6387.4,20
Kochi,2022-09-12,37,26.69,15.99,0.003,52.9,6387.9,22
Kochi,2022-09-19,38,26.39,13.31,-0.012,52.0,6371.5,20
Kochi,2022-09-26,39,24.31,16.59,-0.038,51.1,6394.8,19
Kochi,2022-10-03,40,26.36,17.57,-0.026,50.1,6397.4,18
Kochi,2022-10-10,41,24.97,12.08,-0.054,49.1,6389.9,12
Kochi,2022-10-17,42,23.84,13.6,-0.051,48.1,6388.4,8
Kochi,2022-10-24,43,23.23,7.39,-0.107,47.1,6388.3,8
Kochi,2022-10-31,44,23.93,0.0,-0.202,46.2,6393.7,7
Kochi,2022-11-07,45,22.64,12.79,-0.14,45.3,6395.7,7
Kochi,2022-11-14,46,21.73,1.5,-0.169,44.5,6388.1,7
Kochi,2022-11-21,47,21.18,6.22,-0.146,43.7,6388.8,6
Kochi,2022-11-28,48,22.23,0.0,-0.185,43.1,6379.6,4
Kochi,2022-12-05,49,22.41,2.85,-0.205,42.5,6395.3,6
Kochi,2022-12-12,50,21.82,4.97,-0.181,42.0,6391.4,5
Kochi,2022-12-19,51,21.66,0.0,-0.136,41.6,6386.3,4
Kochi,2022-12-26,52,22.97,0.0,-0.195,41.3,6392.4,5
Kochi,2023-01-02,1,23.85,0.0,-0.218,40.0,6390.0,4
Kochi,2023-01-09,2,23.18,8.58,-0.128,40.1,6386.4,4
Kochi,2023-01-16,3,23.7,9.16,-0.091,40.1,6389.4,4
Kochi,2023-01-23,4,21.13,10.84,-0.153,40.1,6382.5,3
Kochi,2023-01-30,5,23.22,0.0,-0.166,40.2,6394.1,3
Kochi,2023-02-06,6,25.7,5.03,-0.225,40.2,6393.3,3
Kochi,2023-02-13,7,26.89,0.0,-0.171,40.3,6390.8,4
Kochi,2023-02-20,8,26.7,0.0,-0.186,40.4,6395.7,3
Kochi,2023-02-27,9,25.97,0.0,-0.252,40.6,6384.8,4
Kochi,2023-03-06,10,29.19,2.14,-0.176,40.8,6386.6,2
Kochi,2023-03-13,11,30.22,7.56,-0.105,41.0,6384.3,5
Kochi,2023-03-20,12,29.25,3.78,-0.121,41.3,6391.5,5
Kochi,2023-03-27,13,28.42,0.0,-0.156,41.6,6402.7,4
Kochi,2023-04-03,14,30.56,0.0,-0.23,42.0,6394.1,5
Kochi,2023-04-10,15,32.73,3.21,-0.182,42.5,6398.3,8
Kochi,2023-04-17,16,32.49,16.57,-0.086,43.1,6397.7,7
Kochi,2023-04-24,17,31.23,11.18,-0.071,43.7,6398.5,6
Kochi,2023-05-01,18,34.57,4.36,-0.178,44.5,6390.3,8
Kochi,2023-05-08,19,34.42,7.16,-0.198,45.3,6393.2,9
Kochi,2023-05-15,20,34.29,24.79,-0.019,46.2,6397.6,8
Kochi,2023-05-22,21,33.3,19.35,0.005,47.1,6395.4,7
Kochi,2023-05-29,22,32.23,10.0,-0.09,48.1,6397.6,9
Kochi,2023-06-05,23,35.22,16.03,-0.023,49.1,6388.8,12
Kochi,2023-06-12,24,33.67,27.49,0.057,50.1,6401.4,10
Kochi,2023-06-19,25,34.52,20.31,0.011,51.1,6392.7,10
Kochi,2023-06-26,26,33.87,22.67,0.031,52.0,6401.3,10
Kochi,2023-07-03,27,32.22,28.91,0.083,52.9,6395.5,11
Kochi,2023-07-10,28,33.37,36.0,0.118,53.6,6398.7,14
Kochi,2023-07-17,29,32.98,30.79,0.061,54.2,6389.7,15
Kochi,2023-07-24,30,31.78,39.34,0.036,54.6,6392.0,16
Kochi,2023-07-31,31,30.93,33.4,0.066,54.9,6395.3,14
Kochi,2023-08-07,32,29.61,34.78,0.12,55.0,6398.4,22
Kochi,2023-08-14,33,30.75,34.53,0.165,54.9,6392.2,21
Kochi,2023-08-21,34,30.95,27.07,0.061,54.6,6399.9,16
Kochi,2023-08-28,35,28.76,26.09,0.026,54.2,6406.5,17
Kochi,2023-09-04,36,27.33,20.58,-0.037,53.6,6406.0,18
Kochi,2023-09-11,37,25.98,20.41,0.005,52.9,6391.7,29
Kochi,2023-09-18,38,27.7,16.61,-0.093,52.0,6402.6,24
Kochi,2023-09-25,39,25.13,11.65,-0.084,51.1,6393.9,17
Kochi,2023-10-02,40,25.24,10.58,-0.088,50.1,6407.9,11
Kochi,2023-10-09,41,24.37,15.27,-0.092,49.1,6401.7,10
Kochi,2023-10-16,42,23.37,9.92,-0.08,48.1,6406.2,10
Kochi,2023-10-23,43,24.83,7.66,-0.118,47.1,6402.5,10
Kochi,2023-10-30,44,22.25,14.44,-0.172,46.2,6394.2,7
Kochi,2023-11-06,45,22.57,0.0,-0.173,45.3,6405.3,7
Kochi,2023-11-13,46,20.38,4.65,-0.175,44.5,6408.8,6
Kochi,2023-11-20,47,25.17,6.83,-0.106,43.7,6400.1,7
Kochi,2023-11-27,48,22.05,0.0,-0.222,43.1,6403.2,5
Kochi,2023-12-04,49,20.62,0.0,-0.212,42.5,6406.8,5
Kochi,2023-12-11,50,20.77,0.0,-0.263,42.0,6399.0,6
Kochi,2023-12-18,51,23.37,11.59,-0.16,41.6,6405.3,5
Kochi,2023-12-25,52,21.7,5.07,-0.144,41.3,6410.7,4
Pune,2019-01-07,2,21.68,2.49,-0.175,40.1,6301.8,2
Pune,2019-01-14,3,22.8,3.77,-0.211,40.1,6311.9,2
Pune,2019-01-21,4,20.57,0.05,-0.199,40.1,6307.0,3
Pune,2019-01-28,5,21.28,0.0,-0.202,40.2,6309.2,4
Pune,2019-02-04,6,22.58,0.24,-0.192,40.2,6305.0,3
Pune,2019-02-11,7,24.83,0.08,-0.202,40.3,6303.7,3
Pune,2019-02-18,8,23.67,0.0,-0.244,40.4,6299.5,4
Pune,2019-02-25,9,25.34,0.0,-0.2,40.6,6301.2,3
Pune,2019-03-04,10,25.66,0.0,-0.206,40.8,6312.9,3
Pune,2019-03-11,11,26.92,0.0,-0.215,41.0,6301.3,2
Pune,2019-03-18,12,26.15,0.23,-0.179,41.3,6309.1,3
Pune,2019-03-25,13,27.56,0.0,-0.216,41.6,6298.5,4
Pune,2019-04-01,14,26.03,4.72,-0.2,42.0,6300.9,4
Pune,2019-04-08,15,28.73,3.76,-0.148,42.5,6310.3,4
Pune,2019-04-15,16,28.24,0.41,-0.209,43.1,6304.9,6
Pune,2019-04-22,17,29.99,2.39,-0.217,43.7,6313.9,4
Pune,2019-04-29,18,30.18,2.75,-0.116,44.5,6306.2,4
Pune,2019-05-06,19,31.14,2.27,-0.181,45.3,6309.9,6
Pune,2019-05-13,20,30.17,6.19,-0.187,46.2,6302.1,6
Pune,2019-05-20,21,31.36,3.2,-0.161,47.1,6297.6,8
Pune,2019-05-27,22,30.52,4.82,-0.154,48.1,6298.9,8
Pune,2019-06-03,23,30.48,4.43,-0.199,49.1,6309.0,9
Pune,2019-06-10,24,32.18,8.85,-0.145,50.1,6306.9,8
Pune,2019-06-17,25,31.04,13.27,-0.087,51.1,6302.8,8
Pune,2019-06-24,26,31.04,7.51,-0.097,52.0,6310.1,9
Pune,2019-07-01,27,28.48,13.83,-0.072,52.9,6307.8,10
Pune,2019-07-08,28,31.73,14.11,-0.091,53.6,6305.7,12
Pune,2019-07-15,29,28.69,15.03,-0.114,54.2,6309.8,10
Pune,2019-07-22,30,30.21,15.54,-0.093,54.6,6316.6,12
Pune,2019-07-29,31,28.44,11.74,-0.049,54.9,6309.0,11
Pune,2019-08-05,32,28.29,12.67,-0.065,55.0,6303.5,10
Pune,2019-08-12,33,25.56,8.77,-0.092,54.9,6319.8,10
Pune,2019-08-19,34,26.93,10.76,-0.109,54.6,6298.2,10
Pune,2019-08-26,35,27.61,12.53,-0.113,54.2,6308.6,11
Pune,2019-09-02,36,22.47,8.5,-0.139,53.6,6303.8,10
Pune,2019-09-09,37,25.41,13.39,-0.058,52.9,6311.1,11
Pune,2019-09-16,38,24.69,9.23,-0.086,52.0,6308.7,9
Pune,2019-09-23,39,24.01,6.4,-0.133,51.1,6302.1,8
Pune,2019-09-30,40,21.86,4.87,-0.156,50.1,6300.7,8
Pune,2019-10-07,41,22.04,7.35,-0.196,49.1,6309.0,8
Pune,2019-10-14,42,20.97,2.93,-0.162,48.1,6308.6,9
Pune,2019-10-21,43,20.79,0.0,-0.179,47.1,6314.3,6
Pune,2019-10-28,44,22.07,1.26,-0.225,46.2,6315.9,8
Pune,2019-11-04,45,19.23,2.59,-0.126,45.3,6312.8,7
Pune,2019-11-11,46,18.89,0.0,-0.204,44.5,6311.1,7
Pune,2019-11-18,47,18.68,0.39,-0.159,43.7,6307.1,7
Pune,2019-11-25,48,18.84,0.0,-0.168,43.1,6309.1,6
Pune,2019-12-02,49,20.75,2.11,-0.165,42.5,6300.1,7
Pune,2019-12-09,50,16.36,1.79,-0.198,42.0,6314.2,3
Pune,2019-12-16,51,17.38,2.95,-0.21,41.6,6314.9,3
Pune,2019-12-23,52,20.51,0.0,-0.194,41.3,6316.8,5
Pune,2019-12-30,1,21.21,0.0,-0.206,40.0,6310.4,5
Pune,2020-01-06,2,21.09,0.12,-0.188,40.1,6314.0,28
Pune,2020-01-13,3,20.08,0.0,-0.236,40.1,6312.3,4
Pune,2020-01-20,4,20.43,0.0,-0.223,40.1,6311.6,3
Pune,2020-01-27,5,19.58,0.0,-0.184,40.2,6313.1,5
Pune,2020-02-03,6,21.96,0.0,-0.259,40.2,6316.6,1
Pune,2020-02-10,7,23.42,0.89,-0.171,40.3,6313.4,3
Pune,2020-02-17,8,23.34,0.0,-0.217,40.4,6320.7,4
Pune,2020-02-24,9,25.22,0.0,-0.179,40.6,6313.4,3
Pune,2020-03-02,10,25.16,0.0,-0.19,40.8,6318.8,3
Pune,2020-03-09,11,23.99,0.09,-0.195,41.0,6314.3,3
Pune,2020-03-16,12,26.81,0.59,-0.216,41.3,6324.0,3
Pune,2020-03-23,13,27.13,0.0,-0.232,41.6,6318.7,2
Pune,2020-03-30,14,24.4,1.31,-0.176,42.0,6312.4,3
Pune,2020-04-06,15,28.22,0.0,-0.204,42.5,6312.6,3
Pune,2020-04-13,16,28.33,4.31,-0.133,43.1,6309.9,4
Pune,2020-04-20,17,29.87,1.56,-0.177,43.7,6313.2,6
Pune,2020-04-27,18,29.54,2.9,-0.164,44.5,6318.9,4
Pune,2020-05-04,19,30.8,2.46,-0.151,45.3,6321.3,5
Pune,2020-05-11,20,30.34,3.57,-0.173,46.2,6319.2,5
Pune,2020-05-18,21,30.71,8.91,-0.098,47.1,6312.7,6
Pune,2020-05-25,22,30.97,9.21,-0.122,48.1,6316.8,8
Pune,2020-06-01,23,30.6,9.17,-0.114,49.1,6315.2,7
Pune,2020-06-08,24,30.27,11.34,-0.126,50.1,6318.6,10
Pune,2020-06-15,25,28.71,12.62,-0.102,51.1,6320.8,10
Pune,2020-06-22,26,30.02,8.54,-0.133,52.0,6315.1,8
Pune,2020-06-29,27,29.91,14.0,-0.029,52.9,6317.1,10
Pune,2020-07-06,28,31.73,18.0,-0.105,53.6,6311.2,10
Pune,2020-07-13,29,29.46,14.93,0.018,54.2,6318.4,10
Pune,2020-07-20,30,26.79,14.98,-0.038,54.6,6313.7,11
Pune,2020-07-27,31,26.51,14.94,-0.049,54.9,6317.2,11
Pune,2020-08-03,32,26.62,12.9,-0.075,55.0,6324.0,12
Pune,2020-08-10,33,26.7,14.07,-0.076,54.9,6314.6,12
Pune,2020-08-17,34,25.81,10.24,-0.115,54.6,6314.2,12
Pune,2020-08-24,35,25.39,10.15,-0.102,54.2,6318.4,11
Pune,2020-08-31,36,23.85,11.26,-0.088,53.6,6311.3,9
Pune,2020-09-07,37,25.73,6.15,-0.16,52.9,6321.9,9
Pune,2020-09-14,38,23.26,9.02,-0.109,52.0,6321.8,9
Pune,2020-09-21,39,20.62,6.78,-0.135,51.1,6319.3,9
Pune,2020-09-28,40,22.49,7.2,-0.141,50.1,6324.7,7
Pune,2020-10-05,41,22.27,3.02,-0.146,49.1,6329.4,9
Pune,2020-10-12,42,19.64,4.44,-0.12,48.1,6326.3,8
Pune,2020-10-19,43,19.83,6.61,-0.132,47.1,6328.6,7
Pune,2020-10-26,44,20.47,2.87,-0.21,46.2,6323.5,7
Pune,2020-11-02,45,19.81,1.39,-0.176,45.3,6322.3,6
Pune,2020-11-09,46,18.1,0.49,-0.218,44.5,6325.1,6
Pune,2020-11-16,47,20.46,2.58,-0.178,43.7,6325.2,6
Pune,2020-11-23,48,19.73,0.0,-0.22,43.1,6325.2,6
Pune,2020-11-30,49,18.05,0.0,-0.204,42.5,6323.5,5
Pune,2020-12-07,50,21.26,0.0,-0.24,42.0,6321.2,5
Pune,2020-12-14,51,18.09,0.37,-0.218,41.6,6328.5,5
Pune,2020-12-21,52,19.52,0.24,-0.159,41.3,6323.9,5
Pune,2020-12-28,53,19.22,2.51,-0.176,41.0,6327.4,4
Pune,2021-01-04,1,20.73,0.0,-0.197,40.0,6331.0,4
Pune,2021-01-11,2,21.26,0.0,-0.18,40.1,6324.7,4
Pune,2021-01-18,3,19.99,0.0,-0.239,40.1,6331.9,3
Pune,2021-01-25,4,18.99,3.4,-0.197,40.1,6323.5,3
Pune,2021-02-01,5,21.21,2.49,-0.206,40.2,6330.0,4
Pune,2021-02-08,6,24.04,0.0,-0.201,40.2,6329.0,3
Pune,2021-02-15,7,21.99,3.37,-0.175,40.3,6323.4,2
Pune,2021-02-22,8,22.66,0.0,-0.224,40.4,6321.5,4
Pune,2021-03-01,9,24.65,3.01,-0.179,40.6,6324.6,4
Pune,2021-03-08,10,24.99,2.01,-0.201,40.8,6331.5,4
Pune,2021-03-15,11,24.81,0.0,-0.169,41.0,6328.7,3
Pune,2021-03-22,12,25.25,0.43,-0.204,41.3,6330.3,2
Pune,2021-03-29,13,26.29,0.0,-0.141,41.6,6325.2,3
Pune,2021-04-05,14,25.44,4.73,-0.198,42.0,6331.7,4
Pune,2021-04-12,15,29.94,0.0,-0.171,42.5,6324.5,4
Pune,2021-04-19,16,29.43,0.0,-0.14,43.1,6324.7,3
Pune,2021-04-26,17,28.83,0.28,-0.152,43.7,6333.3,5
Pune,2021-05-03,18,31.46,3.89,-0.15,44.5,6327.9,5
Pune,2021-05-10,19,30.63,2.93,-0.183,45.3,6328.4,6
Pune,2021-05-17,20,30.24,2.73,-0.189,46.2,6326.5,8
Pune,2021-05-24,21,32.89,6.88,-0.077,47.1,6334.0,7
Pune,2021-05-31,22,30.94,7.27,-0.117,48.1,6332.0,8
Pune,2021-06-07,23,28.65,9.49,-0.114,49.1,6334.3,9
Pune,2021-06-14,24,34.63,9.12,-0.109,50.1,6327.2,8
Pune,2021-06-21,25,30.53,10.36,-0.13,51.1,6315.7,9
Pune,2021-06-28,26,29.81,9.84,-0.079,52.0,6330.4,10
Pune,2021-07-05,27,28.65,16.32,-0.07,52.9,6334.4,9
Pune,2021-07-12,28,30.49,13.67,-0.092,53.6,6332.0,10
Pune,2021-07-19,29,30.69,14.58,-0.051,54.2,6337.3,11
Pune,2021-07-26,30,27.53,12.62,-0.081,54.6,6325.9,13
Pune,2021-08-02,31,29.27,13.53,-0.043,54.9,6341.2,11
Pune,2021-08-09,32,27.23,14.41,-0.087,55.0,6334.6,11
Pune,2021-08-16,33,27.23,12.93,-0.087,54.9,6334.2,12
Pune,2021-08-23,34,27.02,10.87,-0.119,54.6,6340.4,11
Pune,2021-08-30,35,26.4,11.1,-0.071,54.2,6341.0,11
Pune,2021-09-06,36,23.17,10.5,-0.135,53.6,6333.1,12
Pune,2021-09-13,37,25.36,6.09,-0.123,52.9,6332.3,10
Pune,2021-09-20,38,23.16,5.5,-0.181,52.0,6327.8,10
Pune,2021-09-27,39,21.4,10.52,-0.071,51.1,6328.7,9
Pune,2021-10-04,40,23.34,7.22,-0.114,50.1,6338.2,9
Pune,2021-10-11,41,22.35,2.59,-0.13,49.1,6336.8,7
Pune,2021-10-18,42,20.44,4.0,-0.14,48.1,6331.7,8
Pune,2021-10-25,43,21.58,4.71,-0.154,47.1,6336.1,8
Pune,2021-11-01,44,22.79,2.74,-0.195,46.2,6333.6,8
Pune,2021-11-08,45,18.09,2.05,-0.186,45.3,6336.1,7
Pune,2021-11-15,46,19.23,3.28,-0.141,44.5,6336.9,7
Pune,2021-11-22,47,18.85,0.92,-0.258,43.7,6344.3,6
Pune,2021-11-29,48,19.51,1.63,-0.192,43.1,6336.2,6
Pune,2021-12-06,49,18.28,0.0,-0.232,42.5,6336.1,6
Pune,2021-12-13,50,19.49,0.42,-0.148,42.0,6342.1,5
Pune,2021-12-20,51,17.96,0.12,-0.238,41.6,6340.4,4
Pune,2021-12-27,52,19.85,0.22,-0.158,41.3,6346.3,4
Pune,2022-01-03,1,22.27,0.0,-0.189,40.0,6338.1,3
Pune,2022-01-10,2,18.02,1.0,-0.233,40.1,6342.3,4
Pune,2022-01-17,3,19.99,1.45,-0.141,40.1,6344.8,3
Pune,2022-01-24,4,21.52,0.0,-0.218,40.1,6341.8,3
Pune,2022-01-31,5,20.78,0.0,-0.231,40.2,6330.6,2
Pune,2022-02-07,6,25.3,0.39,-0.24,40.2,6342.7,4
Pune,2022-02-14,7,24.82,0.0,-0.274,40.3,6344.2,4
Pune,2022-02-21,8,22.11,0.0,-0.227,40.4,6338.4,3
Pune,2022-02-28,9,20.32,0.0,-0.177,40.6,6338.3,4
Pune,2022-03-07,10,24.65,0.0,-0.249,40.8,6345.3,3
Pune,2022-03-14,11,25.28,0.0,-0.251,41.0,6341.2,3
Pune,2022-03-21,12,27.78,0.0,-0.184,41.3,6343.6,3
Pune,2022-03-28,13,26.61,0.7,-0.28,41.6,6345.1,4
Pune,2022-04-04,14,30.78,0.35,-0.159,42.0,6345.7,3
Pune,2022-04-11,15,29.7,0.0,-0.185,42.5,6339.2,5
Pune,2022-04-18,16,28.03,1.91,-0.212,43.1,6341.7,5
Pune,2022-04-25,17,28.83,4.25,-0.135,43.7,6344.0,5
Pune,2022-05-02,18,30.03,2.49,-0.165,44.5,6346.9,6
Pune,2022-05-09,19,29.56,0.0,-0.159,45.3,6346.9,6
Pune,2022-05-16,20,29.38,6.93,-0.162,46.2,6352.1,8
Pune,2022-05-23,21,30.11,3.9,-0.163,47.1,6358.1,6
Pune,2022-05-30,22,32.3,8.02,-0.125,48.1,6349.6,8
Pune,2022-06-06,23,30.12,11.24,-0.112,49.1,6350.8,8
Pune,2022-06-13,24,30.34,10.65,-0.092,50.1,6342.9,10
Pune,2022-06-20,25,30.58,11.98,-0.075,51.1,6342.2,9
Pune,2022-06-27,26,31.42,11.57,-0.094,52.0,6356.1,9
Pune,2022-07-04,27,30.21,11.33,-0.109,52.9,6344.8,9
Pune,2022-07-11,28,31.27,11.76,-0.054,53.6,6341.9,10
Pune,2022-07-18,29,30.62,12.52,-0.126,54.2,6349.0,10
Pune,2022-07-25,30,27.62,13.18,-0.128,54.6,6349.2,11
Pune,2022-08-01,31,28.61,12.6,-0.067,54.9,6347.9,11
Pune,2022-08-08,32,28.36,10.93,-0.096,55.0,6339.8,12
Pune,2022-08-15,33,24.39,13.63,-0.103,54.9,6338.0,13
Pune,2022-08-22,34,27.2,12.87,-0.073,54.6,6352.5,12
Pune,2022-08-29,35,25.43,14.51,-0.086,54.2,6345.0,12
Pune,2022-09-05,36,25.41,14.75,-0.058,53.6,6350.9,11
Pune,2022-09-12,37,23.76,11.42,-0.026,52.9,6346.8,9
Pune,2022-09-19,38,22.84,6.1,-0.124,52.0,6346.6,8
Pune,2022-09-26,39,22.44,4.94,-0.12,51.1,6347.5,9
Pune,2022-10-03,40,23.52,8.67,-0.146,50.1,6346.7,8
Pune,2022-10-10,41,23.05,3.86,-0.107,49.1,6346.2,10
Pune,2022-10-17,42,22.58,1.92,-0.209,48.1,6349.4,8
Pune,2022-10-24,43,20.48,0.48,-0.213,47.1,6347.0,6
Pune,2022-10-31,44,20.71,2.49,-0.212,46.2,6344.9,6
Pune,2022-11-07,45,19.68,1.17,-0.195,45.3,6344.7,7
Pune,2022-11-14,46,18.75,0.0,-0.234,44.5,6355.2,6
Pune,2022-11-21,47,21.93,2.67,-0.179,43.7,6352.4,6
Pune,2022-11-28,48,18.06,0.0,-0.201,43.1,6350.6,5
Pune,2022-12-05,49,17.98,1.27,-0.231,42.5,6347.6,6
Pune,2022-12-12,50,19.54,0.0,-0.194,42.0,6358.0,6
Pune,2022-12-19,51,19.07,2.81,-0.22,41.6,6347.1,4
Pune,2022-12-26,52,19.97,0.61,-0.179,41.3,6344.1,3
Pune,2023-01-02,1,21.08,0.0,-0.189,40.0,6349.5,6
Pune,2023-01-09,2,21.42,1.61,-0.206,40.1,6354.1,5
Pune,2023-01-16,3,20.82,0.3,-0.193,40.1,6353.2,5
Pune,2023-01-23,4,21.78,0.92,-0.21,40.1,6355.0,2
Pune,2023-01-30,5,22.37,2.17,-0.173,40.2,6358.6,2
Pune,2023-02-06,6,22.87,0.0,-0.178,40.2,6344.9,1
Pune,2023-02-13,7,23.63,0.98,-0.217,40.3,6350.4,2
Pune,2023-02-20,8,25.03,0.0,-0.161,40.4,6349.2,2
Pune,2023-02-27,9,24.71,0.0,-0.201,40.6,6355.7,3
Pune,2023-03-06,10,25.94,4.65,-0.186,40.8,6349.8,4
Pune,2023-03-13,11,25.25,2.04,-0.177,41.0,6359.2,3
Pune,2023-03-20,12,23.43,0.0,-0.182,41.3,6357.8,3
Pune,2023-03-27,13,27.36,0.0,-0.203,41.6,6357.7,4
Pune,2023-04-03,14,27.81,6.21,-0.134,42.0,6358.4,4
Pune,2023-04-10,15,29.58,0.86,-0.14,42.5,6353.0,4
Pune,2023-04-17,16,27.91,4.14,-0.209,43.1,6348.2,4
Pune,2023-04-24,17,28.84,4.74,-0.153,43.7,6349.0,5
Pune,2023-05-01,18,31.94,2.85,-0.158,44.5,6355.6,5
Pune,2023-05-08,19,32.19,8.13,-0.161,45.3,6352.3,7
Pune,2023-05-15,20,29.5,3.03,-0.12,46.2,6341.1,7
Pune,2023-05-22,21,32.96,9.9,-0.159,47.1,6360.1,6
Pune,2023-05-29,22,31.41,6.55,-0.126,48.1,6352.8,8
Pune,2023-06-05,23,30.77,10.25,-0.097,49.1,6355.2,8
Pune,2023-06-12,24,30.12,10.4,-0.161,50.1,6359.1,8
Pune,2023-06-19,25,31.24,11.24,-0.159,51.1,6352.0,10
Pune,2023-06-26,26,28.7,7.65,-0.138,52.0,6363.0,11
Pune,2023-07-03,27,28.67,11.38,-0.093,52.9,6352.1,9
Pune,2023-07-10,28,30.4,15.4,-0.075,53.6,6359.6,10
Pune,2023-07-17,29,31.33,14.97,-0.064,54.2,6351.0,10
Pune,2023-07-24,30,29.78,13.59,-0.108,54.6,6356.4,13
Pune,2023-07-31,31,27.37,15.26,-0.07,54.9,6352.4,11
Pune,2023-08-07,32,29.0,13.29,-0.043,55.0,6355.5,10
Pune,2023-08-14,33,25.59,14.58,-0.043,54.9,6361.0,12
Pune,2023-08-21,34,28.77,11.73,-0.022,54.6,6349.6,12
Pune,2023-08-28,35,25.66,10.14,-0.11,54.2,6356.0,12
Pune,2023-09-04,36,24.78,9.88,-0.122,53.6,6354.6,10
Pune,2023-09-11,37,25.86,4.66,-0.105,52.9,6360.6,12
Pune,2023-09-18,38,22.23,4.48,-0.147,52.0,6355.7,10
Pune,2023-09-25,39,21.92,3.69,-0.172,51.1,6356.5,11
Pune,2023-10-02,40,23.62,4.38,-0.197,50.1,6364.1,9
Pune,2023-10-09,41,21.78,7.14,-0.143,49.1,6351.6,27
Pune,2023-10-16,42,22.12,0.0,-0.185,48.1,6358.5,7
Pune,2023-10-23,43,20.79,2.0,-0.22,47.1,6367.3,8
Pune,2023-10-30,44,19.79,2.65,-0.183,46.2,6354.5,5
Pune,2023-11-06,45,18.4,3.03,-0.156,45.3,6362.6,8
Pune,2023-11-13,46,17.35,2.66,-0.156,44.5,6350.1,5
Pune,2023-11-20,47,19.09,0.49,-0.171,43.7,6366.7,6
Pune,2023-11-27,48,19.6,0.0,-0.176,43.1,6347.3,7
Pune,2023-12-04,49,18.53,0.0,-0.213,42.5,6355.4,4
Pune,2023-12-11,50,19.26,0.0,-0.225,42.0,6367.6,5
Pune,2023-12-18,51,17.79,0.0,-0.176,41.6,6354.4,5
Pune,2023-12-25,52,19.79,0.29,-0.198,41.3,6356.0,5
Kolkata,2019-01-07,2,22.2,0.0,-0.225,40.1,24700.5,3
Kolkata,2019-01-14,3,23.56,0.0,-0.193,40.1,24703.3,3
Kolkata,2019-01-21,4,19.95,0.0,-0.253,40.1,24703.6,3
Kolkata,2019-01-28,5,23.39,0.0,-0.191,40.2,24702.6,3
Kolkata,2019-02-04,6,24.96,0.0,-0.212,40.2,24707.4,4
Kolkata,2019-02-11,7,23.6,3.58,-0.207,40.3,24704.0,3
Kolkata,2019-02-18,8,25.71,4.41,-0.13,40.4,24701.8,4
Kolkata,2019-02-25,9,25.16,0.6,-0.133,40.6,24705.7,2
Kolkata,2019-03-04,10,27.6,2.51,-0.159,40.8,24699.6,3
Kolkata,2019-03-11,11,26.98,0.0,-0.178,41.0,24706.0,3
Kolkata,2019-03-18,12,29.45,0.0,-0.142,41.3,24714.2,4
Kolkata,2019-03-25,13,27.51,2.47,-0.184,41.6,24718.7,3
Kolkata,2019-04-01,14,31.48,2.07,-0.153,42.0,24720.7,5
Kolkata,2019-04-08,15,30.24,5.72,-0.137,42.5,24707.9,5
Kolkata,2019-04-15,16,31.38,5.53,-0.142,43.1,24714.7,4
Kolkata,2019-04-22,17,31.54,6.88,-0.138,43.7,24715.7,6
Kolkata,2019-04-29,18,32.85,6.37,-0.161,44.5,24718.6,8
Kolkata,2019-05-06,19,33.62,13.69,-0.084,45.3,24715.4,8
Kolkata,2019-05-13,20,32.19,9.11,-0.13,46.2,24719.4,9
Kolkata,2019-05-20,21,32.29,11.78,-0.109,47.1,24722.3,9
Kolkata,2019-05-27,22,34.66,13.34,-0.083,48.1,24718.4,8
Kolkata,2019-06-03,23,34.22,19.79,-0.007,49.1,24719.1,10
Kolkata,2019-06-10,24,31.57,16.66,-0.052,50.1,24717.5,10
Kolkata,2019-06-17,25,33.95,18.04,-0.032,51.1,24711.9,10
Kolkata,2019-06-24,26,30.23,18.89,-0.065,52.0,24721.3,10
Kolkata,2019-07-01,27,30.02,30.82,0.039,52.9,24723.9,12
Kolkata,2019-07-08,28,30.86,23.24,0.066,53.6,24732.9,12
Kolkata,2019-07-15,29,30.75,25.95,0.007,54.2,24720.9,13
Kolkata,2019-07-22,30,30.69,28.8,0.056,54.6,24727.4,12
Kolkata,2019-07-29,31,29.9,32.62,0.045,54.9,24740.4,13
Kolkata,2019-08-05,32,31.3,29.83,0.063,55.0,24730.0,15
Kolkata,2019-08-12,33,30.14,34.65,0.127,54.9,24735.1,15
Kolkata,2019-08-19,34,29.31,25.18,0.011,54.6,24733.7,14
Kolkata,2019-08-26,35,26.72,27.08,0.039,54.2,24734.3,17
Kolkata,2019-09-02,36,27.24,10.65,0.005,53.6,24734.8,17
Kolkata,2019-09-09,37,26.87,17.43,-0.072,52.9,24729.9,22
Kolkata,2019-09-16,38,28.17,15.58,0.011,52.0,24737.3,13
Kolkata,2019-09-23,39,25.5,10.93,-0.086,51.1,24744.7,13
Kolkata,2019-09-30,40,25.67,14.05,-0.068,50.1,24728.3,11
Kolkata,2019-10-07,41,21.86,10.65,-0.079,49.1,24732.6,9
Kolkata,2019-10-14,42,20.78,8.93,-0.156,48.1,24745.3,10
Kolkata,2019-10-21,43,23.9,4.12,-0.152,47.1,24739.3,8
Kolkata,2019-10-28,44,20.24,4.42,-0.154,46.2,24736.5,7
Kolkata,2019-11-04,45,19.71,7.56,-0.166,45.3,24738.2,7
Kolkata,2019-11-11,46,20.6,0.0,-0.168,44.5,24747.0,7
Kolkata,2019-11-18,47,21.27,5.22,-0.151,43.7,24745.1,6
Kolkata,2019-11-25,48,20.54,5.4,-0.149,43.1,24751.2,6
Kolkata,2019-12-02,49,20.6,0.0,-0.222,42.5,24740.2,6
Kolkata,2019-12-09,50,21.99,2.83,-0.15,42.0,24741.6,5
Kolkata,2019-12-16,51,20.61,0.42,-0.204,41.6,24751.9,3
Kolkata,2019-12-23,52,20.6,4.37,-0.16,41.3,24741.3,4
Kolkata,2019-12-30,1,22.34,0.09,-0.19,40.0,24750.9,4
Kolkata,2020-01-06,2,21.51,3.14,-0.154,40.1,24750.7,2
Kolkata,2020-01-13,3,21.61,0.0,-0.219,40.1,24760.4,5
Kolkata,2020-01-20,4,24.0,0.0,-0.223,40.1,24749.5,5
Kolkata,2020-01-27,5,23.23,8.74,-0.158,40.2,24756.1,3
Kolkata,2020-02-03,6,23.56,0.0,-0.182,40.2,24742.7,3
Kolkata,2020-02-10,7,25.08,0.0,-0.258,40.3,24754.1,4
Kolkata,2020-02-17,8,26.42,0.0,-0.206,40.4,24752.2,3
Kolkata,2020-02-24,9,26.97,5.29,-0.164,40.6,24756.9,3
Kolkata,2020-03-02,10,26.36,0.65,-0.225,40.8,24753.4,4
Kolkata,2020-03-09,11,25.12,7.87,-0.17,41.0,24753.7,1
Kolkata,2020-03-16,12,28.78,0.0,-0.1,41.3,24756.3,4
Kolkata,2020-03-23,13,29.11,3.3,-0.168,41.6,24763.3,5
Kolkata,2020-03-30,14,30.56,1.7,-0.197,42.0,24757.7,4
Kolkata,2020-04-06,15,29.34,4.69,-0.168,42.5,24763.5,4
Kolkata,2020-04-13,16,30.68,3.11,-0.144,43.1,24760.8,4
Kolkata,2020-04-20,17,32.71,7.2,-0.141,43.7,24761.1,6
Kolkata,2020-04-27,18,31.66,10.53,-0.032,44.5,24763.2,7
Kolkata,2020-05-04,19,32.29,6.38,-0.096,45.3,24759.1,7
Kolkata,2020-05-11,20,32.53,15.32,-0.099,46.2,24763.6,7
Kolkata,2020-05-18,21,32.75,18.0,-0.023,47.1,24766.6,8
Kolkata,2020-05-25,22,33.01,14.61,-0.128,48.1,24771.6,9
Kolkata,2020-06-01,23,35.43,18.17,-0.049,49.1,24770.1,9
Kolkata,2020-06-08,24,33.5,17.08,-0.052,50.1,24771.9,10
Kolkata,2020-06-15,25,33.56,19.23,-0.036,51.1,24773.6,10
Kolkata,2020-06-22,26,31.65,17.86,-0.095,52.0,24777.6,11
Kolkata,2020-06-29,27,34.57,21.25,-0.018,52.9,24771.0,14
Kolkata,2020-07-06,28,30.94,24.82,-0.023,53.6,24782.1,11
Kolkata,2020-07-13,29,31.34,27.37,0.022,54.2,24771.6,13
Kolkata,2020-07-20,30,32.06,27.62,0.059,54.6,24769.0,11
Kolkata,2020-07-27,31,29.42,25.74,0.016,54.9,24777.6,12
Kolkata,2020-08-03,32,30.16,25.3,0.042,55.0,24777.5,13
Kolkata,2020-08-10,33,29.75,21.34,-0.0,54.9,24783.3,12
Kolkata,2020-08-17,34,28.64,26.27,-0.003,54.6,24778.0,16
Kolkata,2020-08-24,35,26.27,22.31,0.019,54.2,24779.4,15
Kolkata,2020-08-31,36,27.36,19.3,0.002,53.6,24783.5,14
Kolkata,2020-09-07,37,25.75,8.64,-0.059,52.9,24789.1,13
Kolkata,2020-09-14,38,26.28,16.3,-0.088,52.0,24779.6,10
Kolkata,2020-09-21,39,25.79,10.21,-0.088,51.1,24789.5,11
Kolkata,2020-09-28,40,23.57,10.29,-0.051,50.1,24785.5,10
Kolkata,2020-10-05,41,23.55,5.17,-0.095,49.1,24797.3,9
Kolkata,2020-10-12,42,22.31,16.85,-0.073,48.1,24781.5,9
Kolkata,2020-10-19,43,24.25,7.22,-0.133,47.1,24794.6,8
Kolkata,2020-10-26,44,22.44,8.58,-0.138,46.2,24791.4,6
Kolkata,2020-11-02,45,20.45,1.36,-0.17,45.3,24785.0,6
Kolkata,2020-11-09,46,21.08,1.02,-0.216,44.5,24789.5,6
Kolkata,2020-11-16,47,21.71,0.0,-0.174,43.7,24794.7,6
Kolkata,2020-11-23,48,19.57,4.12,-0.151,43.1,24787.1,6
Kolkata,2020-11-30,49,18.87,4.31,-0.197,42.5,24802.3,4
Kolkata,2020-12-07,50,20.34,0.0,-0.157,42.0,24798.5,5
Kolkata,2020-12-14,51,22.84,0.0,-0.19,41.6,24794.1,5
Kolkata,2020-12-21,52,21.19,0.0,-0.197,41.3,24798.1,5
Kolkata,2020-12-28,53,20.56,0.0,-0.216,41.0,24799.1,5
Kolkata,2021-01-04,1,21.94,5.16,-0.161,40.0,24800.2,4
Kolkata,2021-01-11,2,20.74,0.0,-0.201,40.1,24796.8,4
Kolkata,2021-01-18,3,22.19,0.0,-0.231,40.1,24810.0,3
Kolkata,2021-01-25,4,23.76,0.0,-0.219,40.1,24803.2,4
Kolkata,2021-02-01,5,23.74,3.71,-0.158,40.2,24799.8,4
Kolkata,2021-02-08,6,22.44,0.0,-0.166,40.2,24802.6,3
Kolkata,2021-02-15,7,26.92,0.12,-0.161,40.3,24803.1,1
Kolkata,2021-02-22,8,25.73,7.07,-0.168,40.4,24800.3,3
Kolkata,2021-03-01,9,27.02,0.0,-0.21,40.6,24824.9,3
Kolkata,2021-03-08,10,25.65,3.26,-0.17,40.8,24798.1,3
Kolkata,2021-03-15,11,27.19,0.0,-0.141,41.0,24810.4,5
Kolkata,2021-03-22,12,26.86,0.0,-0.145,41.3,24810.9,5
Kolkata,2021-03-29,13,27.85,5.56,-0.199,41.6,24810.7,4
Kolkata,2021-04-05,14,29.8,0.77,-0.22,42.0,24815.9,4
Kolkata,2021-04-12,15,31.42,6.77,-0.111,42.5,24815.2,6
Kolkata,2021-04-19,16,30.64,1.72,-0.196,43.1,24810.4,4
Kolkata,2021-04-26,17,32.02,0.16,-0.175,43.7,24824.3,6
Kolkata,2021-05-03,18,31.34,9.71,-0.092,44.5,24813.1,6
Kolkata,2021-05-10,19,29.83,0.91,-0.123,45.3,24817.6,8
Kolkata,2021-05-17,20,33.59,1.21,-0.2,46.2,24810.2,6
Kolkata,2021-05-24,21,30.82,11.44,-0.126,47.1,24810.8,8
Kolkata,2021-05-31,22,33.56,15.45,-0.147,48.1,24825.9,8
Kolkata,2021-06-07,23,33.79,24.94,-0.044,49.1,24816.7,10
Kolkata,2021-06-14,24,32.28,21.77,0.043,50.1,24826.9,10
Kolkata,2021-06-21,25,34.64,20.51,-0.003,51.1,24824.5,11
Kolkata,2021-06-28,26,32.89,21.94,-0.042,52.0,24825.2,11
Kolkata,2021-07-05,27,32.97,12.44,-0.082,52.9,24822.6,11
Kolkata,2021-07-12,28,31.24,21.91,-0.127,53.6,24827.5,13
Kolkata,2021-07-19,29,29.76,28.43,0.029,54.2,24829.5,13
Kolkata,2021-07-26,30,30.6,27.27,0.006,54.6,24834.9,12
Kolkata,2021-08-02,31,31.37,27.01,0.025,54.9,24830.2,13
Kolkata,2021-08-09,32,30.44,34.94,0.042,55.0,24834.5,13
Kolkata,2021-08-16,33,28.88,23.38,0.064,54.9,24827.5,12
Kolkata,2021-08-23,34,26.91,19.0,-0.006,54.6,24823.7,14
Kolkata,2021-08-30,35,29.33,25.13,-0.027,54.2,24830.6,13
Kolkata,2021-09-06,36,27.96,14.26,-0.072,53.6,24827.0,16
Kolkata,2021-09-13,37,25.39,14.89,-0.07,52.9,24842.6,17
Kolkata,2021-09-20,38,24.83,15.75,-0.085,52.0,24833.8,13
Kolkata,2021-09-27,39,26.11,9.47,-0.094,51.1,24833.7,11
Kolkata,2021-10-04,40,23.26,5.9,-0.142,50.1,24835.2,12
Kolkata,2021-10-11,41,23.8,5.57,-0.164,49.1,24830.3,9
Kolkata,2021-10-18,42,21.87,4.81,-0.145,48.1,24836.6,7
Kolkata,2021-10-25,43,22.53,1.86,-0.244,47.1,24840.0,7
Kolkata,2021-11-01,44,23.95,3.41,-0.149,46.2,24837.6,7
Kolkata,2021-11-08,45,22.49,5.76,-0.172,45.3,24843.0,6
Kolkata,2021-11-15,46,22.6,0.0,-0.205,44.5,24836.8,7
Kolkata,2021-11-22,47,20.51,0.0,-0.181,43.7,24850.1,6
Kolkata,2021-11-29,48,21.24,4.15,-0.183,43.1,24837.5,5
Kolkata,2021-12-06,49,19.53,6.17,-0.182,42.5,24844.2,5
Kolkata,2021-12-13,50,19.66,2.24,-0.16,42.0,24841.9,5
Kolkata,2021-12-20,51,21.15,1.77,-0.149,41.6,24838.2,5
Kolkata,2021-12-27,52,19.28,4.57,-0.108,41.3,24856.4,4
Kolkata,2022-01-03,1,22.73,4.52,-0.189,40.0,24843.1,3
Kolkata,2022-01-10,2,24.28,3.81,-0.168,40.1,24850.8,4
Kolkata,2022-01-17,3,21.19,0.0,-0.227,40.1,24851.9,3
Kolkata,2022-01-24,4,22.84,0.0,-0.224,40.1,24854.2,3
Kolkata,2022-01-31,5,25.9,0.0,-0.195,40.2,24857.4,4
Kolkata,2022-02-07,6,23.13,1.49,-0.151,40.2,24854.9,2
Kolkata,2022-02-14,7,25.42,0.78,-0.185,40.3,24858.9,3
Kolkata,2022-02-21,8,25.24,0.0,-0.253,40.4,24851.1,1
Kolkata,2022-02-28,9,26.63,0.0,-0.2,40.6,24851.2,3
Kolkata,2022-03-07,10,26.39,6.14,-0.212,40.8,24854.5,3
Kolkata,2022-03-14,11,27.48,12.71,-0.109,41.0,24847.6,3
Kolkata,2022-03-21,12,28.96,1.34,-0.145,41.3,24853.8,5
Kolkata,2022-03-28,13,29.14,2.0,-0.164,41.6,24862.9,5
Kolkata,2022-04-04,14,29.41,0.02,-0.163,42.0,24857.7,4
Kolkata,2022-04-11,15,30.78,0.0,-0.172,42.5,24861.3,5
Kolkata,2022-04-18,16,30.28,0.0,-0.21,43.1,24859.0,5
Kolkata,2022-04-25,17,31.66,4.15,-0.194,43.7,24855.3,7
Kolkata,2022-05-02,18,32.02,5.47,-0.169,44.5,24865.0,6
Kolkata,2022-05-09,19,32.75,5.16,-0.166,45.3,24875.4,6
Kolkata,2022-05-16,20,33.29,10.48,-0.093,46.2,24874.7,9
Kolkata,2022-05-23,21,30.32,10.43,-0.109,47.1,24869.5,7
Kolkata,2022-05-30,22,33.67,15.36,-0.079,48.1,24869.1,9
Kolkata,2022-06-06,23,33.75,20.29,-0.084,49.1,24868.8,11
Kolkata,2022-06-13,24,34.39,13.79,-0.03,50.1,24859.8,11
Kolkata,2022-06-20,25,33.15,21.29,-0.017,51.1,24870.4,11
Kolkata,2022-06-27,26,33.22,17.49,-0.018,52.0,24874.0,10
Kolkata,2022-07-04,27,33.61,17.36,-0.042,52.9,24873.7,12
Kolkata,2022-07-11,28,32.34,23.51,-0.03,53.6,24875.2,13
Kolkata,2022-07-18,29,30.59,24.86,0.025,54.2,24880.9,23
Kolkata,2022-07-25,30,31.07,32.66,0.054,54.6,24876.6,11
Kolkata,2022-08-01,31,29.98,33.56,0.062,54.9,24877.6,14
Kolkata,2022-08-08,32,30.56,23.32,0.001,55.0,24872.9,12
Kolkata,2022-08-15,33,28.3,22.53,-0.004,54.9,24879.2,12
Kolkata,2022-08-22,34,28.55,24.58,-0.007,54.6,24887.8,15
Kolkata,2022-08-29,35,29.71,29.47,0.009,54.2,24887.2,15
Kolkata,2022-09-05,36,26.89,26.48,0.01,53.6,24878.0,15
Kolkata,2022-09-12,37,24.23,21.06,-0.003,52.9,24888.9,12
Kolkata,2022-09-19,38,26.05,19.57,-0.031,52.0,24874.8,11
Kolkata,2022-09-26,39,24.61,19.61,-0.023,51.1,24891.8,13
Kolkata,2022-10-03,40,24.61,11.08,-0.077,50.1,24889.0,11
Kolkata,2022-10-10,41,23.59,13.94,-0.02,49.1,24892.9,9
Kolkata,2022-10-17,42,24.91,4.77,-0.123,48.1,24896.5,8
Kolkata,2022-10-24,43,23.1,0.0,-0.175,47.1,24886.7,8
Kolkata,2022-10-31,44,22.53,3.72,-0.14,46.2,24879.5,7
Kolkata,2022-11-07,45,23.05,3.67,-0.171,45.3,24886.1,7
Kolkata,2022-11-14,46,19.63,8.06,-0.116,44.5,24880.9,7
Kolkata,2022-11-21,47,21.48,0.0,-0.184,43.7,24893.9,6
Kolkata,2022-11-28,48,23.07,0.0,-0.206,43.1,24893.9,5
Kolkata,2022-12-05,49,21.74,0.0,-0.167,42.5,24894.9,4
Kolkata,2022-12-12,50,21.51,0.0,-0.203,42.0,24902.4,5
Kolkata,2022-12-19,51,22.21,0.0,-0.255,41.6,24900.1,5
Kolkata,2022-12-26,52,25.08,1.63,-0.228,41.3,24894.7,3
Kolkata,2023-01-02,1,19.63,4.48,-0.118,40.0,24897.0,5
Kolkata,2023-01-09,2,23.49,0.0,-0.204,40.1,24901.0,5
Kolkata,2023-01-16,3,23.3,0.0,-0.141,40.1,24903.1,5
Kolkata,2023-01-23,4,20.55,0.0,-0.182,40.1,24904.0,3
Kolkata,2023-01-30,5,22.78,10.22,-0.145,40.2,24903.3,4
Kolkata,2023-02-06,6,24.09,0.0,-0.161,40.2,24907.5,3
Kolkata,2023-02-13,7,23.71,0.0,-0.178,40.3,24908.8,3
Kolkata,2023-02-20,8,26.01,0.0,-0.2,40.4,24899.2,3
Kolkata,2023-02-27,9,26.08,0.0,-0.239,40.6,24911.6,2
Kolkata,2023-03-06,10,26.62,5.55,-0.179,40.8,24909.8,2
Kolkata,2023-03-13,11,26.46,3.22,-0.245,41.0,24900.4,3
Kolkata,2023-03-20,12,27.46,1.63,-0.19,41.3,24907.0,3
Kolkata,2023-03-27,13,28.01,0.0,-0.252,41.6,24907.6,5
Kolkata,2023-04-03,14,27.97,4.03,-0.184,42.0,24910.5,3
Kolkata,2023-04-10,15,29.32,1.13,-0.197,42.5,24911.4,4
Kolkata,2023-04-17,16,31.86,9.98,-0.103,43.1,24907.3,6
Kolkata,2023-04-24,17,31.58,6.56,-0.121,43.7,24922.8,6
Kolkata,2023-05-01,18,31.33,9.55,-0.086,44.5,24920.2,6
Kolkata,2023-05-08,19,31.58,13.42,-0.081,45.3,24922.6,7
Kolkata,2023-05-15,20,31.79,9.34,-0.093,46.2,24913.8,8
Kolkata,2023-05-22,21,30.22,6.62,-0.126,47.1,24916.0,7
Kolkata,2023-05-29,22,32.09,17.82,-0.168,48.1,24918.0,7
Kolkata,2023-06-05,23,32.73,19.15,-0.019,49.1,24915.6,10
Kolkata,2023-06-12,24,30.88,18.54,-0.034,50.1,24918.9,8
Kolkata,2023-06-19,25,32.67,16.13,-0.029,51.1,24926.3,9
Kolkata,2023-06-26,26,32.55,32.76,0.059,52.0,24913.0,10
Kolkata,2023-07-03,27,32.25,27.19,0.105,52.9,24915.2,10
Kolkata,2023-07-10,28,31.76,27.38,0.045,53.6,24929.5,10
Kolkata,2023-07-17,29,29.24,28.93,0.018,54.2,24921.3,12
Kolkata,2023-07-24,30,31.16,24.52,0.009,54.6,24929.3,15
Kolkata,2023-07-31,31,31.01,26.23,0.049,54.9,24926.7,21
Kolkata,2023-08-07,32,27.07,25.14,0.064,55.0,24927.9,19
Kolkata,2023-08-14,33,28.79,26.24,0.032,54.9,24929.1,13
Kolkata,2023-08-21,34,28.68,26.48,-0.015,54.6,24934.2,16
Kolkata,2023-08-28,35,27.42,27.56,0.021,54.2,24927.4,16
Kolkata,2023-09-04,36,27.63,22.32,0.043,53.6,24935.2,15
Kolkata,2023-09-11,37,26.92,15.48,-0.069,52.9,24932.5,15
Kolkata,2023-09-18,38,25.65,10.22,-0.099,52.0,24944.3,14
Kolkata,2023-09-25,39,24.24,5.94,-0.181,51.1,24941.2,11
Kolkata,2023-10-02,40,24.39,5.24,-0.158,50.1,24931.1,14
Kolkata,2023-10-09,41,22.77,7.55,-0.156,49.1,24935.1,13
Kolkata,2023-10-16,42,20.59,8.79,-0.099,48.1,24941.9,8
Kolkata,2023-10-23,43,21.64,5.35,-0.12,47.1,24937.5,9
Kolkata,2023-10-30,44,21.22,3.68,-0.158,46.2,24933.6,6
Kolkata,2023-11-06,45,22.66,8.98,-0.143,45.3,24936.3,6
Kolkata,2023-11-13,46,21.48,4.45,-0.146,44.5,24940.2,6
Kolkata,2023-11-20,47,18.8,6.01,-0.13,43.7,24940.4,6
Kolkata,2023-11-27,48,21.98,1.03,-0.224,43.1,24942.4,6
Kolkata,2023-12-04,49,18.55,5.02,-0.125,42.5,24951.0,5
Kolkata,2023-12-11,50,20.83,2.18,-0.171,42.0,24947.5,5
Kolkata,2023-12-18,51,23.92,2.06,-0.186,41.6,24934.8,4
Kolkata,2023-12-25,52,21.58,4.01,-0.155,41.3,24948.0,4
Lucknow,2019-01-07,2,20.45,1.68,-0.169,40.1,7292.5,3
Lucknow,2019-01-14,3,20.61,0.0,-0.164,40.1,7307.9,3
Lucknow,2019-01-21,4,22.79,3.34,-0.171,40.1,7298.6,3
Lucknow,2019-01-28,5,21.9,0.34,-0.158,40.2,7314.3,3
Lucknow,2019-02-04,6,24.56,0.0,-0.212,40.2,7306.3,3
Lucknow,2019-02-11,7,25.55,2.72,-0.161,40.3,7301.1,3
Lucknow,2019-02-18,8,25.77,0.0,-0.214,40.4,7292.5,3
Lucknow,2019-02-25,9,26.72,2.18,-0.185,40.6,7313.6,3
Lucknow,2019-03-04,10,25.3,0.0,-0.241,40.8,7307.1,3
Lucknow,2019-03-11,11,25.98,0.0,-0.204,41.0,7305.5,4
Lucknow,2019-03-18,12,27.15,2.05,-0.147,41.3,7311.8,3
Lucknow,2019-03-25,13,26.98,1.87,-0.212,41.6,7308.6,5
Lucknow,2019-04-01,14,28.66,0.53,-0.189,42.0,7301.9,5
Lucknow,2019-04-08,15,27.16,2.99,-0.216,42.5,7304.7,3
Lucknow,2019-04-15,16,30.87,5.76,-0.11,43.1,7304.4,6
Lucknow,2019-04-22,17,30.91,0.0,-0.171,43.7,7308.3,7
Lucknow,2019-04-29,18,31.09,2.95,-0.215,44.5,7311.2,6
Lucknow,2019-05-06,19,32.11,5.31,-0.139,45.3,7310.0,6
Lucknow,2019-05-13,20,31.77,4.99,-0.232,46.2,7314.0,18
Lucknow,2019-05-20,21,31.45,3.97,-0.14,47.1,7306.5,8
Lucknow,2019-05-27,22,31.04,6.67,-0.142,48.1,7310.6,8
Lucknow,2019-06-03,23,31.29,8.26,-0.128,49.1,7302.1,9
Lucknow,2019-06-10,24,31.72,11.35,-0.099,50.1,7305.7,9
Lucknow,2019-06-17,25,32.96,16.47,-0.049,51.1,7310.4,10
Lucknow,2019-06-24,26,31.83,14.83,-0.068,52.0,7312.4,9
Lucknow,2019-07-01,27,30.46,16.06,-0.063,52.9,7304.3,10
Lucknow,2019-07-08,28,29.44,12.7,-0.108,53.6,7310.6,12
Lucknow,2019-07-15,29,31.19,16.23,-0.073,54.2,7294.3,11
Lucknow,2019-07-22,30,30.09,17.78,-0.042,54.6,7305.1,11
Lucknow,2019-07-29,31,27.94,17.27,-0.013,54.9,7315.5,10
Lucknow,2019-08-05,32,31.06,16.89,-0.061,55.0,7303.5,11
Lucknow,2019-08-12,33,25.47,14.96,-0.046,54.9,7307.9,11
Lucknow,2019-08-19,34,27.55,17.06,-0.009,54.6,7309.0,13
Lucknow,2019-08-26,35,24.94,11.15,-0.083,54.2,7313.6,10
Lucknow,2019-09-02,36,26.01,10.31,-0.112,53.6,7312.7,10
Lucknow,2019-09-09,37,26.59,6.75,-0.101,52.9,7311.4,11
Lucknow,2019-09-16,38,26.68,9.75,-0.156,52.0,7312.8,11
Lucknow,2019-09-23,39,23.5,5.06,-0.085,51.1,7307.7,10
Lucknow,2019-09-30,40,22.32,3.48,-0.148,50.1,7318.2,9
Lucknow,2019-10-07,41,22.63,6.24,-0.142,49.1,7312.1,9
Lucknow,2019-10-14,42,23.44,2.36,-0.212,48.1,7310.5,11
Lucknow,2019-10-21,43,20.85,1.02,-0.152,47.1,7312.7,7
Lucknow,2019-10-28,44,22.91,0.0,-0.178,46.2,7317.5,7
Lucknow,2019-11-04,45,17.85,5.09,-0.159,45.3,7307.6,8
Lucknow,2019-11-11,46,16.96,1.82,-0.199,44.5,7308.9,7
Lucknow,2019-11-18,47,20.77,1.45,-0.107,43.7,7309.2,7
Lucknow,2019-11-25,48,19.2,0.0,-0.226,43.1,7313.6,7
Lucknow,2019-12-02,49,17.96,6.23,-0.157,42.5,7316.5,6
Lucknow,2019-12-09,50,19.46,0.0,-0.222,42.0,7322.6,5
Lucknow,2019-12-16,51,20.31,2.24,-0.154,41.6,7314.9,4
Lucknow,2019-12-23,52,19.23,0.0,-0.197,41.3,7315.2,4
Lucknow,2019-12-30,1,19.91,0.0,-0.193,40.0,7321.8,3
Lucknow,2020-01-06,2,20.97,2.82,-0.23,40.1,7317.9,5
Lucknow,2020-01-13,3,22.05,4.63,-0.186,40.1,7306.0,4
Lucknow,2020-01-20,4,20.04,0.0,-0.196,40.1,7320.5,3
Lucknow,2020-01-27,5,23.25,5.21,-0.199,40.2,7316.8,4
Lucknow,2020-02-03,6,23.01,0.0,-0.196,40.2,7313.3,3
Lucknow,2020-02-10,7,23.07,0.44,-0.169,40.3,7322.7,3
Lucknow,2020-02-17,8,26.64,0.57,-0.191,40.4,7314.8,2
Lucknow,2020-02-24,9,26.17,0.0,-0.24,40.6,7326.9,4
Lucknow,2020-03-02,10,28.52,0.0,-0.241,40.8,7320.4,3
Lucknow,2020-03-09,11,26.12,0.0,-0.191,41.0,7328.2,3
Lucknow,2020-03-16,12,26.25,0.0,-0.191,41.3,7312.6,4
Lucknow,2020-03-23,13,25.97,2.17,-0.154,41.6,7314.0,6
Lucknow,2020-03-30,14,28.64,2.17,-0.196,42.0,7315.8,4
Lucknow,2020-04-06,15,29.38,0.0,-0.218,42.5,7324.0,6
Lucknow,2020-04-13,16,29.48,0.0,-0.198,43.1,7323.9,5
Lucknow,2020-04-20,17,31.65,0.98,-0.21,43.7,7318.0,4
Lucknow,2020-04-27,18,30.68,5.21,-0.14,44.5,7317.3,4
Lucknow,2020-05-04,19,30.38,5.15,-0.155,45.3,7315.9,6
Lucknow,2020-05-11,20,31.2,2.22,-0.18,46.2,7323.1,7
Lucknow,2020-05-18,21,30.9,12.71,-0.136,47.1,7316.7,8
Lucknow,2020-05-25,22,29.88,8.35,-0.139,48.1,7317.1,7
Lucknow,2020-06-01,23,31.79,7.3,-0.209,49.1,7324.5,7
Lucknow,2020-06-08,24,32.7,12.55,-0.148,50.1,7324.7,9
Lucknow,2020-06-15,25,30.62,11.52,-0.08,51.1,7329.5,11
Lucknow,2020-06-22,26,31.82,16.43,-0.082,52.0,7332.2,8
Lucknow,2020-06-29,27,32.31,13.34,-0.123,52.9,7311.6,10
Lucknow,2020-07-06,28,30.71,17.84,-0.06,53.6,7324.6,12
Lucknow,2020-07-13,29,32.09,13.85,-0.101,54.2,7321.8,10
Lucknow,2020-07-20,30,29.87,14.28,-0.035,54.6,7312.3,10
Lucknow,2020-07-27,31,28.7,21.07,-0.015,54.9,7322.4,12
Lucknow,2020-08-03,32,30.61,14.3,-0.039,55.0,7318.7,13
Lucknow,2020-08-10,33,28.28,15.76,-0.095,54.9,7328.3,11
Lucknow,2020-08-17,34,28.36,13.41,-0.048,54.6,7326.8,14
Lucknow,2020-08-24,35,28.41,13.22,-0.085,54.2,7322.4,9
Lucknow,2020-08-31,36,27.37,17.78,-0.057,53.6,7323.0,11
Lucknow,2020-09-07,37,25.53,9.99,-0.122,52.9,7324.3,11
Lucknow,2020-09-14,38,22.98,6.42,-0.105,52.0,7322.0,9
Lucknow,2020-09-21,39,24.12,11.88,-0.097,51.1,7323.7,10
Lucknow,2020-09-28,40,19.48,9.61,-0.1,50.1,7322.9,8
Lucknow,2020-10-05,41,23.61,11.09,-0.116,49.1,7321.3,8
Lucknow,2020-10-12,42,20.95,1.73,-0.109,48.1,7328.8,8
Lucknow,2020-10-19,43,20.79,3.4,-0.149,47.1,7326.4,8
Lucknow,2020-10-26,44,21.66,0.73,-0.161,46.2,7327.3,7
Lucknow,2020-11-02,45,20.68,1.63,-0.166,45.3,7328.2,6
Lucknow,2020-11-09,46,20.68,2.85,-0.209,44.5,7330.6,6
Lucknow,2020-11-16,47,21.32,0.0,-0.171,43.7,7329.6,6
Lucknow,2020-11-23,48,19.75,0.0,-0.19,43.1,7330.0,4
Lucknow,2020-11-30,49,20.21,0.0,-0.209,42.5,7332.2,5
Lucknow,2020-12-07,50,22.05,3.78,-0.181,42.0,7329.9,6
Lucknow,2020-12-14,51,20.19,0.0,-0.186,41.6,7332.7,4
Lucknow,2020-12-21,52,22.56,0.0,-0.202,41.3,7334.6,6
Lucknow,2020-12-28,53,21.07,0.0,-0.211,41.0,7325.4,3
Lucknow,2021-01-04,1,21.64,0.0,-0.185,40.0,7327.9,3
Lucknow,2021-01-11,2,22.74,0.0,-0.193,40.1,7323.6,3
Lucknow,2021-01-18,3,23.15,0.03,-0.176,40.1,7340.1,4
Lucknow,2021-01-25,4,21.24,0.28,-0.194,40.1,7325.9,3
Lucknow,2021-02-01,5,21.94,1.63,-0.255,40.2,7321.0,4
Lucknow,2021-02-08,6,21.84,5.31,-0.169,40.2,7326.4,2
Lucknow,2021-02-15,7,23.32,1.36,-0.225,40.3,7334.0,2
Lucknow,2021-02-22,8,24.01,1.63,-0.209,40.4,7336.4,3
Lucknow,2021-03-01,9,25.23,0.66,-0.16,40.6,7331.0,3
Lucknow,2021-03-08,10,26.03,1.79,-0.157,40.8,7330.2,2
Lucknow,2021-03-15,11,27.0,2.76,-0.171,41.0,7334.5,4
Lucknow,2021-03-22,12,28.07,3.57,-0.18,41.3,7330.0,3
Lucknow,2021-03-29,13,29.73,2.87,-0.206,41.6,7324.5,3
Lucknow,2021-04-05,14,27.8,1.15,-0.235,42.0,7340.2,5
Lucknow,2021-04-12,15,27.74,5.72,-0.199,42.5,7323.1,4
Lucknow,2021-04-19,16,27.26,0.72,-0.215,43.1,7333.1,5
Lucknow,2021-04-26,17,30.73,5.03,-0.162,43.7,7333.2,5
Lucknow,2021-05-03,18,30.24,0.0,-0.175,44.5,7328.0,6
Lucknow,2021-05-10,19,31.27,6.79,-0.163,45.3,7325.3,5
Lucknow,2021-05-17,20,31.33,5.02,-0.145,46.2,7339.9,6
Lucknow,2021-05-24,21,31.46,3.24,-0.195,47.1,7330.6,5
Lucknow,2021-05-31,22,29.26,13.86,-0.093,48.1,7338.8,8
Lucknow,2021-06-07,23,32.11,9.84,-0.091,49.1,7329.1,9
Lucknow,2021-06-14,24,32.24,15.15,-0.089,50.1,7338.8,8
Lucknow,2021-06-21,25,32.1,12.83,-0.097,51.1,7333.9,10
Lucknow,2021-06-28,26,30.44,19.33,-0.053,52.0,7345.2,10
Lucknow,2021-07-05,27,32.49,15.22,-0.063,52.9,7332.1,9
Lucknow,2021-07-12,28,30.62,18.12,-0.09,53.6,7336.2,11
Lucknow,2021-07-19,29,31.97,20.06,-0.039,54.2,7338.7,10
Lucknow,2021-07-26,30,29.43,15.73,-0.054,54.6,7343.0,11
Lucknow,2021-08-02,31,27.81,20.83,-0.064,54.9,7338.0,12
Lucknow,2021-08-09,32,28.72,16.03,-0.036,55.0,7333.8,12
Lucknow,2021-08-16,33,27.61,13.9,-0.028,54.9,7336.0,12
Lucknow,2021-08-23,34,27.75,12.26,-0.051,54.6,7340.2,10
Lucknow,2021-08-30,35,24.81,12.55,-0.064,54.2,7340.3,11
Lucknow,2021-09-06,36,25.61,14.15,-0.081,53.6,7338.6,9
Lucknow,2021-09-13,37,26.62,9.73,-0.112,52.9,7342.1,9
Lucknow,2021-09-20,38,24.87,6.37,-0.134,52.0,7336.7,11
Lucknow,2021-09-27,39,23.94,11.78,-0.124,51.1,7337.3,9
Lucknow,2021-10-04,40,22.3,5.96,-0.117,50.1,7341.8,8
Lucknow,2021-10-11,41,21.88,2.36,-0.23,49.1,7333.3,9
Lucknow,2021-10-18,42,22.91,6.14,-0.126,48.1,7342.9,7
Lucknow,2021-10-25,43,21.52,5.79,-0.16,47.1,7336.0,7
Lucknow,2021-11-01,44,20.76,2.73,-0.241,46.2,7334.3,6
Lucknow,2021-11-08,45,19.87,3.69,-0.169,45.3,7338.8,8
Lucknow,2021-11-15,46,19.95,2.01,-0.175,44.5,7344.7,6
Lucknow,2021-11-22,47,21.66,0.0,-0.233,43.7,7343.7,6
Lucknow,2021-11-29,48,22.45,0.62,-0.172,43.1,7345.0,6
Lucknow,2021-12-06,49,19.5,2.2,-0.168,42.5,7342.9,6
Lucknow,2021-12-13,50,20.91,2.14,-0.177,42.0,7342.4,3
Lucknow,2021-12-20,51,19.93,4.21,-0.109,41.6,7337.6,6
Lucknow,2021-12-27,52,20.96,2.14,-0.145,41.3,7337.9,5
Lucknow,2022-01-03,1,18.1,0.0,-0.203,40.0,7344.7,4
Lucknow,2022-01-10,2,20.53,0.0,-0.18,40.1,7344.3,2
Lucknow,2022-01-17,3,19.63,0.17,-0.214,40.1,7353.5,4
Lucknow,2022-01-24,4,19.56,0.0,-0.227,40.1,7346.0,3
Lucknow,2022-01-31,5,22.85,0.0,-0.188,40.2,7338.5,4
Lucknow,2022-02-07,6,24.86,1.59,-0.2,40.2,7351.5,4
Lucknow,2022-02-14,7,23.55,0.0,-0.188,40.3,7349.0,3
Lucknow,2022-02-21,8,25.37,0.0,-0.175,40.4,7334.7,3
Lucknow,2022-02-28,9,26.74,0.0,-0.173,40.6,7341.2,2
Lucknow,2022-03-07,10,24.06,2.05,-0.183,40.8,7344.8,3
Lucknow,2022-03-14,11,26.72,0.74,-0.219,41.0,7343.6,4
Lucknow,2022-03-21,12,27.73,1.54,-0.18,41.3,7345.7,3
Lucknow,2022-03-28,13,29.2,0.0,-0.186,41.6,7352.7,4
Lucknow,2022-04-04,14,29.52,1.1,-0.188,42.0,7345.2,4
Lucknow,2022-04-11,15,32.4,0.0,-0.178,42.5,7347.0,4
Lucknow,2022-04-18,16,28.36,2.81,-0.208,43.1,7343.4,6
Lucknow,2022-04-25,17,31.19,0.98,-0.205,43.7,7355.7,3
Lucknow,2022-05-02,18,29.1,2.71,-0.122,44.5,7347.9,5
Lucknow,2022-05-09,19,31.79,8.01,-0.176,45.3,7359.9,7
Lucknow,2022-05-16,20,31.68,1.82,-0.176,46.2,7360.5,8
Lucknow,2022-05-23,21,30.88,4.55,-0.127,47.1,7357.4,6
Lucknow,2022-05-30,22,31.8,3.73,-0.193,48.1,7340.7,9
Lucknow,2022-06-06,23,31.76,9.44,-0.134,49.1,7350.4,9
Lucknow,2022-06-13,24,31.09,11.47,-0.103,50.1,7342.6,10
Lucknow,2022-06-20,25,32.54,17.61,-0.112,51.1,7350.4,8
Lucknow,2022-06-27,26,31.66,13.84,-0.039,52.0,7345.6,9
Lucknow,2022-07-04,27,31.69,13.82,-0.091,52.9,7352.2,10
Lucknow,2022-07-11,28,29.41,11.31,-0.057,53.6,7352.9,11
Lucknow,2022-07-18,29,31.35,18.22,-0.063,54.2,7346.7,12
Lucknow,2022-07-25,30,29.35,16.35,-0.052,54.6,7357.9,13
Lucknow,2022-08-01,31,29.14,18.61,-0.023,54.9,7349.3,11
Lucknow,2022-08-08,32,31.12,18.39,-0.013,55.0,7351.2,12
Lucknow,2022-08-15,33,28.32,14.69,-0.076,54.9,7352.3,14
Lucknow,2022-08-22,34,27.03,17.86,-0.09,54.6,7355.4,12
Lucknow,2022-08-29,35,28.0,13.24,-0.019,54.2,7356.5,12
Lucknow,2022-09-05,36,27.4,17.07,-0.031,53.6,7355.4,12
Lucknow,2022-09-12,37,25.66,15.76,-0.045,52.9,7355.5,11
Lucknow,2022-09-19,38,24.95,13.2,-0.089,52.0,7356.3,11
Lucknow,2022-09-26,39,24.18,6.15,-0.14,51.1,7351.5,11
Lucknow,2022-10-03,40,23.52,7.49,-0.129,50.1,7347.9,12
Lucknow,2022-10-10,41,20.83,2.56,-0.097,49.1,7352.1,9
Lucknow,2022-10-17,42,22.92,3.45,-0.159,48.1,7350.0,10
Lucknow,2022-10-24,43,22.15,0.67,-0.205,47.1,7368.6,7
Lucknow,2022-10-31,44,22.06,6.45,-0.169,46.2,7370.3,7
Lucknow,2022-11-07,45,20.73,0.57,-0.197,45.3,7354.6,7
Lucknow,2022-11-14,46,22.1,0.0,-0.209,44.5,7354.9,7
Lucknow,2022-11-21,47,19.52,2.99,-0.151,43.7,7351.0,6
Lucknow,2022-11-28,48,19.62,1.57,-0.164,43.1,7351.2,6
Lucknow,2022-12-05,49,22.22,0.0,-0.205,42.5,7352.5,5
Lucknow,2022-12-12,50,19.5,0.0,-0.196,42.0,7354.1,4
Lucknow,2022-12-19,51,20.82,0.0,-0.197,41.6,7354.9,4
Lucknow,2022-12-26,52,19.44,0.0,-0.183,41.3,7360.2,5
Lucknow,2023-01-02,1,20.02,0.19,-0.234,40.0,7357.7,4
Lucknow,2023-01-09,2,18.83,0.41,-0.181,40.1,7367.6,4
Lucknow,2023-01-16,3,20.1,0.0,-0.2,40.1,7350.4,4
Lucknow,2023-01-23,4,22.53,1.28,-0.225,40.1,7355.6,2
Lucknow,2023-01-30,5,21.61,0.45,-0.208,40.2,7354.6,3
Lucknow,2023-02-06,6,24.73,0.0,-0.197,40.2,7365.3,4
Lucknow,2023-02-13,7,25.5,0.0,-0.273,40.3,7357.3,3
Lucknow,2023-02-20,8,25.62,4.39,-0.189,40.4,7366.1,3
Lucknow,2023-02-27,9,27.06,0.0,-0.148,40.6,7359.4,2
Lucknow,2023-03-06,10,26.12,4.79,-0.192,40.8,7362.2,4
Lucknow,2023-03-13,11,24.84,0.0,-0.155,41.0,7354.3,4
Lucknow,2023-03-20,12,27.27,0.0,-0.222,41.3,7355.5,4
Lucknow,2023-03-27,13,28.69,0.0,-0.185,41.6,7361.2,5
Lucknow,2023-04-03,14,29.71,0.2,-0.197,42.0,7360.5,4
Lucknow,2023-04-10,15,30.8,0.0,-0.151,42.5,7360.3,5
Lucknow,2023-04-17,16,30.8,2.59,-0.208,43.1,7362.3,5
Lucknow,2023-04-24,17,31.31,3.99,-0.141,43.7,7365.5,5
Lucknow,2023-05-01,18,32.32,4.55,-0.149,44.5,7366.3,6
Lucknow,2023-05-08,19,27.77,2.38,-0.199,45.3,7368.2,7
Lucknow,2023-05-15,20,32.02,4.27,-0.229,46.2,7358.3,7
Lucknow,2023-05-22,21,32.94,7.72,-0.146,47.1,7363.9,8
Lucknow,2023-05-29,22,31.97,9.92,-0.137,48.1,7368.9,7
Lucknow,2023-06-05,23,32.02,7.52,-0.196,49.1,7359.8,8
Lucknow,2023-06-12,24,33.17,6.85,-0.142,50.1,7361.9,8
Lucknow,2023-06-19,25,30.11,11.84,-0.06,51.1,7372.1,9
Lucknow,2023-06-26,26,33.61,14.51,-0.074,52.0,7362.5,10
Lucknow,2023-07-03,27,30.91,21.03,0.002,52.9,7368.7,10
Lucknow,2023-07-10,28,28.66,17.79,-0.041,53.6,7365.7,11
Lucknow,2023-07-17,29,29.37,18.85,0.02,54.2,7369.7,11
Lucknow,2023-07-24,30,29.64,18.8,-0.055,54.6,7369.8,11
Lucknow,2023-07-31,31,29.8,21.63,0.072,54.9,7375.8,12
Lucknow,2023-08-07,32,27.39,16.49,-0.005,55.0,7363.7,11
Lucknow,2023-08-14,33,26.14,18.06,-0.028,54.9,7358.9,11
Lucknow,2023-08-21,34,26.45,12.08,-0.038,54.6,7362.9,13
Lucknow,2023-08-28,35,27.61,17.26,-0.048,54.2,7370.6,15
Lucknow,2023-09-04,36,26.42,9.54,-0.064,53.6,7369.1,16
Lucknow,2023-09-11,37,24.03,6.88,-0.136,52.9,7371.6,10
Lucknow,2023-09-18,38,23.64,12.48,-0.093,52.0,7363.5,9
Lucknow,2023-09-25,39,25.09,3.52,-0.114,51.1,7372.8,10
Lucknow,2023-10-02,40,24.51,4.14,-0.143,50.1,7364.0,10
Lucknow,2023-10-09,41,23.26,7.1,-0.182,49.1,7372.3,7
Lucknow,2023-10-16,42,20.43,1.19,-0.156,48.1,7360.2,5
Lucknow,2023-10-23,43,21.04,1.26,-0.194,47.1,7376.0,8
Lucknow,2023-10-30,44,20.64,3.02,-0.104,46.2,7363.3,6
Lucknow,2023-11-06,45,20.33,1.44,-0.17,45.3,7374.9,8
Lucknow,2023-11-13,46,19.63,0.95,-0.166,44.5,7375.2,5
Lucknow,2023-11-20,47,19.73,0.0,-0.208,43.7,7373.5,6
Lucknow,2023-11-27,48,21.98,2.01,-0.246,43.1,7366.0,4
Lucknow,2023-12-04,49,21.49,3.02,-0.189,42.5,7372.2,5
Lucknow,2023-12-11,50,21.14,1.01,-0.248,42.0,7363.3,5
Lucknow,2023-12-18,51,19.92,0.0,-0.231,41.6,7383.5,4
Lucknow,2023-12-25,52,22.21,3.75,-0.18,41.3,7380.2,2
Guwahati,2019-01-07,2,18.45,4.09,-0.195,40.1,1400.0,4
Guwahati,2019-01-14,3,20.07,0.0,-0.149,40.1,1403.6,3
Guwahati,2019-01-21,4,18.58,6.59,-0.11,40.1,1403.1,3
Guwahati,2019-01-28,5,21.41,4.37,-0.147,40.2,1399.0,3
Guwahati,2019-02-04,6,19.87,2.49,-0.186,40.2,1401.0,3
Guwahati,2019-02-11,7,22.0,0.0,-0.184,40.3,1401.8,1
Guwahati,2019-02-18,8,23.92,4.07,-0.252,40.4,1401.7,2
Guwahati,2019-02-25,9,26.65,0.16,-0.208,40.6,1395.3,3
Guwahati,2019-03-04,10,24.16,0.0,-0.2,40.8,1400.2,5
Guwahati,2019-03-11,11,25.66,0.0,-0.205,41.0,1399.6,2
Guwahati,2019-03-18,12,24.82,8.01,-0.152,41.3,1395.0,4
Guwahati,2019-03-25,13,24.25,0.0,-0.135,41.6,1402.4,4
Guwahati,2019-04-01,14,24.7,1.65,-0.174,42.0,1406.8,5
Guwahati,2019-04-08,15,28.53,4.32,-0.224,42.5,1404.1,3
Guwahati,2019-04-15,16,28.75,6.38,-0.169,43.1,1403.2,4
Guwahati,2019-04-22,17,28.39,5.39,-0.152,43.7,1398.7,4
Guwahati,2019-04-29,18,31.1,4.68,-0.071,44.5,1399.1,4
Guwahati,2019-05-06,19,28.98,11.73,-0.113,45.3,1392.0,5
Guwahati,2019-05-13,20,28.77,13.21,-0.092,46.2,1405.1,6
Guwahati,2019-05-20,21,31.21,9.33,-0.083,47.1,1388.7,7
Guwahati,2019-05-27,22,32.72,17.52,-0.039,48.1,1403.6,8
Guwahati,2019-06-03,23,28.34,13.16,-0.046,49.1,1407.1,8
Guwahati,2019-06-10,24,28.07,14.62,-0.065,50.1,1400.8,7
Guwahati,2019-06-17,25,29.68,30.14,0.028,51.1,1406.2,9
Guwahati,2019-06-24,26,30.78,28.45,0.08,52.0,1403.3,10
Guwahati,2019-07-01,27,26.72,28.69,-0.015,52.9,1398.4,32
Guwahati,2019-07-08,28,29.6,26.12,0.031,53.6,1403.1,8
Guwahati,2019-07-15,29,29.05,26.03,0.055,54.2,1404.0,10
Guwahati,2019-07-22,30,26.21,30.31,0.07,54.6,1403.2,15
Guwahati,2019-07-29,31,28.21,27.51,0.024,54.9,1397.6,16
Guwahati,2019-08-05,32,27.48,25.85,0.022,55.0,1396.6,11
Guwahati,2019-08-12,33,24.93,30.21,0.076,54.9,1408.6,16
Guwahati,2019-08-19,34,26.03,27.21,0.061,54.6,1407.4,17
Guwahati,2019-08-26,35,25.51,22.15,0.02,54.2,1405.8,14
Guwahati,2019-09-02,36,24.44,27.35,0.015,53.6,1402.7,12
Guwahati,2019-09-09,37,22.51,20.56,0.033,52.9,1395.8,16
Guwahati,2019-09-16,38,21.74,14.08,-0.073,52.0,1403.8,14
Guwahati,2019-09-23,39,19.85,23.61,-0.043,51.1,1395.4,14
Guwahati,2019-09-30,40,21.55,6.57,-0.147,50.1,1398.1,11
Guwahati,2019-10-07,41,20.73,11.51,-0.165,49.1,1398.2,10
Guwahati,2019-10-14,42,19.1,8.19,-0.151,48.1,1404.0,9
Guwahati,2019-10-21,43,18.07,5.56,-0.128,47.1,1398.9,7
Guwahati,2019-10-28,44,17.43,3.91,-0.169,46.2,1391.4,7
Guwahati,2019-11-04,45,17.61,0.0,-0.176,45.3,1398.8,7
Guwahati,2019-11-11,46,17.87,4.37,-0.199,44.5,1403.3,6
Guwahati,2019-11-18,47,15.7,4.01,-0.16,43.7,1400.3,7
Guwahati,2019-11-25,48,18.24,6.48,-0.114,43.1,1401.7,5
Guwahati,2019-12-02,49,17.45,9.02,-0.093,42.5,1400.2,5
Guwahati,2019-12-09,50,18.71,2.57,-0.149,42.0,1404.8,5
Guwahati,2019-12-16,51,18.51,0.0,-0.201,41.6,1398.6,5
Guwahati,2019-12-23,52,19.98,0.0,-0.184,41.3,1402.0,4
Guwahati,2019-12-30,1,15.82,3.74,-0.153,40.0,1407.5,3
Guwahati,2020-01-06,2,18.54,0.0,-0.234,40.1,1395.1,4
Guwahati,2020-01-13,3,20.14,4.89,-0.188,40.1,1408.5,4
Guwahati,2020-01-20,4,19.86,0.02,-0.203,40.1,1403.8,4
Guwahati,2020-01-27,5,22.16,0.0,-0.162,40.2,1400.4,4
Guwahati,2020-02-03,6,19.35,0.0,-0.182,40.2,1399.4,4
Guwahati,2020-02-10,7,21.85,0.0,-0.193,40.3,1401.6,4
Guwahati,2020-02-17,8,20.7,0.0,-0.177,40.4,1399.6,2
Guwahati,2020-02-24,9,22.41,0.0,-0.178,40.6,1406.1,3
Guwahati,2020-03-02,10,24.5,5.89,-0.216,40.8,1404.6,4
Guwahati,2020-03-09,11,24.78,1.9,-0.139,41.0,1400.7,4
Guwahati,2020-03-16,12,24.8,0.27,-0.182,41.3,1404.1,3
Guwahati,2020-03-23,13,25.79,6.18,-0.204,41.6,1401.5,2
Guwahati,2020-03-30,14,28.72,4.52,-0.152,42.0,1404.7,3
Guwahati,2020-04-06,15,28.76,3.85,-0.133,42.5,1408.7,4
Guwahati,2020-04-13,16,27.6,0.0,-0.175,43.1,1405.1,4
Guwahati,2020-04-20,17,28.25,3.19,-0.192,43.7,1400.1,4
Guwahati,2020-04-27,18,31.0,9.92,-0.094,44.5,1408.7,5
Guwahati,2020-05-04,19,30.17,13.58,-0.082,45.3,1404.9,7
Guwahati,2020-05-11,20,29.28,8.47,-0.07,46.2,1401.2,5
Guwahati,2020-05-18,21,30.64,8.57,-0.104,47.1,1406.1,6
Guwahati,2020-05-25,22,30.82,15.52,-0.065,48.1,1404.8,8
Guwahati,2020-06-01,23,31.17,20.3,-0.016,49.1,1399.1,9
Guwahati,2020-06-08,24,31.41,31.22,0.06,50.1,1403.8,7
Guwahati,2020-06-15,25,28.37,15.77,-0.032,51.1,1402.8,8
Guwahati,2020-06-22,26,29.37,23.98,-0.007,52.0,1410.5,10
Guwahati,2020-06-29,27,30.04,23.57,-0.014,52.9,1399.0,10
Guwahati,2020-07-06,28,28.52,18.51,-0.005,53.6,1406.2,13
Guwahati,2020-07-13,29,28.82,30.71,0.067,54.2,1406.2,12
Guwahati,2020-07-20,30,27.6,22.21,0.011,54.6,1415.1,10
Guwahati,2020-07-27,31,25.81,36.54,0.071,54.9,1409.3,10
Guwahati,2020-08-03,32,27.06,27.23,0.107,55.0,1404.6,11
Guwahati,2020-08-10,33,27.31,26.45,0.107,54.9,1400.3,15
Guwahati,2020-08-17,34,24.68,27.74,0.028,54.6,1404.3,14
Guwahati,2020-08-24,35,26.87,18.46,0.006,54.2,1407.5,13
Guwahati,2020-08-31,36,25.53,19.27,0.01,53.6,1411.2,17
Guwahati,2020-09-07,37,23.13,22.46,0.037,52.9,1399.9,20
Guwahati,2020-09-14,38,21.56,14.14,-0.031,52.0,1396.1,15
Guwahati,2020-09-21,39,21.73,4.53,-0.139,51.1,1400.3,11
Guwahati,2020-09-28,40,21.6,7.8,-0.119,50.1,1408.7,9
Guwahati,2020-10-05,41,17.13,9.24,-0.109,49.1,1415.4,10
Guwahati,2020-10-12,42,18.09,8.57,-0.138,48.1,1404.2,31
Guwahati,2020-10-19,43,20.2,2.23,-0.158,47.1,1413.0,6
Guwahati,2020-10-26,44,20.32,8.88,-0.157,46.2,1406.5,6
Guwahati,2020-11-02,45,18.39,8.03,-0.104,45.3,1403.7,6
Guwahati,2020-11-09,46,17.45,5.24,-0.19,44.5,1397.8,7
Guwahati,2020-11-16,47,18.54,3.04,-0.148,43.7,1408.1,5
Guwahati,2020-11-23,48,17.64,0.0,-0.25,43.1,1404.5,7
Guwahati,2020-11-30,49,17.68,3.64,-0.21,42.5,1401.9,4
Guwahati,2020-12-07,50,17.19,0.0,-0.176,42.0,1406.4,6
Guwahati,2020-12-14,51,19.47,4.16,-0.167,41.6,1407.3,4
Guwahati,2020-12-21,52,16.84,2.08,-0.121,41.3,1398.9,5
Guwahati,2020-12-28,53,18.88,0.0,-0.202,41.0,1400.3,4
Guwahati,2021-01-04,1,16.88,0.0,-0.213,40.0,1405.2,2
Guwahati,2021-01-11,2,18.63,0.25,-0.182,40.1,1412.2,2
Guwahati,2021-01-18,3,18.86,0.0,-0.174,40.1,1404.8,2
Guwahati,2021-01-25,4,19.53,0.0,-0.19,40.1,1399.6,2
Guwahati,2021-02-01,5,22.46,5.3,-0.165,40.2,1405.1,0
Guwahati,2021-02-08,6,23.48,0.0,-0.168,40.2,1404.0,3
Guwahati,2021-02-15,7,22.17,2.37,-0.185,40.3,1401.3,3
Guwahati,2021-02-22,8,21.36,0.0,-0.194,40.4,1404.8,4
Guwahati,2021-03-01,9,24.57,0.0,-0.191,40.6,1404.0,2
Guwahati,2021-03-08,10,26.08,9.04,-0.129,40.8,1412.0,4
Guwahati,2021-03-15,11,25.18,3.12,-0.173,41.0,1403.1,2
Guwahati,2021-03-22,12,26.32,7.68,-0.12,41.3,1412.0,3
Guwahati,2021-03-29,13,26.88,0.0,-0.181,41.6,1403.9,2
Guwahati,2021-04-05,14,27.52,3.43,-0.159,42.0,1404.3,4
Guwahati,2021-04-12,15,28.94,3.98,-0.139,42.5,1409.3,4
Guwahati,2021-04-19,16,30.13,12.23,-0.166,43.1,1412.4,5
Guwahati,2021-04-26,17,28.83,5.82,-0.115,43.7,1402.9,5
Guwahati,2021-05-03,18,29.56,10.29,-0.132,44.5,1408.6,6
Guwahati,2021-05-10,19,29.69,0.0,-0.149,45.3,1403.5,6
Guwahati,2021-05-17,20,30.2,20.32,-0.072,46.2,1399.5,7
Guwahati,2021-05-24,21,31.5,22.29,-0.031,47.1,1416.3,7
Guwahati,2021-05-31,22,31.24,17.23,-0.031,48.1,1412.2,7
Guwahati,2021-06-07,23,30.17,16.32,-0.083,49.1,1399.2,9
Guwahati,2021-06-14,24,29.86,19.97,-0.052,50.1,1402.5,8
Guwahati,2021-06-21,25,29.54,27.78,0.003,51.1,1399.1,9
Guwahati,2021-06-28,26,28.01,32.57,0.042,52.0,1402.3,10
Guwahati,2021-07-05,27,28.69,32.55,0.069,52.9,1418.7,11
Guwahati,2021-07-12,28,26.22,22.93,0.024,53.6,1402.3,11
Guwahati,2021-07-19,29,30.5,31.56,0.084,54.2,1406.6,10
Guwahati,2021-07-26,30,28.77,36.75,0.135,54.6,1402.9,12
Guwahati,2021-08-02,31,29.51,33.73,0.061,54.9,1401.5,15
Guwahati,2021-08-09,32,24.66,32.46,0.121,55.0,1404.0,14
Guwahati,2021-08-16,33,26.65,26.87,-0.027,54.9,1411.9,16
Guwahati,2021-08-23,34,26.16,25.06,-0.001,54.6,1404.9,22
Guwahati,2021-08-30,35,23.69,21.48,0.033,54.2,1415.5,18
Guwahati,2021-09-06,36,23.35,20.23,-0.023,53.6,1400.3,18
Guwahati,2021-09-13,37,24.05,14.24,-0.095,52.9,1412.2,15
Guwahati,2021-09-20,38,21.13,19.56,-0.042,52.0,1411.1,11
Guwahati,2021-09-27,39,21.56,14.3,-0.014,51.1,1404.2,10
Guwahati,2021-10-04,40,20.29,3.36,-0.167,50.1,1402.6,10
Guwahati,2021-10-11,41,18.77,9.89,-0.141,49.1,1392.6,9
Guwahati,2021-10-18,42,18.55,6.75,-0.06,48.1,1404.7,8
Guwahati,2021-10-25,43,19.1,6.64,-0.193,47.1,1423.8,8
Guwahati,2021-11-01,44,19.72,8.2,-0.104,46.2,1422.4,8
Guwahati,2021-11-08,45,19.42,0.0,-0.167,45.3,1407.1,6
Guwahati,2021-11-15,46,20.63,0.0,-0.241,44.5,1410.1,6
Guwahati,2021-11-22,47,20.58,2.25,-0.131,43.7,1411.0,5
Guwahati,2021-11-29,48,15.67,0.2,-0.167,43.1,1401.3,5
Guwahati,2021-12-06,49,17.69,0.46,-0.2,42.5,1404.7,5
Guwahati,2021-12-13,50,17.13,0.0,-0.171,42.0,1421.4,5
Guwahati,2021-12-20,51,20.0,0.0,-0.162,41.6,1418.3,4
Guwahati,2021-12-27,52,18.51,6.41,-0.184,41.3,1410.1,4
Guwahati,2022-01-03,1,20.89,1.54,-0.118,40.0,1401.1,4
Guwahati,2022-01-10,2,20.21,0.0,-0.164,40.1,1400.4,4
Guwahati,2022-01-17,3,18.15,4.3,-0.24,40.1,1405.6,4
Guwahati,2022-01-24,4,19.31,0.0,-0.181,40.1,1402.0,4
Guwahati,2022-01-31,5,18.83,0.68,-0.204,40.2,1413.4,4
Guwahati,2022-02-07,6,20.76,0.0,-0.139,40.2,1410.5,2
Guwahati,2022-02-14,7,20.75,0.24,-0.202,40.3,1411.3,4
Guwahati,2022-02-21,8,23.04,2.15,-0.215,40.4,1406.9,3
Guwahati,2022-02-28,9,23.9,1.63,-0.177,40.6,1402.2,3
Guwahati,2022-03-07,10,26.02,5.8,-0.233,40.8,1403.3,4
Guwahati,2022-03-14,11,23.97,4.0,-0.154,41.0,1410.7,5
Guwahati,2022-03-21,12,25.25,0.0,-0.139,41.3,1407.6,3
Guwahati,2022-03-28,13,25.02,5.12,-0.138,41.6,1413.9,4
Guwahati,2022-04-04,14,26.12,0.0,-0.155,42.0,1407.7,4
Guwahati,2022-04-11,15,27.75,0.13,-0.186,42.5,1409.3,3
Guwahati,2022-04-18,16,26.64,12.45,-0.11,43.1,1401.1,4
Guwahati,2022-04-25,17,29.72,0.56,-0.178,43.7,1410.5,5
Guwahati,2022-05-02,18,29.69,5.9,-0.185,44.5,1406.6,5
Guwahati,2022-05-09,19,31.37,9.19,-0.105,45.3,1410.7,6
Guwahati,2022-05-16,20,29.66,5.08,-0.141,46.2,1416.9,6
Guwahati,2022-05-23,21,29.37,8.98,-0.108,47.1,1404.4,7
Guwahati,2022-05-30,22,28.51,13.67,-0.072,48.1,1408.7,8
Guwahati,2022-06-06,23,29.63,14.81,-0.103,49.1,1413.7,8
Guwahati,2022-06-13,24,31.1,28.97,0.019,50.1,1408.8,8
Guwahati,2022-06-20,25,29.16,20.15,0.033,51.1,1408.9,8
Guwahati,2022-06-27,26,27.6,33.68,0.063,52.0,1408.6,10
Guwahati,2022-07-04,27,27.5,33.79,0.113,52.9,1412.2,9
Guwahati,2022-07-11,28,28.98,33.63,0.13,53.6,1409.3,12
Guwahati,2022-07-18,29,29.27,27.16,0.048,54.2,1407.3,14
Guwahati,2022-07-25,30,27.33,29.55,0.081,54.6,1403.3,14
Guwahati,2022-08-01,31,26.83,39.27,0.17,54.9,1413.6,20
Guwahati,2022-08-08,32,25.78,38.99,0.186,55.0,1411.5,23
Guwahati,2022-08-15,33,24.96,25.09,0.1,54.9,1405.0,20
Guwahati,2022-08-22,34,25.15,31.7,0.077,54.6,1411.4,15
Guwahati,2022-08-29,35,24.95,22.24,0.005,54.2,1406.0,21
Guwahati,2022-09-05,36,23.25,26.62,0.042,53.6,1410.7,30
Guwahati,2022-09-12,37,24.97,19.67,-0.025,52.9,1411.9,23
Guwahati,2022-09-19,38,21.41,16.91,-0.041,52.0,1405.6,19
Guwahati,2022-09-26,39,22.93,20.01,-0.063,51.1,1412.0,12
Guwahati,2022-10-03,40,22.79,12.09,-0.068,50.1,1402.6,10
Guwahati,2022-10-10,41,17.49,3.41,-0.156,49.1,1404.8,10
Guwahati,2022-10-17,42,18.62,2.87,-0.171,48.1,1410.0,8
Guwahati,2022-10-24,43,20.06,9.88,-0.137,47.1,1415.6,7
Guwahati,2022-10-31,44,18.72,0.0,-0.2,46.2,1405.2,6
Guwahati,2022-11-07,45,20.2,3.92,-0.212,45.3,1401.3,6
Guwahati,2022-11-14,46,19.89,8.67,-0.179,44.5,1412.0,6
Guwahati,2022-11-21,47,16.76,2.26,-0.173,43.7,1416.6,6
Guwahati,2022-11-28,48,18.51,3.44,-0.193,43.1,1411.1,4
Guwahati,2022-12-05,49,18.05,0.0,-0.191,42.5,1406.2,3
Guwahati,2022-12-12,50,16.46,0.0,-0.222,42.0,1410.4,5
Guwahati,2022-12-19,51,17.7,0.0,-0.13,41.6,1412.9,5
Guwahati,2022-12-26,52,15.35,2.77,-0.169,41.3,1420.2,5
Guwahati,2023-01-02,1,19.9,0.0,-0.207,40.0,1407.0,2
Guwahati,2023-01-09,2,18.67,0.0,-0.234,40.1,1414.3,5
Guwahati,2023-01-16,3,18.62,0.0,-0.195,40.1,1405.8,4
Guwahati,2023-01-23,4,19.8,5.32,-0.226,40.1,1409.0,3
Guwahati,2023-01-30,5,19.96,0.0,-0.184,40.2,1409.8,3
Guwahati,2023-02-06,6,22.2,0.0,-0.257,40.2,1420.2,3
Guwahati,2023-02-13,7,20.16,0.0,-0.215,40.3,1416.1,4
Guwahati,2023-02-20,8,22.57,5.75,-0.169,40.4,1411.1,4
Guwahati,2023-02-27,9,24.44,0.0,-0.192,40.6,1408.7,2
Guwahati,2023-03-06,10,23.74,0.0,-0.229,40.8,1408.6,3
Guwahati,2023-03-13,11,24.63,0.0,-0.232,41.0,1409.7,2
Guwahati,2023-03-20,12,24.1,7.16,-0.113,41.3,1422.3,4
Guwahati,2023-03-27,13,26.76,1.11,-0.189,41.6,1407.1,5
Guwahati,2023-04-03,14,28.03,9.44,-0.16,42.0,1409.7,2
Guwahati,2023-04-10,15,28.39,0.0,-0.162,42.5,1407.5,5
Guwahati,2023-04-17,16,25.25,13.39,-0.097,43.1,1417.3,4
Guwahati,2023-04-24,17,27.19,4.21,-0.188,43.7,1423.8,6
Guwahati,2023-05-01,18,29.8,9.33,-0.095,44.5,1403.8,4
Guwahati,2023-05-08,19,28.27,9.73,-0.152,45.3,1412.9,6
Guwahati,2023-05-15,20,31.24,13.07,-0.09,46.2,1418.1,7
Guwahati,2023-05-22,21,27.34,15.39,-0.073,47.1,1419.0,6
Guwahati,2023-05-29,22,31.07,18.58,0.004,48.1,1414.8,7
Guwahati,2023-06-05,23,29.17,15.65,-0.026,49.1,1414.0,6
Guwahati,2023-06-12,24,28.83,22.2,-0.018,50.1,1410.7,9
Guwahati,2023-06-19,25,32.66,24.27,-0.052,51.1,1418.1,7
Guwahati,2023-06-26,26,30.8,20.3,-0.019,52.0,1417.1,8
Guwahati,2023-07-03,27,28.86,32.09,0.037,52.9,1408.0,9
Guwahati,2023-07-10,28,29.05,21.82,0.044,53.6,1407.5,8
Guwahati,2023-07-17,29,26.54,27.83,0.009,54.2,1406.0,10
Guwahati,2023-07-24,30,27.2,19.67,0.034,54.6,1413.9,13
Guwahati,2023-07-31,31,28.46,24.02,-0.049,54.9,1414.3,13
Guwahati,2023-08-07,32,26.17,23.12,0.011,55.0,1411.1,13
Guwahati,2023-08-14,33,25.19,22.56,0.016,54.9,1418.6,12
Guwahati,2023-08-21,34,26.99,23.8,0.034,54.6,1415.9,13
Guwahati,2023-08-28,35,25.91,29.64,0.031,54.2,1419.5,12
Guwahati,2023-09-04,36,25.08,17.15,-0.029,53.6,1411.7,10
Guwahati,2023-09-11,37,23.5,13.4,-0.034,52.9,1415.9,11
Guwahati,2023-09-18,38,22.08,16.78,-0.053,52.0,1424.1,12
Guwahati,2023-09-25,39,21.58,3.97,-0.097,51.1,1405.9,12
Guwahati,2023-10-02,40,21.51,10.29,-0.13,50.1,1412.4,12
Guwahati,2023-10-09,41,21.24,16.34,-0.1,49.1,1417.6,8
Guwahati,2023-10-16,42,17.92,12.68,-0.007,48.1,1413.2,7
Guwahati,2023-10-23,43,20.97,10.39,-0.105,47.1,1411.5,7
Guwahati,2023-10-30,44,19.61,5.63,-0.191,46.2,1408.7,6
Guwahati,2023-11-06,45,19.34,0.0,-0.172,45.3,1420.3,7
Guwahati,2023-11-13,46,17.61,1.97,-0.234,44.5,1416.8,7
Guwahati,2023-11-20,47,18.77,3.31,-0.171,43.7,1407.5,7
Guwahati,2023-11-27,48,18.64,0.0,-0.201,43.1,1416.8,5
Guwahati,2023-12-04,49,18.71,0.0,-0.201,42.5,1413.2,5
Guwahati,2023-12-11,50,17.68,15.34,-0.12,42.0,1418.7,5
Guwahati,2023-12-18,51,19.29,10.72,-0.113,41.6,1403.3,5
Guwahati,2023-12-25,52,17.36,0.0,-0.097,41.3,1420.4,4
Bhubaneswar,2019-01-07,2,21.47,0.0,-0.203,40.1,2094.7,4
Bhubaneswar,2019-01-14,3,22.58,0.0,-0.228,40.1,2101.5,3
Bhubaneswar,2019-01-21,4,23.9,0.75,-0.183,40.1,2097.1,3
Bhubaneswar,2019-01-28,5,23.05,2.42,-0.189,40.2,2095.0,3
Bhubaneswar,2019-02-04,6,27.07,0.0,-0.194,40.2,2092.8,2
Bhubaneswar,2019-02-11,7,24.84,4.48,-0.142,40.3,2097.3,4
Bhubaneswar,2019-02-18,8,25.76,0.0,-0.194,40.4,2100.9,3
Bhubaneswar,2019-02-25,9,25.47,2.66,-0.163,40.6,2098.6,2
Bhubaneswar,2019-03-04,10,29.46,0.0,-0.179,40.8,2106.9,3
Bhubaneswar,2019-03-11,11,29.28,0.75,-0.16,41.0,2100.9,5
Bhubaneswar,2019-03-18,12,30.04,0.0,-0.202,41.3,2096.9,4
Bhubaneswar,2019-03-25,13,29.31,2.79,-0.243,41.6,2106.9,4
Bhubaneswar,2019-04-01,14,29.83,0.0,-0.146,42.0,2105.3,6
Bhubaneswar,2019-04-08,15,29.1,2.52,-0.116,42.5,2096.5,7
Bhubaneswar,2019-04-15,16,30.95,6.0,-0.132,43.1,2099.6,6
Bhubaneswar,2019-04-22,17,31.32,3.66,-0.22,43.7,2100.0,6
Bhubaneswar,2019-04-29,18,31.47,6.1,-0.127,44.5,2103.8,8
Bhubaneswar,2019-05-06,19,31.57,2.61,-0.133,45.3,2098.9,6
Bhubaneswar,2019-05-13,20,32.88,15.67,-0.1,46.2,2097.9,8
Bhubaneswar,2019-05-20,21,32.59,12.45,-0.056,47.1,2105.9,10
Bhubaneswar,2019-05-27,22,30.69,14.9,-0.063,48.1,2102.0,9
Bhubaneswar,2019-06-03,23,31.98,13.44,-0.066,49.1,2095.2,7
Bhubaneswar,2019-06-10,24,33.05,9.22,-0.094,50.1,2102.5,10
Bhubaneswar,2019-06-17,25,32.13,23.49,-0.064,51.1,2099.1,10
Bhubaneswar,2019-06-24,26,34.53,20.4,-0.031,52.0,2110.3,10
Bhubaneswar,2019-07-01,27,31.84,25.99,0.02,52.9,2106.2,11
Bhubaneswar,2019-07-08,28,32.53,25.21,0.021,53.6,2099.0,10
Bhubaneswar,2019-07-15,29,30.74,20.51,-0.051,54.2,2104.9,12
Bhubaneswar,2019-07-22,30,32.53,28.1,0.022,54.6,2102.7,12
Bhubaneswar,2019-07-29,31,32.15,23.94,0.017,54.9,2096.6,12
Bhubaneswar,2019-08-05,32,30.33,24.92,-0.042,55.0,2101.9,13
Bhubaneswar,2019-08-12,33,29.14,28.16,0.035,54.9,2106.4,12
Bhubaneswar,2019-08-19,34,25.81,14.38,-0.038,54.6,2103.6,15
Bhubaneswar,2019-08-26,35,27.89,19.17,0.028,54.2,2095.3,14
Bhubaneswar,2019-09-02,36,27.64,10.71,-0.102,53.6,2096.8,13
Bhubaneswar,2019-09-09,37,22.03,10.13,-0.154,52.9,2097.2,13
Bhubaneswar,2019-09-16,38,24.41,20.17,0.003,52.0,2112.4,13
Bhubaneswar,2019-09-23,39,24.87,1.93,-0.129,51.1,2095.6,12
Bhubaneswar,2019-09-30,40,25.22,1.67,-0.206,50.1,2114.7,12
Bhubaneswar,2019-10-07,41,21.32,4.76,-0.161,49.1,2100.1,9
Bhubaneswar,2019-10-14,42,21.24,9.7,-0.116,48.1,2109.1,7
Bhubaneswar,2019-10-21,43,21.22,11.55,-0.107,47.1,2105.2,7
Bhubaneswar,2019-10-28,44,22.95,5.0,-0.113,46.2,2107.8,6
Bhubaneswar,2019-11-04,45,21.82,2.39,-0.15,45.3,2089.5,7
Bhubaneswar,2019-11-11,46,22.69,2.65,-0.139,44.5,2099.8,5
Bhubaneswar,2019-11-18,47,22.83,4.09,-0.133,43.7,2097.5,6
Bhubaneswar,2019-11-25,48,20.6,3.58,-0.155,43.1,2103.9,5
Bhubaneswar,2019-12-02,49,22.53,3.01,-0.154,42.5,2109.2,5
Bhubaneswar,2019-12-09,50,21.13,0.0,-0.197,42.0,2094.9,4
Bhubaneswar,2019-12-16,51,20.22,0.0,-0.245,41.6,2102.5,6
Bhubaneswar,2019-12-23,52,19.15,0.0,-0.189,41.3,2105.1,5
Bhubaneswar,2019-12-30,1,22.62,1.19,-0.212,40.0,2100.1,4
Bhubaneswar,2020-01-06,2,23.26,2.58,-0.208,40.1,2106.7,4
Bhubaneswar,2020-01-13,3,21.26,0.0,-0.171,40.1,2101.0,2
Bhubaneswar,2020-01-20,4,24.64,5.9,-0.168,40.1,2103.6,2
Bhubaneswar,2020-01-27,5,24.06,0.0,-0.167,40.2,2106.6,3
Bhubaneswar,2020-02-03,6,24.78,1.56,-0.216,40.2,2107.3,2
Bhubaneswar,2020-02-10,7,24.19,0.0,-0.158,40.3,2108.8,3
Bhubaneswar,2020-02-17,8,24.46,7.67,-0.183,40.4,2098.9,2
Bhubaneswar,2020-02-24,9,26.55,3.34,-0.162,40.6,2105.1,3
Bhubaneswar,2020-03-02,10,27.14,1.74,-0.124,40.8,2109.8,5
Bhubaneswar,2020-03-09,11,26.46,0.0,-0.212,41.0,2105.2,3
Bhubaneswar,2020-03-16,12,29.56,0.72,-0.186,41.3,2109.4,3
Bhubaneswar,2020-03-23,13,29.81,1.11,-0.183,41.6,2115.6,19
Bhubaneswar,2020-03-30,14,28.83,0.0,-0.222,42.0,2091.1,4
Bhubaneswar,2020-04-06,15,29.47,0.76,-0.223,42.5,2095.1,6
Bhubaneswar,2020-04-13,16,30.19,5.82,-0.188,43.1,2103.7,4
Bhubaneswar,2020-04-20,17,32.61,4.98,-0.162,43.7,2104.0,6
Bhubaneswar,2020-04-27,18,29.81,6.02,-0.149,44.5,2105.2,6
Bhubaneswar,2020-05-04,19,30.81,8.64,-0.163,45.3,2105.2,6
Bhubaneswar,2020-05-11,20,29.67,10.71,-0.113,46.2,2106.7,7
Bhubaneswar,2020-05-18,21,32.28,8.77,-0.121,47.1,2107.0,7
Bhubaneswar,2020-05-25,22,33.42,10.93,-0.086,48.1,2113.0,8
Bhubaneswar,2020-06-01,23,34.26,16.47,-0.055,49.1,2101.7,8
Bhubaneswar,2020-06-08,24,34.29,16.21,-0.059,50.1,2113.8,8
Bhubaneswar,2020-06-15,25,31.13,12.27,-0.027,51.1,2099.9,9
Bhubaneswar,2020-06-22,26,33.78,19.5,-0.021,52.0,2103.5,11
Bhubaneswar,2020-06-29,27,31.51,20.64,0.008,52.9,2112.2,11
Bhubaneswar,2020-07-06,28,32.99,26.62,0.055,53.6,2101.4,11
Bhubaneswar,2020-07-13,29,31.35,27.23,0.052,54.2,2105.2,10
Bhubaneswar,2020-07-20,30,29.16,16.82,-0.026,54.6,2110.7,12
Bhubaneswar,2020-07-27,31,30.12,26.08,-0.015,54.9,2101.5,12
Bhubaneswar,2020-08-03,32,28.61,23.46,-0.0,55.0,2104.9,16
Bhubaneswar,2020-08-10,33,28.0,30.11,0.057,54.9,2101.8,16
Bhubaneswar,2020-08-17,34,25.9,18.98,0.009,54.6,2117.9,14
Bhubaneswar,2020-08-24,35,28.08,18.28,0.037,54.2,2109.8,12
Bhubaneswar,2020-08-31,36,26.28,16.89,-0.048,53.6,2109.5,12
Bhubaneswar,2020-09-07,37,25.48,8.95,-0.069,52.9,2113.6,13
Bhubaneswar,2020-09-14,38,25.62,14.01,-0.074,52.0,2113.1,13
Bhubaneswar,2020-09-21,39,24.95,5.61,-0.091,51.1,2107.4,11
Bhubaneswar,2020-09-28,40,24.95,9.95,-0.125,50.1,2116.4,11
Bhubaneswar,2020-10-05,41,21.6,3.3,-0.22,49.1,2109.5,10
Bhubaneswar,2020-10-12,42,24.63,6.82,-0.183,48.1,2106.6,8
Bhubaneswar,2020-10-19,43,23.12,2.11,-0.155,47.1,2100.0,8
Bhubaneswar,2020-10-26,44,21.41,3.11,-0.124,46.2,2110.3,9
Bhubaneswar,2020-11-02,45,21.23,4.59,-0.167,45.3,2101.8,7
Bhubaneswar,2020-11-09,46,20.99,1.99,-0.18,44.5,2103.6,5
Bhubaneswar,2020-11-16,47,20.91,3.46,-0.161,43.7,2106.3,6
Bhubaneswar,2020-11-23,48,22.25,0.0,-0.225,43.1,2114.1,5
Bhubaneswar,2020-11-30,49,22.19,0.0,-0.189,42.5,2100.2,5
Bhubaneswar,2020-12-07,50,20.01,0.0,-0.179,42.0,2113.0,6
Bhubaneswar,2020-12-14,51,22.23,0.0,-0.199,41.6,2105.3,3
Bhubaneswar,2020-12-21,52,20.7,0.0,-0.186,41.3,2116.6,5
Bhubaneswar,2020-12-28,53,21.62,4.7,-0.181,41.0,2103.3,5
Bhubaneswar,2021-01-04,1,20.58,0.0,-0.159,40.0,2114.0,4
Bhubaneswar,2021-01-11,2,22.63,0.46,-0.176,40.1,2111.1,4
Bhubaneswar,2021-01-18,3,23.03,3.82,-0.218,40.1,2101.5,3
Bhubaneswar,2021-01-25,4,23.6,3.64,-0.215,40.1,2120.6,5
Bhubaneswar,2021-02-01,5,25.2,0.0,-0.191,40.2,2112.7,4
Bhubaneswar,2021-02-08,6,24.09,0.0,-0.184,40.2,2106.1,3
Bhubaneswar,2021-02-15,7,25.39,0.0,-0.181,40.3,2111.9,3
Bhubaneswar,2021-02-22,8,24.28,0.0,-0.207,40.4,2105.0,3
Bhubaneswar,2021-03-01,9,26.71,0.77,-0.184,40.6,2110.4,3
Bhubaneswar,2021-03-08,10,26.5,1.42,-0.15,40.8,2102.5,3
Bhubaneswar,2021-03-15,11,25.86,1.78,-0.157,41.0,2102.2,4
Bhubaneswar,2021-03-22,12,29.82,0.88,-0.156,41.3,2105.0,4
Bhubaneswar,2021-03-29,13,29.17,12.33,-0.113,41.6,2110.4,3
Bhubaneswar,2021-04-05,14,29.28,0.0,-0.143,42.0,2112.1,4
Bhubaneswar,2021-04-12,15,30.78,1.21,-0.186,42.5,2115.0,4
Bhubaneswar,2021-04-19,16,30.3,4.14,-0.118,43.1,2109.4,6
Bhubaneswar,2021-04-26,17,29.69,6.09,-0.194,43.7,2108.5,6
Bhubaneswar,2021-05-03,18,33.33,4.46,-0.225,44.5,2095.0,7
Bhubaneswar,2021-05-10,19,31.14,7.36,-0.116,45.3,2105.0,7
Bhubaneswar,2021-05-17,20,31.88,2.17,-0.14,46.2,2106.4,7
Bhubaneswar,2021-05-24,21,34.26,8.08,-0.125,47.1,2110.5,8
Bhubaneswar,2021-05-31,22,32.48,15.14,-0.074,48.1,2110.9,9
Bhubaneswar,2021-06-07,23,35.41,24.91,0.021,49.1,2111.7,9
Bhubaneswar,2021-06-14,24,33.31,12.85,-0.056,50.1,2113.2,8
Bhubaneswar,2021-06-21,25,31.85,20.74,-0.086,51.1,2120.3,10
Bhubaneswar,2021-06-28,26,33.6,22.58,0.001,52.0,2114.0,10
Bhubaneswar,2021-07-05,27,31.85,18.97,-0.029,52.9,2110.2,13
Bhubaneswar,2021-07-12,28,33.53,24.09,0.005,53.6,2116.1,12
Bhubaneswar,2021-07-19,29,30.05,27.38,-0.018,54.2,2111.9,10
Bhubaneswar,2021-07-26,30,29.71,23.99,-0.024,54.6,2117.2,11
Bhubaneswar,2021-08-02,31,30.85,20.21,-0.022,54.9,2110.4,12
Bhubaneswar,2021-08-09,32,29.67,24.17,-0.01,55.0,2106.3,14
Bhubaneswar,2021-08-16,33,29.81,18.42,-0.035,54.9,2106.1,12
Bhubaneswar,2021-08-23,34,30.33,21.4,-0.041,54.6,2112.2,10
Bhubaneswar,2021-08-30,35,28.47,23.66,0.006,54.2,2109.1,10
Bhubaneswar,2021-09-06,36,27.14,16.33,-0.05,53.6,2103.7,10
Bhubaneswar,2021-09-13,37,27.46,18.04,0.001,52.9,2110.4,13
Bhubaneswar,2021-09-20,38,25.08,18.38,-0.026,52.0,2112.4,13
Bhubaneswar,2021-09-27,39,25.29,12.2,-0.153,51.1,2111.7,11
Bhubaneswar,2021-10-04,40,26.81,5.91,-0.077,50.1,2111.8,10
Bhubaneswar,2021-10-11,41,24.84,12.43,-0.131,49.1,2105.4,9
Bhubaneswar,2021-10-18,42,22.96,6.57,-0.137,48.1,2104.3,9
Bhubaneswar,2021-10-25,43,20.41,4.56,-0.123,47.1,2114.4,9
Bhubaneswar,2021-11-01,44,21.25,8.26,-0.123,46.2,2110.4,7
Bhubaneswar,2021-11-08,45,21.59,7.24,-0.143,45.3,2115.8,7
Bhubaneswar,2021-11-15,46,20.19,5.4,-0.133,44.5,2098.8,5
Bhubaneswar,2021-11-22,47,21.95,0.0,-0.168,43.7,2109.1,7
Bhubaneswar,2021-11-29,48,20.35,0.0,-0.196,43.1,2110.6,4
Bhubaneswar,2021-12-06,49,22.69,3.02,-0.189,42.5,2118.6,5
Bhubaneswar,2021-12-13,50,18.22,0.0,-0.219,42.0,2113.9,4
Bhubaneswar,2021-12-20,51,21.69,3.97,-0.114,41.6,2112.0,5
Bhubaneswar,2021-12-27,52,22.57,5.98,-0.194,41.3,2118.6,4
Bhubaneswar,2022-01-03,1,20.7,0.17,-0.175,40.0,2112.8,4
Bhubaneswar,2022-01-10,2,21.85,3.35,-0.201,40.1,2113.3,3
Bhubaneswar,2022-01-17,3,24.5,0.0,-0.175,40.1,2106.7,3
Bhubaneswar,2022-01-24,4,24.21,5.45,-0.216,40.1,2110.9,4
Bhubaneswar,2022-01-31,5,24.48,0.0,-0.16,40.2,2107.0,2
Bhubaneswar,2022-02-07,6,23.86,0.0,-0.197,40.2,2114.5,5
Bhubaneswar,2022-02-14,7,23.16,2.37,-0.237,40.3,2113.7,4
Bhubaneswar,2022-02-21,8,26.27,6.31,-0.137,40.4,2109.6,3
Bhubaneswar,2022-02-28,9,27.02,0.0,-0.201,40.6,2122.6,2
Bhubaneswar,2022-03-07,10,26.73,0.0,-0.192,40.8,2114.7,3
Bhubaneswar,2022-03-14,11,25.88,0.0,-0.203,41.0,2105.2,2
Bhubaneswar,2022-03-21,12,27.53,6.69,-0.133,41.3,2108.8,5
Bhubaneswar,2022-03-28,13,29.4,1.67,-0.205,41.6,2112.4,4
Bhubaneswar,2022-04-04,14,28.87,0.0,-0.238,42.0,2110.6,5
Bhubaneswar,2022-04-11,15,32.3,0.0,-0.167,42.5,2107.4,5
Bhubaneswar,2022-04-18,16,30.93,2.23,-0.169,43.1,2113.6,5
Bhubaneswar,2022-04-25,17,32.52,5.63,-0.165,43.7,2107.6,5
Bhubaneswar,2022-05-02,18,32.1,6.03,-0.151,44.5,2118.4,6
Bhubaneswar,2022-05-09,19,33.7,6.65,-0.124,45.3,2110.8,7
Bhubaneswar,2022-05-16,20,32.74,4.14,-0.207,46.2,2111.0,9
Bhubaneswar,2022-05-23,21,35.13,6.53,-0.091,47.1,2120.3,8
Bhubaneswar,2022-05-30,22,31.54,15.9,-0.107,48.1,2111.8,10
Bhubaneswar,2022-06-06,23,34.01,12.22,-0.079,49.1,2123.3,9
Bhubaneswar,2022-06-13,24,31.79,16.34,-0.084,50.1,2115.5,10
Bhubaneswar,2022-06-20,25,33.44,21.0,0.037,51.1,2114.6,10
Bhubaneswar,2022-06-27,26,32.5,17.07,-0.016,52.0,2117.3,11
Bhubaneswar,2022-07-04,27,32.3,15.87,-0.063,52.9,2121.1,11
Bhubaneswar,2022-07-11,28,31.5,20.61,-0.064,53.6,2119.9,11
Bhubaneswar,2022-07-18,29,30.8,26.01,0.038,54.2,2110.6,14
Bhubaneswar,2022-07-25,30,30.34,26.79,0.037,54.6,2108.3,31
Bhubaneswar,2022-08-01,31,30.04,19.61,-0.046,54.9,2116.8,13
Bhubaneswar,2022-08-08,32,30.31,26.66,-0.008,55.0,2125.5,11
Bhubaneswar,2022-08-15,33,30.8,26.53,0.023,54.9,2106.6,14
Bhubaneswar,2022-08-22,34,28.53,24.18,-0.003,54.6,2120.1,16
Bhubaneswar,2022-08-29,35,27.72,21.25,-0.035,54.2,2109.5,13
Bhubaneswar,2022-09-05,36,26.8,15.88,-0.022,53.6,2128.4,11
Bhubaneswar,2022-09-12,37,26.65,23.11,0.004,52.9,2112.1,11
Bhubaneswar,2022-09-19,38,23.86,11.53,-0.098,52.0,2110.4,13
Bhubaneswar,2022-09-26,39,25.07,16.43,-0.012,51.1,2109.9,11
Bhubaneswar,2022-10-03,40,21.69,3.54,-0.147,50.1,2118.4,10
Bhubaneswar,2022-10-10,41,23.17,7.7,-0.172,49.1,2117.1,9
Bhubaneswar,2022-10-17,42,23.26,3.14,-0.124,48.1,2116.5,8
Bhubaneswar,2022-10-24,43,21.85,0.41,-0.177,47.1,2109.1,7
Bhubaneswar,2022-10-31,44,22.72,12.14,-0.161,46.2,2107.4,7
Bhubaneswar,2022-11-07,45,21.93,4.18,-0.095,45.3,2105.6,7
Bhubaneswar,2022-11-14,46,21.32,0.46,-0.191,44.5,2124.1,5
Bhubaneswar,2022-11-21,47,20.57,0.0,-0.199,43.7,2122.9,6
Bhubaneswar,2022-11-28,48,20.92,6.28,-0.167,43.1,2113.3,6
Bhubaneswar,2022-12-05,49,21.55,0.0,-0.163,42.5,2117.1,4
Bhubaneswar,2022-12-12,50,20.43,0.0,-0.188,42.0,2109.0,5
Bhubaneswar,2022-12-19,51,22.47,0.0,-0.215,41.6,2123.2,4
Bhubaneswar,2022-12-26,52,20.25,0.0,-0.281,41.3,2124.0,5
Bhubaneswar,2023-01-02,1,20.34,4.95,-0.161,40.0,2122.2,6
Bhubaneswar,2023-01-09,2,20.65,0.0,-0.189,40.1,2118.5,4
Bhubaneswar,2023-01-16,3,22.89,0.0,-0.177,40.1,2108.1,5
Bhubaneswar,2023-01-23,4,23.4,4.06,-0.175,40.1,2117.1,3
Bhubaneswar,2023-01-30,5,24.64,0.0,-0.164,40.2,2119.7,2
Bhubaneswar,2023-02-06,6,24.96,6.7,-0.227,40.2,2121.9,3
Bhubaneswar,2023-02-13,7,22.6,4.25,-0.172,40.3,2113.8,3
Bhubaneswar,2023-02-20,8,26.08,1.59,-0.178,40.4,2108.0,3
Bhubaneswar,2023-02-27,9,28.19,3.34,-0.148,40.6,2115.1,3
Bhubaneswar,2023-03-06,10,28.09,0.0,-0.197,40.8,2119.2,4
Bhubaneswar,2023-03-13,11,28.24,0.0,-0.235,41.0,2115.3,4
Bhubaneswar,2023-03-20,12,28.24,0.0,-0.206,41.3,2126.8,4
Bhubaneswar,2023-03-27,13,31.05,5.87,-0.182,41.6,2114.1,4
Bhubaneswar,2023-04-03,14,29.74,2.53,-0.145,42.0,2120.7,6
Bhubaneswar,2023-04-10,15,32.88,10.36,-0.124,42.5,2117.9,5
Bhubaneswar,2023-04-17,16,31.39,2.75,-0.156,43.1,2116.8,6
Bhubaneswar,2023-04-24,17,33.95,0.44,-0.145,43.7,2108.5,6
Bhubaneswar,2023-05-01,18,31.84,4.75,-0.203,44.5,2125.6,7
Bhubaneswar,2023-05-08,19,34.48,3.83,-0.161,45.3,2109.6,8
Bhubaneswar,2023-05-15,20,32.66,13.29,-0.114,46.2,2119.5,7
Bhubaneswar,2023-05-22,21,33.0,4.01,-0.125,47.1,2120.1,9
Bhubaneswar,2023-05-29,22,31.93,13.1,-0.133,48.1,2114.6,10
Bhubaneswar,2023-06-05,23,33.84,16.59,-0.071,49.1,2118.3,10
Bhubaneswar,2023-06-12,24,32.91,20.47,0.02,50.1,2111.6,10
Bhubaneswar,2023-06-19,25,31.23,19.52,-0.035,51.1,2115.9,12
Bhubaneswar,2023-06-26,26,33.1,22.71,0.021,52.0,2122.7,11
Bhubaneswar,2023-07-03,27,31.63,24.96,-0.008,52.9,2118.2,11
Bhubaneswar,2023-07-10,28,34.18,25.91,-0.007,53.6,2120.1,13
Bhubaneswar,2023-07-17,29,30.03,26.07,-0.004,54.2,2119.9,12
Bhubaneswar,2023-07-24,30,29.87,29.42,0.051,54.6,2117.8,12
Bhubaneswar,2023-07-31,31,30.63,27.75,0.054,54.9,2115.0,13
Bhubaneswar,2023-08-07,32,29.46,22.68,0.005,55.0,2120.3,13
Bhubaneswar,2023-08-14,33,28.57,20.4,-0.028,54.9,2128.7,12
Bhubaneswar,2023-08-21,34,28.59,18.14,-0.053,54.6,2117.0,14
Bhubaneswar,2023-08-28,35,27.14,24.85,-0.009,54.2,2115.0,16
Bhubaneswar,2023-09-04,36,27.23,18.44,0.066,53.6,2124.0,15
Bhubaneswar,2023-09-11,37,26.91,11.37,-0.036,52.9,2125.1,12
Bhubaneswar,2023-09-18,38,26.2,13.22,-0.042,52.0,2115.9,11
Bhubaneswar,2023-09-25,39,24.05,8.4,-0.045,51.1,2120.1,10
Bhubaneswar,2023-10-02,40,23.13,9.64,-0.107,50.1,2127.5,12
Bhubaneswar,2023-10-09,41,25.27,9.02,-0.107,49.1,2124.0,13
Bhubaneswar,2023-10-16,42,24.01,4.86,-0.112,48.1,2122.7,9
Bhubaneswar,2023-10-23,43,20.55,9.16,-0.091,47.1,2114.9,7
Bhubaneswar,2023-10-30,44,22.16,0.0,-0.181,46.2,2115.9,8
Bhubaneswar,2023-11-06,45,23.42,3.37,-0.222,45.3,2123.8,7
Bhubaneswar,2023-11-13,46,20.3,2.68,-0.161,44.5,2112.2,6
Bhubaneswar,2023-11-20,47,21.43,0.0,-0.155,43.7,2119.3,7
Bhubaneswar,2023-11-27,48,21.39,1.91,-0.232,43.1,2120.9,6
Bhubaneswar,2023-12-04,49,20.09,0.0,-0.227,42.5,2116.2,6
Bhubaneswar,2023-12-11,50,22.53,0.0,-0.127,42.0,2125.3,4
Bhubaneswar,2023-12-18,51,20.63,2.44,-0.224,41.6,2125.8,4
Bhubaneswar,2023-12-25,52,19.82,5.01,-0.154,41.3,2130.7,4
